agent_name,window_start,window_event_count,unique_process_image_count,unique_destination_ip_count,unique_target_filename_count,target,source_period,process_create_count,network_connect_count,process_terminate_count,driver_load_count,image_load_count,remote_thread_count,process_access_count,file_create_count,registry_event_count,wmi_event_count,dns_query_count,file_delete_count,process_tampering_count,powershell_count,shell_count,script_engine_count,user_writable_path_count,registry_persistence_count,external_destination_count,unique_parent_child_pair_count,unique_destination_port_count,inter_event_time_mean,inter_event_time_std,process_create_rate,network_connect_rate,process_terminate_rate,driver_load_rate,image_load_rate,remote_thread_rate,process_access_rate,file_create_rate,registry_event_rate,wmi_event_rate,dns_query_rate,file_delete_rate,process_tampering_rate,powershell_rate,shell_rate,script_engine_rate,user_writable_path_rate,registry_persistence_rate,external_destination_rate,event_burstiness,hour_sin,hour_cos
DESKTOP-DS4FBF4,2024-10-29 18:20:00+00:00,400,1,0,0,1,28-October-01-November.csv,0,0,0,0,0,0,0,0,0,0,0,0,0,0,0,0,0,0,0,1,0,0.19719548872180453,1.8166502919649068,0.0,0.0,0.0,0.0,0.0,0.0,0.0,0.0,0.0,0.0,0.0,0.0,0.0,0.0,0.0,0.0,0.0,0.0,0.0,9.212433325631318,-1.0,-1.8369701987210297e-16
DESKTOP-DS4FBF4,2024-10-29 18:30:00+00:00,2,1,0,0,1,28-October-01-November.csv,0,0,0,0,0,0,0,0,0,0,0,0,0,0,0,0,0,0,0,1,0,241.8885,242.16215224617574,0.0,0.0,0.0,0.0,0.0,0.0,0.0,0.0,0.0,0.0,0.0,0.0,0.0,0.0,0.0,0.0,0.0,0.0,0.0,1.0011313156523594,-1.0,-1.8369701987210297e-16
DESKTOP-DS4FBF4,2024-10-29 18:40:00+00:00,29,3,0,0,1,28-October-01-November.csv,26,0,0,0,0,0,0,0,0,0,0,0,0,0,0,0,0,0,0,3,0,16.356620689655173,74.39597759835723,0.08666666666666667,0.0,0.0,0.0,0.0,0.0,0.0,0.0,0.0,0.0,0.0,0.0,0.0,0.0,0.0,0.0,0.0,0.0,0.0,4.548370901906978,-1.0,-1.8369701987210297e-16
DESKTOP-DS4FBF4,2024-10-29 18:45:00+00:00,3,3,0,0,1,28-October-01-November.csv,0,0,0,0,2,0,0,0,0,0,0,0,0,0,0,0,0,0,0,3,0,78.79666666666667,78.16276387342847,0.0,0.0,0.0,0.0,0.006666666666666667,0.0,0.0,0.0,0.0,0.0,0.0,0.0,0.0,0.0,0.0,0.0,0.0,0.0,0.0,0.9919552080049301,-1.0,-1.8369701987210297e-16
DESKTOP-DS4FBF4,2024-10-29 19:05:00+00:00,3,2,0,0,1,28-October-01-November.csv,0,0,0,0,1,0,0,0,0,0,0,0,0,0,0,0,0,0,0,2,0,179.615,224.77259529800338,0.0,0.0,0.0,0.0,0.0033333333333333335,0.0,0.0,0.0,0.0,0.0,0.0,0.0,0.0,0.0,0.0,0.0,0.0,0.0,0.0,1.2514132744926836,-0.9659258262890684,0.2588190451025203
DESKTOP-DS4FBF4,2024-11-05 10:35:00+00:00,137,15,1,1,1,1-11-November.csv,52,0,0,0,12,0,1,0,4,0,0,0,0,0,0,0,0,4,137,15,0,4177.244445255474,48878.38778575728,0.17333333333333334,0.0,0.0,0.0,0.04,0.0,0.0033333333333333335,0.0,0.013333333333333334,0.0,0.0,0.0,0.0,0.0,0.0,0.0,0.0,0.013333333333333334,0.45666666666666667,11.701107853832566,0.49999999999999994,-0.8660254037844387
DESKTOP-DS4FBF4,2024-11-05 10:40:00+00:00,56,7,1,1,1,1-11-November.csv,1,0,0,0,11,0,1,0,0,0,0,0,0,1,0,0,0,0,56,7,0,5.204232142857143,10.405490762077267,0.0033333333333333335,0.0,0.0,0.0,0.03666666666666667,0.0,0.0033333333333333335,0.0,0.0,0.0,0.0,0.0,0.0,0.0033333333333333335,0.0,0.0,0.0,0.0,0.18666666666666668,1.999428633551426,0.49999999999999994,-0.8660254037844387
DESKTOP-DS4FBF4,2024-11-05 10:45:00+00:00,8,4,1,1,1,1-11-November.csv,5,0,0,0,1,0,0,0,0,0,0,0,0,0,0,0,0,0,8,4,0,32.460625,49.13759312943168,0.016666666666666666,0.0,0.0,0.0,0.0033333333333333335,0.0,0.0,0.0,0.0,0.0,0.0,0.0,0.0,0.0,0.0,0.0,0.0,0.0,0.02666666666666667,1.513759920809648,0.49999999999999994,-0.8660254037844387
DESKTOP-DS4FBF4,2024-11-05 10:50:00+00:00,46,14,1,1,1,1-11-November.csv,17,0,0,0,9,0,0,0,1,0,0,0,0,1,0,0,0,1,46,15,0,7.55,14.642270221671378,0.056666666666666664,0.0,0.0,0.0,0.03,0.0,0.0,0.0,0.0033333333333333335,0.0,0.0,0.0,0.0,0.0033333333333333335,0.0,0.0,0.0,0.0033333333333333335,0.15333333333333332,1.9393735392942224,0.49999999999999994,-0.8660254037844387
DESKTOP-DS4FBF4,2024-11-05 10:55:00+00:00,7,5,1,1,1,1-11-November.csv,4,0,0,0,1,0,0,0,0,0,0,0,0,0,3,0,0,0,7,6,0,44.433,68.69569432650054,0.013333333333333334,0.0,0.0,0.0,0.0033333333333333335,0.0,0.0,0.0,0.0,0.0,0.0,0.0,0.0,0.0,0.01,0.0,0.0,0.0,0.023333333333333334,1.5460512305381258,0.49999999999999994,-0.8660254037844387
DESKTOP-DS4FBF4,2024-11-05 11:00:00+00:00,13,6,1,1,1,1-11-November.csv,4,0,0,0,3,0,0,0,0,0,0,0,0,2,1,0,0,0,13,7,0,22.83376923076923,30.840876574101692,0.013333333333333334,0.0,0.0,0.0,0.01,0.0,0.0,0.0,0.0,0.0,0.0,0.0,0.0,0.006666666666666667,0.0033333333333333335,0.0,0.0,0.0,0.043333333333333335,1.3506695395932542,0.258819045102521,-0.9659258262890682
DESKTOP-DS4FBF4,2024-11-05 11:05:00+00:00,11,5,1,1,1,1-11-November.csv,4,0,0,0,1,0,1,0,0,0,0,0,0,0,0,0,0,0,11,5,0,26.205636363636362,33.535876458720224,0.013333333333333334,0.0,0.0,0.0,0.0033333333333333335,0.0,0.0033333333333333335,0.0,0.0,0.0,0.0,0.0,0.0,0.0,0.0,0.0,0.0,0.0,0.03666666666666667,1.279719980593774,0.258819045102521,-0.9659258262890682
DESKTOP-DS4FBF4,2024-11-05 11:10:00+00:00,5,3,1,1,1,1-11-November.csv,1,0,0,0,1,0,0,0,0,0,0,0,0,0,0,0,0,0,5,3,0,58.6746,54.71592488298082,0.0033333333333333335,0.0,0.0,0.0,0.0033333333333333335,0.0,0.0,0.0,0.0,0.0,0.0,0.0,0.0,0.0,0.0,0.0,0.0,0.0,0.016666666666666666,0.9325317067859146,0.258819045102521,-0.9659258262890682
DESKTOP-DS4FBF4,2024-11-05 11:20:00+00:00,2,2,1,1,1,1-11-November.csv,0,0,0,0,1,0,0,0,0,0,0,0,0,0,0,0,0,0,2,2,0,145.44750000000002,205.630187502954,0.0,0.0,0.0,0.0,0.0033333333333333335,0.0,0.0,0.0,0.0,0.0,0.0,0.0,0.0,0.0,0.0,0.0,0.0,0.0,0.006666666666666667,1.4137760188587218,0.258819045102521,-0.9659258262890682
DESKTOP-DS4FBF4,2024-11-05 11:45:00+00:00,6,4,1,1,1,1-11-November.csv,0,0,0,0,3,0,0,0,0,0,0,0,0,0,0,0,0,0,6,4,0,97.25450000000001,148.3331014665978,0.0,0.0,0.0,0.0,0.01,0.0,0.0,0.0,0.0,0.0,0.0,0.0,0.0,0.0,0.0,0.0,0.0,0.0,0.02,1.525205532562481,0.258819045102521,-0.9659258262890682
DESKTOP-DS4FBF4,2024-11-05 12:00:00+00:00,2,2,1,1,1,1-11-November.csv,0,0,0,0,1,0,0,0,0,0,0,0,0,0,0,0,0,0,2,2,0,145.6045,205.7390819472567,0.0,0.0,0.0,0.0,0.0033333333333333335,0.0,0.0,0.0,0.0,0.0,0.0,0.0,0.0,0.0,0.0,0.0,0.0,0.0,0.006666666666666667,1.4129994742419134,1.2246467991473532e-16,-1.0
DESKTOP-DS4FBF4,2024-11-05 12:35:00+00:00,3,2,1,1,1,1-11-November.csv,0,0,0,0,1,0,1,0,0,0,0,0,0,0,0,0,0,0,3,2,0,147.20133333333334,210.89011052283448,0.0,0.0,0.0,0.0,0.0033333333333333335,0.0,0.0033333333333333335,0.0,0.0,0.0,0.0,0.0,0.0,0.0,0.0,0.0,0.0,0.0,0.01,1.4326644042366088,1.2246467991473532e-16,-1.0
DESKTOP-DS4FBF4,2024-11-05 12:50:00+00:00,1,1,1,1,1,1-11-November.csv,0,0,0,0,0,0,0,0,0,0,0,0,0,0,0,0,0,0,1,1,0,868.258,,0.0,0.0,0.0,0.0,0.0,0.0,0.0,0.0,0.0,0.0,0.0,0.0,0.0,0.0,0.0,0.0,0.0,0.0,0.0033333333333333335,0.0,1.2246467991473532e-16,-1.0
DESKTOP-DS4FBF4,2024-11-05 12:55:00+00:00,18,8,1,1,1,1-11-November.csv,2,0,0,0,6,0,0,0,0,0,0,0,0,0,1,0,0,0,18,8,0,20.636222222222223,54.7694586077223,0.006666666666666667,0.0,0.0,0.0,0.02,0.0,0.0,0.0,0.0,0.0,0.0,0.0,0.0,0.0,0.0033333333333333335,0.0,0.0,0.0,0.06,2.6540448158550807,1.2246467991473532e-16,-1.0
DESKTOP-DS4FBF4,2024-11-05 13:00:00+00:00,10,2,1,1,1,1-11-November.csv,0,0,0,0,1,0,0,0,0,0,0,0,0,0,0,0,0,0,10,2,0,34.0553,101.60498999343814,0.0,0.0,0.0,0.0,0.0033333333333333335,0.0,0.0,0.0,0.0,0.0,0.0,0.0,0.0,0.0,0.0,0.0,0.0,0.0,0.03333333333333333,2.983529435754145,-0.2588190451025208,-0.9659258262890683
DESKTOP-DS4FBF4,2024-11-05 13:05:00+00:00,7,4,1,1,1,1-11-November.csv,0,0,0,0,3,0,1,0,0,0,0,0,0,0,0,0,0,0,7,4,0,32.312571428571424,60.20674051094595,0.0,0.0,0.0,0.0,0.01,0.0,0.0033333333333333335,0.0,0.0,0.0,0.0,0.0,0.0,0.0,0.0,0.0,0.0,0.0,0.023333333333333334,1.863260577822969,-0.2588190451025208,-0.9659258262890683
DESKTOP-DS4FBF4,2024-11-05 13:10:00+00:00,4,2,1,1,1,1-11-November.csv,0,0,0,0,1,0,1,0,0,0,0,0,0,0,0,0,0,0,4,2,0,103.92,123.52348984977178,0.0,0.0,0.0,0.0,0.0033333333333333335,0.0,0.0033333333333333335,0.0,0.0,0.0,0.0,0.0,0.0,0.0,0.0,0.0,0.0,0.0,0.013333333333333334,1.1886402025574652,-0.2588190451025208,-0.9659258262890683
DESKTOP-DS4FBF4,2024-11-05 13:20:00+00:00,6,2,1,1,1,1-11-November.csv,0,0,0,0,1,0,0,0,0,0,0,0,0,0,0,0,0,0,6,2,0,46.108,64.61634515507666,0.0,0.0,0.0,0.0,0.0033333333333333335,0.0,0.0,0.0,0.0,0.0,0.0,0.0,0.0,0.0,0.0,0.0,0.0,0.0,0.02,1.4014128818226048,-0.2588190451025208,-0.9659258262890683
DESKTOP-DS4FBF4,2024-11-05 13:30:00+00:00,12,6,1,1,1,1-11-November.csv,7,0,0,0,1,0,0,0,1,0,0,0,0,2,0,0,0,1,12,6,0,25.057166666666664,28.255123431893107,0.023333333333333334,0.0,0.0,0.0,0.0033333333333333335,0.0,0.0,0.0,0.0033333333333333335,0.0,0.0,0.0,0.0,0.006666666666666667,0.0,0.0,0.0,0.0033333333333333335,0.04,1.1276264315023556,-0.2588190451025208,-0.9659258262890683
DESKTOP-DS4FBF4,2024-11-05 13:35:00+00:00,14,6,1,1,1,1-11-November.csv,6,0,0,0,0,0,1,0,1,0,0,0,0,1,0,0,0,1,14,6,0,15.498214285714285,22.245718330219695,0.02,0.0,0.0,0.0,0.0,0.0,0.0033333333333333335,0.0,0.0033333333333333335,0.0,0.0,0.0,0.0,0.0033333333333333335,0.0,0.0,0.0,0.0033333333333333335,0.04666666666666667,1.43537299976069,-0.2588190451025208,-0.9659258262890683
DESKTOP-DS4FBF4,2024-11-05 13:40:00+00:00,99,7,1,1,1,1-11-November.csv,6,0,0,0,7,0,67,0,1,0,0,0,0,2,0,0,0,1,99,7,0,3.7533232323232326,12.09652478752766,0.02,0.0,0.0,0.0,0.023333333333333334,0.0,0.22333333333333333,0.0,0.0033333333333333335,0.0,0.0,0.0,0.0,0.006666666666666667,0.0,0.0,0.0,0.0033333333333333335,0.33,3.2228838388747434,-0.2588190451025208,-0.9659258262890683
DESKTOP-DS4FBF4,2024-11-05 13:50:00+00:00,18,5,1,1,1,1-11-November.csv,5,0,0,0,1,0,1,0,0,0,0,0,0,0,1,0,0,0,18,6,0,23.732833333333332,46.02641262074738,0.016666666666666666,0.0,0.0,0.0,0.0033333333333333335,0.0,0.0033333333333333335,0.0,0.0,0.0,0.0,0.0,0.0,0.0,0.0033333333333333335,0.0,0.0,0.0,0.06,1.9393559957336481,-0.2588190451025208,-0.9659258262890683
DESKTOP-DS4FBF4,2024-11-05 13:55:00+00:00,22,8,1,1,1,1-11-November.csv,17,0,0,0,1,0,0,0,0,0,0,0,0,0,0,0,0,0,22,8,0,13.56390909090909,27.31128551299434,0.056666666666666664,0.0,0.0,0.0,0.0033333333333333335,0.0,0.0,0.0,0.0,0.0,0.0,0.0,0.0,0.0,0.0,0.0,0.0,0.0,0.07333333333333333,2.0135261398426154,-0.2588190451025208,-0.9659258262890683
DESKTOP-DS4FBF4,2024-11-05 14:00:00+00:00,12,5,1,1,1,1-11-November.csv,9,0,0,0,1,0,0,0,0,0,0,0,0,0,0,0,0,0,12,5,0,24.291083333333333,26.609459580649933,0.03,0.0,0.0,0.0,0.0033333333333333335,0.0,0.0,0.0,0.0,0.0,0.0,0.0,0.0,0.0,0.0,0.0,0.0,0.0,0.04,1.095441451313751,-0.4999999999999997,-0.8660254037844388
DESKTOP-DS4FBF4,2024-11-05 14:05:00+00:00,38,10,1,1,1,1-11-November.csv,16,0,0,0,1,0,1,0,1,0,0,0,0,5,0,0,0,1,38,11,0,8.111684210526317,16.120280176804087,0.05333333333333334,0.0,0.0,0.0,0.0033333333333333335,0.0,0.0033333333333333335,0.0,0.0033333333333333335,0.0,0.0,0.0,0.0,0.016666666666666666,0.0,0.0,0.0,0.0033333333333333335,0.12666666666666668,1.9872913883759464,-0.4999999999999997,-0.8660254037844388
DESKTOP-DS4FBF4,2024-11-05 14:10:00+00:00,53,9,1,1,1,1-11-November.csv,10,0,0,0,2,0,35,0,1,0,0,0,0,2,2,0,0,1,53,9,0,5.621962264150944,14.225802309349813,0.03333333333333333,0.0,0.0,0.0,0.006666666666666667,0.0,0.11666666666666667,0.0,0.0033333333333333335,0.0,0.0,0.0,0.0,0.006666666666666667,0.006666666666666667,0.0,0.0,0.0033333333333333335,0.17666666666666667,2.5303980427016017,-0.4999999999999997,-0.8660254037844388
DESKTOP-DS4FBF4,2024-11-05 14:25:00+00:00,3,3,1,1,1,1-11-November.csv,2,0,0,0,0,0,0,0,0,0,0,0,0,0,0,0,0,0,3,3,0,46.02266666666667,55.06541827983634,0.006666666666666667,0.0,0.0,0.0,0.0,0.0,0.0,0.0,0.0,0.0,0.0,0.0,0.0,0.0,0.0,0.0,0.0,0.0,0.01,1.1964847382413666,-0.4999999999999997,-0.8660254037844388
DESKTOP-DS4FBF4,2024-11-05 17:55:00+00:00,27,10,1,1,1,1-11-November.csv,3,0,0,0,9,0,1,0,0,0,0,0,0,0,2,0,0,0,27,11,0,438.3574814814815,2261.81584082479,0.01,0.0,0.0,0.0,0.03,0.0,0.0033333333333333335,0.0,0.0,0.0,0.0,0.0,0.0,0.0,0.006666666666666667,0.0,0.0,0.0,0.09,5.159751883738161,-0.9659258262890683,-0.25881904510252063
DESKTOP-DS4FBF4,2024-11-05 18:10:00+00:00,2,2,1,1,1,1-11-November.csv,0,0,0,0,1,0,0,0,0,0,0,0,0,0,0,0,0,0,2,2,0,274.1305,387.6564435431198,0.0,0.0,0.0,0.0,0.0033333333333333335,0.0,0.0,0.0,0.0,0.0,0.0,0.0,0.0,0.0,0.0,0.0,0.0,0.0,0.006666666666666667,1.4141310198723593,-1.0,-1.8369701987210297e-16
DESKTOP-DS4FBF4,2024-11-05 18:15:00+00:00,11,4,1,1,1,1-11-November.csv,3,0,0,0,1,0,0,0,0,0,0,0,0,1,0,0,0,0,11,4,0,51.62127272727273,157.16902518441154,0.01,0.0,0.0,0.0,0.0033333333333333335,0.0,0.0,0.0,0.0,0.0,0.0,0.0,0.0,0.0033333333333333335,0.0,0.0,0.0,0.0,0.03666666666666667,3.044656144275487,-1.0,-1.8369701987210297e-16
DESKTOP-DS4FBF4,2024-11-05 18:20:00+00:00,56,14,1,1,1,1-11-November.csv,41,0,0,0,2,0,1,0,0,0,0,0,0,4,1,0,0,0,56,16,0,4.962571428571429,16.308965489578416,0.13666666666666666,0.0,0.0,0.0,0.006666666666666667,0.0,0.0033333333333333335,0.0,0.0,0.0,0.0,0.0,0.0,0.013333333333333334,0.0033333333333333335,0.0,0.0,0.0,0.18666666666666668,3.286394105217598,-1.0,-1.8369701987210297e-16
DESKTOP-DS4FBF4,2024-11-05 18:25:00+00:00,14,6,1,1,1,1-11-November.csv,10,0,0,0,1,0,1,0,0,0,0,0,0,0,0,0,0,0,14,6,0,21.833714285714287,33.425157820071746,0.03333333333333333,0.0,0.0,0.0,0.0033333333333333335,0.0,0.0033333333333333335,0.0,0.0,0.0,0.0,0.0,0.0,0.0,0.0,0.0,0.0,0.0,0.04666666666666667,1.5308965475444412,-1.0,-1.8369701987210297e-16
DESKTOP-DS4FBF4,2024-11-05 18:30:00+00:00,13,5,1,1,1,1-11-November.csv,6,0,0,0,2,0,0,0,0,0,0,0,0,0,0,0,0,0,13,6,0,23.980615384615383,26.909691991729368,0.02,0.0,0.0,0.0,0.006666666666666667,0.0,0.0,0.0,0.0,0.0,0.0,0.0,0.0,0.0,0.0,0.0,0.0,0.0,0.043333333333333335,1.1221435130056385,-1.0,-1.8369701987210297e-16
DESKTOP-DS4FBF4,2024-11-06 06:15:00+00:00,18,5,1,1,1,1-11-November.csv,2,0,0,0,3,0,1,0,0,0,0,0,0,0,0,0,0,0,18,5,0,2326.1978888888893,9865.518869579053,0.006666666666666667,0.0,0.0,0.0,0.01,0.0,0.0033333333333333335,0.0,0.0,0.0,0.0,0.0,0.0,0.0,0.0,0.0,0.0,0.0,0.06,4.241048844856156,1.0,6.123233995736766e-17
DESKTOP-DS4FBF4,2024-11-06 06:20:00+00:00,209,10,1,1,1,1-11-November.csv,26,0,0,0,10,0,0,0,0,0,0,0,0,0,0,0,0,0,209,10,0,0.9374354066985646,3.6997289722577538,0.08666666666666667,0.0,0.0,0.0,0.03333333333333333,0.0,0.0,0.0,0.0,0.0,0.0,0.0,0.0,0.0,0.0,0.0,0.0,0.0,0.6966666666666667,3.9466494926699665,1.0,6.123233995736766e-17
DESKTOP-DS4FBF4,2024-11-06 06:25:00+00:00,141,19,1,22,1,1-11-November.csv,36,0,0,0,27,0,0,21,1,0,0,0,0,0,1,0,0,1,141,21,0,2.862163120567376,13.38606524157764,0.12,0.0,0.0,0.0,0.09,0.0,0.0,0.07,0.0033333333333333335,0.0,0.0,0.0,0.0,0.0,0.0033333333333333335,0.0,0.0,0.0033333333333333335,0.47,4.676905081120631,1.0,6.123233995736766e-17
DESKTOP-DS4FBF4,2024-11-06 06:30:00+00:00,147,13,1,83,1,1-11-November.csv,23,0,0,0,10,0,0,100,0,0,0,0,0,0,0,0,0,0,147,13,0,1.323952380952381,3.456141778178028,0.07666666666666666,0.0,0.0,0.0,0.03333333333333333,0.0,0.0,0.3333333333333333,0.0,0.0,0.0,0.0,0.0,0.0,0.0,0.0,0.0,0.0,0.49,2.610472874932151,1.0,6.123233995736766e-17
DESKTOP-DS4FBF4,2024-11-06 06:35:00+00:00,54,10,1,34,1,1-11-November.csv,0,0,0,0,7,0,0,33,6,0,0,0,0,0,0,0,0,6,54,10,0,6.686018518518519,42.765841491003215,0.0,0.0,0.0,0.0,0.023333333333333334,0.0,0.0,0.11,0.02,0.0,0.0,0.0,0.0,0.0,0.0,0.0,0.0,0.02,0.18,6.396309159562308,1.0,6.123233995736766e-17
DESKTOP-DS4FBF4,2024-11-06 06:40:00+00:00,7,4,1,1,1,1-11-November.csv,0,0,0,0,3,0,0,0,1,0,0,0,0,0,0,0,0,1,7,4,0,43.05885714285714,93.9229480841052,0.0,0.0,0.0,0.0,0.01,0.0,0.0,0.0,0.0033333333333333335,0.0,0.0,0.0,0.0,0.0,0.0,0.0,0.0,0.0033333333333333335,0.023333333333333334,2.1812689494404216,1.0,6.123233995736766e-17
DESKTOP-DS4FBF4,2024-11-06 07:55:00+00:00,788,15,1,84,1,1-11-November.csv,2,0,0,0,13,0,646,84,20,0,0,0,0,0,0,0,84,20,788,15,0,3.735799492385787,100.9013957023715,0.006666666666666667,0.0,0.0,0.0,0.043333333333333335,0.0,2.1533333333333333,0.28,0.06666666666666667,0.0,0.0,0.0,0.0,0.0,0.0,0.0,0.28,0.06666666666666667,2.6266666666666665,27.009317793427137,0.9659258262890683,-0.25881904510252063
DESKTOP-DS4FBF4,2024-11-06 08:00:00+00:00,29,6,1,12,1,1-11-November.csv,0,0,0,0,5,0,0,11,0,0,0,0,0,0,0,0,11,0,29,6,0,10.489137931034483,19.308569551449242,0.0,0.0,0.0,0.0,0.016666666666666666,0.0,0.0,0.03666666666666667,0.0,0.0,0.0,0.0,0.0,0.0,0.0,0.0,0.03666666666666667,0.0,0.09666666666666666,1.840815677932929,0.8660254037844387,-0.4999999999999998
DESKTOP-DS4FBF4,2024-11-06 08:05:00+00:00,35,4,1,29,1,1-11-November.csv,0,0,0,0,2,0,0,28,0,0,0,0,0,0,0,0,28,0,35,4,0,8.391428571428571,26.434691879829288,0.0,0.0,0.0,0.0,0.006666666666666667,0.0,0.0,0.09333333333333334,0.0,0.0,0.0,0.0,0.0,0.0,0.0,0.0,0.09333333333333334,0.0,0.11666666666666667,3.1502016200000855,0.8660254037844387,-0.4999999999999998
DESKTOP-DS4FBF4,2024-11-06 08:10:00+00:00,8,4,1,1,1,1-11-November.csv,0,0,0,0,3,0,0,0,0,0,0,0,0,0,0,0,0,0,8,4,0,24.42025,67.29990403676028,0.0,0.0,0.0,0.0,0.01,0.0,0.0,0.0,0.0,0.0,0.0,0.0,0.0,0.0,0.0,0.0,0.0,0.0,0.02666666666666667,2.7559056126272368,0.8660254037844387,-0.4999999999999998
DESKTOP-DS4FBF4,2024-11-06 08:15:00+00:00,5,2,1,2,1,1-11-November.csv,0,0,0,0,0,0,0,1,0,0,0,0,0,0,0,0,1,0,5,2,0,88.4662,174.8721625493892,0.0,0.0,0.0,0.0,0.0,0.0,0.0,0.0033333333333333335,0.0,0.0,0.0,0.0,0.0,0.0,0.0,0.0,0.0033333333333333335,0.0,0.016666666666666666,1.976711586452105,0.8660254037844387,-0.4999999999999998
DESKTOP-DS4FBF4,2024-11-06 08:25:00+00:00,7,3,1,2,1,1-11-November.csv,0,0,0,0,1,0,1,1,0,0,0,0,0,0,0,0,1,0,7,3,0,39.29085714285714,47.45182331736956,0.0,0.0,0.0,0.0,0.0033333333333333335,0.0,0.0033333333333333335,0.0033333333333333335,0.0,0.0,0.0,0.0,0.0,0.0,0.0,0.0,0.0033333333333333335,0.0,0.023333333333333334,1.2077064937738584,0.8660254037844387,-0.4999999999999998
DESKTOP-DS4FBF4,2024-11-06 08:30:00+00:00,7,4,1,1,1,1-11-November.csv,0,0,0,0,3,0,0,0,0,0,0,0,0,0,0,0,0,0,7,4,0,46.474,95.41264958589085,0.0,0.0,0.0,0.0,0.01,0.0,0.0,0.0,0.0,0.0,0.0,0.0,0.0,0.0,0.0,0.0,0.0,0.0,0.023333333333333334,2.053032869688231,0.8660254037844387,-0.4999999999999998
DESKTOP-DS4FBF4,2024-11-06 08:45:00+00:00,6,4,1,1,1,1-11-November.csv,0,0,0,0,3,0,0,0,0,0,0,0,0,0,0,0,0,0,6,4,0,58.00650000000001,60.51586269648646,0.0,0.0,0.0,0.0,0.01,0.0,0.0,0.0,0.0,0.0,0.0,0.0,0.0,0.0,0.0,0.0,0.0,0.0,0.02,1.0432600259709937,0.8660254037844387,-0.4999999999999998
DESKTOP-DS4FBF4,2024-11-06 08:55:00+00:00,1,1,1,1,1,1-11-November.csv,0,0,0,0,0,0,0,0,0,0,0,0,0,0,0,0,0,0,1,1,0,333.984,,0.0,0.0,0.0,0.0,0.0,0.0,0.0,0.0,0.0,0.0,0.0,0.0,0.0,0.0,0.0,0.0,0.0,0.0,0.0033333333333333335,0.0,0.8660254037844387,-0.4999999999999998
DESKTOP-DS4FBF4,2024-11-06 09:00:00+00:00,3,2,1,1,1,1-11-November.csv,1,0,0,0,0,0,1,0,0,0,0,0,0,0,1,0,0,0,3,2,0,198.379,343.14270860241226,0.0033333333333333335,0.0,0.0,0.0,0.0,0.0,0.0033333333333333335,0.0,0.0,0.0,0.0,0.0,0.0,0.0,0.0033333333333333335,0.0,0.0,0.0,0.01,1.7297330292138395,0.7071067811865476,-0.7071067811865475
DESKTOP-DS4FBF4,2024-11-06 09:05:00+00:00,33,11,1,3,1,1-11-November.csv,18,0,0,0,4,0,0,2,0,0,0,0,0,0,0,0,2,0,33,11,0,8.091454545454546,16.08995020403052,0.06,0.0,0.0,0.0,0.013333333333333334,0.0,0.0,0.006666666666666667,0.0,0.0,0.0,0.0,0.0,0.0,0.0,0.0,0.006666666666666667,0.0,0.11,1.9885114738819372,0.7071067811865476,-0.7071067811865475
DESKTOP-DS4FBF4,2024-11-06 09:10:00+00:00,13,7,1,6,1,1-11-November.csv,3,0,0,0,2,0,0,5,0,0,0,0,0,0,0,0,5,0,13,8,0,25.269384615384617,26.12921946001724,0.01,0.0,0.0,0.0,0.006666666666666667,0.0,0.0,0.016666666666666666,0.0,0.0,0.0,0.0,0.0,0.0,0.0,0.0,0.016666666666666666,0.0,0.043333333333333335,1.0340267425471508,0.7071067811865476,-0.7071067811865475
DESKTOP-DS4FBF4,2024-11-06 09:20:00+00:00,23,9,1,10,1,1-11-November.csv,6,0,0,0,2,0,0,9,0,0,0,0,0,0,2,0,7,0,23,10,0,13.483260869565218,19.326288121758335,0.02,0.0,0.0,0.0,0.006666666666666667,0.0,0.0,0.03,0.0,0.0,0.0,0.0,0.0,0.0,0.006666666666666667,0.0,0.023333333333333334,0.0,0.07666666666666666,1.4333541647467607,0.7071067811865476,-0.7071067811865475
DESKTOP-DS4FBF4,2024-11-06 09:25:00+00:00,17,8,1,9,1,1-11-November.csv,3,0,0,0,3,0,0,8,0,0,0,0,0,1,0,0,5,0,17,8,0,14.187117647058823,17.823404076109988,0.01,0.0,0.0,0.0,0.01,0.0,0.0,0.02666666666666667,0.0,0.0,0.0,0.0,0.0,0.0033333333333333335,0.0,0.0,0.016666666666666666,0.0,0.056666666666666664,1.256309034682955,0.7071067811865476,-0.7071067811865475
DESKTOP-DS4FBF4,2024-11-06 09:30:00+00:00,19,8,1,3,1,1-11-November.csv,12,0,0,0,1,0,1,3,0,0,0,0,0,1,2,0,3,0,19,9,0,19.582842105263154,32.22506172783185,0.04,0.0,0.0,0.0,0.0033333333333333335,0.0,0.0033333333333333335,0.01,0.0,0.0,0.0,0.0,0.0,0.0033333333333333335,0.006666666666666667,0.0,0.01,0.0,0.06333333333333334,1.6455763445680303,0.7071067811865476,-0.7071067811865475
DESKTOP-DS4FBF4,2024-11-06 09:35:00+00:00,18,7,1,8,1,1-11-November.csv,7,0,0,0,0,0,0,7,0,0,0,0,0,1,1,0,5,0,18,8,0,16.24988888888889,24.32969827643208,0.023333333333333334,0.0,0.0,0.0,0.0,0.0,0.0,0.023333333333333334,0.0,0.0,0.0,0.0,0.0,0.0033333333333333335,0.0033333333333333335,0.0,0.016666666666666666,0.0,0.06,1.497222439044976,0.7071067811865476,-0.7071067811865475
DESKTOP-DS4FBF4,2024-11-06 09:40:00+00:00,16,4,1,9,1,1-11-November.csv,1,0,0,0,1,0,2,8,0,0,0,0,0,1,0,0,6,0,16,4,0,19.123124999999998,23.947789147434886,0.0033333333333333335,0.0,0.0,0.0,0.0033333333333333335,0.0,0.006666666666666667,0.02666666666666667,0.0,0.0,0.0,0.0,0.0,0.0033333333333333335,0.0,0.0,0.02,0.0,0.05333333333333334,1.2522947555608661,0.7071067811865476,-0.7071067811865475
DESKTOP-DS4FBF4,2024-11-06 09:45:00+00:00,15,7,1,6,1,1-11-November.csv,3,0,0,0,2,0,0,5,0,0,0,0,0,0,0,0,4,0,15,7,0,20.128933333333336,19.111117155305433,0.01,0.0,0.0,0.0,0.006666666666666667,0.0,0.0,0.016666666666666666,0.0,0.0,0.0,0.0,0.0,0.0,0.0,0.0,0.013333333333333334,0.0,0.05,0.9494351657301975,0.7071067811865476,-0.7071067811865475
DESKTOP-DS4FBF4,2024-11-06 09:50:00+00:00,9,4,1,2,1,1-11-November.csv,5,0,0,0,0,0,0,1,0,0,0,0,0,0,1,0,1,0,9,5,0,29.327555555555552,33.63471687152692,0.016666666666666666,0.0,0.0,0.0,0.0,0.0,0.0,0.0033333333333333335,0.0,0.0,0.0,0.0,0.0,0.0,0.0033333333333333335,0.0,0.0033333333333333335,0.0,0.03,1.146863972614842,0.7071067811865476,-0.7071067811865475
DESKTOP-DS4FBF4,2024-11-06 09:55:00+00:00,22,11,1,3,1,1-11-November.csv,13,0,0,0,1,0,0,2,1,0,0,0,0,4,2,0,2,1,22,12,0,14.96018181818182,23.653345472905226,0.043333333333333335,0.0,0.0,0.0,0.0033333333333333335,0.0,0.0,0.006666666666666667,0.0033333333333333335,0.0,0.0,0.0,0.0,0.013333333333333334,0.006666666666666667,0.0,0.006666666666666667,0.0033333333333333335,0.07333333333333333,1.5810867648786322,0.7071067811865476,-0.7071067811865475
DESKTOP-DS4FBF4,2024-11-06 10:00:00+00:00,16,8,1,5,1,1-11-November.csv,7,0,0,0,1,0,1,4,0,0,0,0,0,3,0,0,4,0,16,9,0,19.159125,30.29199535823504,0.023333333333333334,0.0,0.0,0.0,0.0033333333333333335,0.0,0.0033333333333333335,0.013333333333333334,0.0,0.0,0.0,0.0,0.0,0.01,0.0,0.0,0.013333333333333334,0.0,0.05333333333333334,1.5810740500015028,0.49999999999999994,-0.8660254037844387
DESKTOP-DS4FBF4,2024-11-06 10:05:00+00:00,22,11,1,9,1,1-11-November.csv,9,0,0,0,2,0,0,8,0,0,0,0,0,2,3,0,6,0,22,12,0,13.767272727272728,17.394092919537552,0.03,0.0,0.0,0.0,0.006666666666666667,0.0,0.0,0.02666666666666667,0.0,0.0,0.0,0.0,0.0,0.006666666666666667,0.01,0.0,0.02,0.0,0.07333333333333333,1.2634378111127382,0.49999999999999994,-0.8660254037844387
DESKTOP-DS4FBF4,2024-11-06 10:10:00+00:00,8,5,1,5,1,1-11-November.csv,2,0,0,0,1,0,0,4,0,0,0,0,0,1,0,0,4,0,8,5,0,33.1375,28.19519958128638,0.006666666666666667,0.0,0.0,0.0,0.0033333333333333335,0.0,0.0,0.013333333333333334,0.0,0.0,0.0,0.0,0.0,0.0033333333333333335,0.0,0.0,0.013333333333333334,0.0,0.02666666666666667,0.8508547591485893,0.49999999999999994,-0.8660254037844387
DESKTOP-DS4FBF4,2024-11-06 10:15:00+00:00,9,4,1,6,1,1-11-November.csv,3,0,0,0,0,0,0,5,0,0,0,0,0,1,0,0,5,0,9,4,0,35.34766666666667,23.61451665289806,0.01,0.0,0.0,0.0,0.0,0.0,0.0,0.016666666666666666,0.0,0.0,0.0,0.0,0.0,0.0033333333333333335,0.0,0.0,0.016666666666666666,0.0,0.03,0.6680643697244908,0.49999999999999994,-0.8660254037844387
DESKTOP-DS4FBF4,2024-11-06 10:25:00+00:00,29,12,1,9,1,1-11-November.csv,17,0,0,0,0,0,1,8,0,0,0,0,0,3,3,0,6,0,29,14,0,10.996931034482758,21.33357418807104,0.056666666666666664,0.0,0.0,0.0,0.0,0.0,0.0033333333333333335,0.02666666666666667,0.0,0.0,0.0,0.0,0.0,0.01,0.01,0.0,0.02,0.0,0.09666666666666666,1.9399570772223604,0.49999999999999994,-0.8660254037844387
DESKTOP-DS4FBF4,2024-11-06 10:30:00+00:00,16,7,1,6,1,1-11-November.csv,6,0,0,0,1,0,1,5,0,0,0,0,0,1,0,0,5,0,16,7,0,18.3934375,22.933626629816604,0.02,0.0,0.0,0.0,0.0033333333333333335,0.0,0.0033333333333333335,0.016666666666666666,0.0,0.0,0.0,0.0,0.0,0.0033333333333333335,0.0,0.0,0.016666666666666666,0.0,0.05333333333333334,1.2468374456822768,0.49999999999999994,-0.8660254037844387
DESKTOP-DS4FBF4,2024-11-06 10:45:00+00:00,5,5,1,1,1,1-11-November.csv,3,0,0,0,1,0,0,0,0,0,0,0,0,0,0,0,0,0,5,5,0,10.5928,19.05320541798676,0.01,0.0,0.0,0.0,0.0033333333333333335,0.0,0.0,0.0,0.0,0.0,0.0,0.0,0.0,0.0,0.0,0.0,0.0,0.0,0.016666666666666666,1.798693963634427,0.49999999999999994,-0.8660254037844387
DESKTOP-DS4FBF4,2024-11-06 11:00:00+00:00,11,4,1,1,1,1-11-November.csv,0,0,0,0,3,0,1,0,0,0,0,0,0,0,0,0,0,0,11,4,0,38.941818181818185,106.21380610524997,0.0,0.0,0.0,0.0,0.01,0.0,0.0033333333333333335,0.0,0.0,0.0,0.0,0.0,0.0,0.0,0.0,0.0,0.0,0.0,0.03666666666666667,2.727499923330259,0.258819045102521,-0.9659258262890682
DESKTOP-DS4FBF4,2024-11-06 11:15:00+00:00,3,3,1,1,1,1-11-November.csv,0,0,0,0,2,0,0,0,0,0,0,0,0,0,0,0,0,0,3,3,0,102.68266666666666,120.02972936041026,0.0,0.0,0.0,0.0,0.006666666666666667,0.0,0.0,0.0,0.0,0.0,0.0,0.0,0.0,0.0,0.0,0.0,0.0,0.0,0.01,1.1689385682790694,0.258819045102521,-0.9659258262890682
DESKTOP-DS4FBF4,2024-11-06 11:30:00+00:00,3,1,1,1,1,1-11-November.csv,0,0,0,0,0,0,0,0,0,0,0,0,0,0,0,0,0,0,3,1,0,73.27733333333333,123.75621300901759,0.0,0.0,0.0,0.0,0.0,0.0,0.0,0.0,0.0,0.0,0.0,0.0,0.0,0.0,0.0,0.0,0.0,0.0,0.01,1.6888744087623857,0.258819045102521,-0.9659258262890682
DESKTOP-DS4FBF4,2024-11-06 13:10:00+00:00,33,3,1,1,1,1-11-November.csv,1,0,0,0,1,0,0,0,0,0,0,0,0,0,0,0,0,0,33,3,0,6.588030303030303,14.673404829156151,0.0033333333333333335,0.0,0.0,0.0,0.0033333333333333335,0.0,0.0,0.0,0.0,0.0,0.0,0.0,0.0,0.0,0.0,0.0,0.0,0.0,0.11,2.2272825342662452,-0.2588190451025208,-0.9659258262890683
DESKTOP-DS4FBF4,2024-11-06 13:30:00+00:00,1,1,1,1,1,1-11-November.csv,0,0,0,0,0,0,0,0,0,0,0,0,0,0,0,0,0,0,1,1,0,1179.975,,0.0,0.0,0.0,0.0,0.0,0.0,0.0,0.0,0.0,0.0,0.0,0.0,0.0,0.0,0.0,0.0,0.0,0.0,0.0033333333333333335,0.0,-0.2588190451025208,-0.9659258262890683
DESKTOP-DS4FBF4,2024-11-06 13:40:00+00:00,41,5,1,1,1,1-11-November.csv,2,0,0,0,2,0,0,0,0,0,0,0,0,0,1,0,0,0,41,5,0,16.555804878048782,70.08531381224583,0.006666666666666667,0.0,0.0,0.0,0.006666666666666667,0.0,0.0,0.0,0.0,0.0,0.0,0.0,0.0,0.0,0.0033333333333333335,0.0,0.0,0.0,0.13666666666666666,4.233277350663357,-0.2588190451025208,-0.9659258262890683
DESKTOP-DS4FBF4,2024-11-06 13:45:00+00:00,3,1,1,1,1,1-11-November.csv,0,0,0,0,0,0,0,0,0,0,0,0,0,0,0,0,0,0,3,1,0,29.90233333333333,4.1274430745115485,0.0,0.0,0.0,0.0,0.0,0.0,0.0,0.0,0.0,0.0,0.0,0.0,0.0,0.0,0.0,0.0,0.0,0.0,0.01,0.1380308027638272,-0.2588190451025208,-0.9659258262890683
DESKTOP-DS4FBF4,2024-11-06 13:50:00+00:00,4,1,1,1,1,1-11-November.csv,0,0,0,0,0,0,0,0,0,0,0,0,0,0,0,0,0,0,4,1,0,102.735,117.19550596332608,0.0,0.0,0.0,0.0,0.0,0.0,0.0,0.0,0.0,0.0,0.0,0.0,0.0,0.0,0.0,0.0,0.0,0.0,0.013333333333333334,1.1407553994580824,-0.2588190451025208,-0.9659258262890683
DESKTOP-DS4FBF4,2024-11-06 13:55:00+00:00,8,1,1,1,1,1-11-November.csv,0,0,0,0,0,0,0,0,0,0,0,0,0,0,0,0,0,0,8,1,0,52.604625,71.1541939953296,0.0,0.0,0.0,0.0,0.0,0.0,0.0,0.0,0.0,0.0,0.0,0.0,0.0,0.0,0.0,0.0,0.0,0.0,0.02666666666666667,1.3526223976566625,-0.2588190451025208,-0.9659258262890683
DESKTOP-DS4FBF4,2024-11-06 14:40:00+00:00,5,1,1,1,1,1-11-November.csv,0,0,0,0,0,0,0,0,0,0,0,0,0,0,0,0,0,0,5,1,0,141.6722,261.3405622022728,0.0,0.0,0.0,0.0,0.0,0.0,0.0,0.0,0.0,0.0,0.0,0.0,0.0,0.0,0.0,0.0,0.0,0.0,0.016666666666666666,1.8446848584427487,-0.4999999999999997,-0.8660254037844388
DESKTOP-DS4FBF4,2024-11-06 14:55:00+00:00,16,1,1,1,1,1-11-November.csv,0,0,0,0,0,0,0,0,0,0,0,0,0,0,0,0,0,0,16,1,0,55.3201875,159.29471104558317,0.0,0.0,0.0,0.0,0.0,0.0,0.0,0.0,0.0,0.0,0.0,0.0,0.0,0.0,0.0,0.0,0.0,0.0,0.05333333333333334,2.879504178209504,-0.4999999999999997,-0.8660254037844388
DESKTOP-DS4FBF4,2024-11-07 07:15:00+00:00,79,1,1,1,1,1-11-November.csv,0,0,0,0,0,0,0,0,0,0,0,0,0,0,0,0,0,0,79,1,0,744.356088607595,6599.3070854143,0.0,0.0,0.0,0.0,0.0,0.0,0.0,0.0,0.0,0.0,0.0,0.0,0.0,0.0,0.0,0.0,0.0,0.0,0.2633333333333333,8.865793114904285,0.9659258262890683,-0.25881904510252063
DESKTOP-DS4FBF4,2024-11-07 07:20:00+00:00,11,1,1,1,1,1-11-November.csv,0,0,0,0,0,0,0,0,0,0,0,0,0,0,0,0,0,0,11,1,0,19.234909090909092,30.73060959191843,0.0,0.0,0.0,0.0,0.0,0.0,0.0,0.0,0.0,0.0,0.0,0.0,0.0,0.0,0.0,0.0,0.0,0.0,0.03666666666666667,1.5976477687873503,0.9659258262890683,-0.25881904510252063
DESKTOP-DS4FBF4,2024-11-07 07:40:00+00:00,2,1,1,1,1,1-11-November.csv,0,0,0,0,0,0,0,0,0,0,0,0,0,0,0,0,0,0,2,1,0,596.2729999999999,660.7912870188285,0.0,0.0,0.0,0.0,0.0,0.0,0.0,0.0,0.0,0.0,0.0,0.0,0.0,0.0,0.0,0.0,0.0,0.0,0.006666666666666667,1.1082025968286817,0.9659258262890683,-0.25881904510252063
DESKTOP-DS4FBF4,2024-11-07 07:50:00+00:00,3,1,1,1,1,1-11-November.csv,0,0,0,0,0,0,0,0,0,0,0,0,0,0,0,0,0,0,3,1,0,202.33900000000003,263.61424478392667,0.0,0.0,0.0,0.0,0.0,0.0,0.0,0.0,0.0,0.0,0.0,0.0,0.0,0.0,0.0,0.0,0.0,0.0,0.01,1.3028345735815965,0.9659258262890683,-0.25881904510252063
DESKTOP-DS4FBF4,2024-11-07 08:10:00+00:00,12,1,1,1,1,1-11-November.csv,0,0,0,0,0,0,0,0,0,0,0,0,0,0,0,0,0,0,12,1,0,81.42791666666666,245.94694447027624,0.0,0.0,0.0,0.0,0.0,0.0,0.0,0.0,0.0,0.0,0.0,0.0,0.0,0.0,0.0,0.0,0.0,0.0,0.04,3.020425359488008,0.8660254037844387,-0.4999999999999998
DESKTOP-DS4FBF4,2024-11-07 08:15:00+00:00,7,1,1,1,1,1-11-November.csv,0,0,0,0,0,0,0,0,0,0,0,0,0,0,0,0,0,0,7,1,0,12.654,11.68483635600716,0.0,0.0,0.0,0.0,0.0,0.0,0.0,0.0,0.0,0.0,0.0,0.0,0.0,0.0,0.0,0.0,0.0,0.0,0.023333333333333334,0.923410491228636,0.8660254037844387,-0.4999999999999998
DESKTOP-DS4FBF4,2024-12-01 18:25:00+00:00,51,7,1,1,1,01-03-December.csv,3,0,0,0,6,0,0,0,21,0,0,0,0,0,1,0,0,21,51,8,0,41380.22678431373,295510.51205000846,0.01,0.0,0.0,0.0,0.02,0.0,0.0,0.0,0.07,0.0,0.0,0.0,0.0,0.0,0.0033333333333333335,0.0,0.0,0.07,0.17,7.141345879767617,-1.0,-1.8369701987210297e-16
Maryam,2024-10-28 08:50:00+00:00,191,1,0,0,0,28-October-01-November.csv,0,0,0,0,0,0,0,0,0,0,0,0,0,0,0,0,0,0,0,1,0,0.14706315789473684,0.9800313439596788,0.0,0.0,0.0,0.0,0.0,0.0,0.0,0.0,0.0,0.0,0.0,0.0,0.0,0.0,0.0,0.0,0.0,0.0,0.0,6.664016725801266,0.8660254037844387,-0.4999999999999998
Maryam,2024-10-28 09:00:00+00:00,3,1,0,0,0,28-October-01-November.csv,0,0,0,0,0,0,0,0,0,0,0,0,0,0,0,0,0,0,0,1,0,238.52733333333333,413.1414603272508,0.0,0.0,0.0,0.0,0.0,0.0,0.0,0.0,0.0,0.0,0.0,0.0,0.0,0.0,0.0,0.0,0.0,0.0,0.0,1.7320508075688774,0.7071067811865476,-0.7071067811865475
Maryam,2024-10-28 09:05:00+00:00,9,1,0,0,0,28-October-01-November.csv,0,0,0,0,0,0,0,0,0,0,0,0,0,0,0,0,0,0,0,1,0,37.81966666666666,91.15955975376363,0.0,0.0,0.0,0.0,0.0,0.0,0.0,0.0,0.0,0.0,0.0,0.0,0.0,0.0,0.0,0.0,0.0,0.0,0.0,2.4103744900033575,0.7071067811865476,-0.7071067811865475
Maryam,2024-10-29 05:30:00+00:00,15,1,0,0,0,28-October-01-November.csv,0,0,0,0,0,0,0,0,0,0,0,0,0,0,0,0,0,0,0,1,0,4888.638866666666,18932.45447606751,0.0,0.0,0.0,0.0,0.0,0.0,0.0,0.0,0.0,0.0,0.0,0.0,0.0,0.0,0.0,0.0,0.0,0.0,0.0,3.872745562197083,0.9659258262890683,0.25881904510252074
Maryam,2024-10-29 16:15:00+00:00,1,1,0,0,0,28-October-01-November.csv,0,0,0,0,0,0,0,0,0,0,0,0,0,0,0,0,0,0,0,1,0,38662.233,,0.0,0.0,0.0,0.0,0.0,0.0,0.0,0.0,0.0,0.0,0.0,0.0,0.0,0.0,0.0,0.0,0.0,0.0,0.0,0.0,-0.8660254037844385,-0.5000000000000004
Maryam,2024-10-29 16:20:00+00:00,1,1,0,0,0,28-October-01-November.csv,0,0,0,0,0,0,0,0,0,0,0,0,0,0,0,0,0,0,0,1,0,360.417,,0.0,0.0,0.0,0.0,0.0,0.0,0.0,0.0,0.0,0.0,0.0,0.0,0.0,0.0,0.0,0.0,0.0,0.0,0.0,0.0,-0.8660254037844385,-0.5000000000000004
Maryam,2024-10-29 17:30:00+00:00,2,1,0,0,0,28-October-01-November.csv,0,0,0,0,0,0,0,0,0,0,0,0,0,0,0,0,0,0,0,1,0,2088.7059999999997,2953.8282697489367,0.0,0.0,0.0,0.0,0.0,0.0,0.0,0.0,0.0,0.0,0.0,0.0,0.0,0.0,0.0,0.0,0.0,0.0,0.0,1.4141905417751168,-0.9659258262890683,-0.25881904510252063
Maryam,2024-10-29 18:40:00+00:00,7,1,0,0,0,28-October-01-November.csv,0,0,0,0,0,0,0,0,0,0,0,0,0,0,0,0,0,0,0,1,0,598.6172857142857,1571.1431873747972,0.0,0.0,0.0,0.0,0.0,0.0,0.0,0.0,0.0,0.0,0.0,0.0,0.0,0.0,0.0,0.0,0.0,0.0,0.0,2.6246204793436068,-1.0,-1.8369701987210297e-16
Maryam,2024-10-30 09:35:00+00:00,2,1,0,0,0,28-October-01-November.csv,0,0,0,0,0,0,0,0,0,0,0,0,0,0,0,0,0,0,0,1,0,26803.863500000003,37906.367486707306,0.0,0.0,0.0,0.0,0.0,0.0,0.0,0.0,0.0,0.0,0.0,0.0,0.0,0.0,0.0,0.0,0.0,0.0,0.0,1.414212823711302,0.7071067811865476,-0.7071067811865475
Maryam,2024-10-30 12:15:00+00:00,1,1,0,0,0,28-October-01-November.csv,0,0,0,0,0,0,0,0,0,0,0,0,0,0,0,0,0,0,0,1,0,9703.503,,0.0,0.0,0.0,0.0,0.0,0.0,0.0,0.0,0.0,0.0,0.0,0.0,0.0,0.0,0.0,0.0,0.0,0.0,0.0,0.0,1.2246467991473532e-16,-1.0
Maryam,2024-10-31 06:05:00+00:00,2,1,0,0,0,28-October-01-November.csv,0,0,0,0,0,0,0,0,0,0,0,0,0,0,0,0,0,0,0,1,0,32088.413,45379.81229108664,0.0,0.0,0.0,0.0,0.0,0.0,0.0,0.0,0.0,0.0,0.0,0.0,0.0,0.0,0.0,0.0,0.0,0.0,0.0,1.414211799476859,1.0,6.123233995736766e-17
Maryam,2024-10-31 18:25:00+00:00,5,1,0,0,0,28-October-01-November.csv,0,0,0,0,0,0,0,0,0,0,0,0,0,0,0,0,0,0,0,1,0,8873.677399999999,19838.57110613148,0.0,0.0,0.0,0.0,0.0,0.0,0.0,0.0,0.0,0.0,0.0,0.0,0.0,0.0,0.0,0.0,0.0,0.0,0.0,2.235665126403117,-1.0,-1.8369701987210297e-16
Maryam,2024-10-31 18:55:00+00:00,4,1,0,0,0,28-October-01-November.csv,0,0,0,0,0,0,0,0,0,0,0,0,0,0,0,0,0,0,0,1,0,460.77825,921.5565,0.0,0.0,0.0,0.0,0.0,0.0,0.0,0.0,0.0,0.0,0.0,0.0,0.0,0.0,0.0,0.0,0.0,0.0,0.0,2.0,-1.0,-1.8369701987210297e-16
Maryam,2024-11-01 12:40:00+00:00,12,1,1,1,0,1-11-November.csv,0,0,0,0,0,0,0,0,0,0,0,0,0,0,0,0,0,0,12,1,0,5339.766666666666,18489.149390985316,0.0,0.0,0.0,0.0,0.0,0.0,0.0,0.0,0.0,0.0,0.0,0.0,0.0,0.0,0.0,0.0,0.0,0.0,0.04,3.462538823354076,1.2246467991473532e-16,-1.0
Maryam,2024-11-01 12:50:00+00:00,1,1,1,1,0,1-11-November.csv,0,0,0,0,0,0,0,0,0,0,0,0,0,0,0,0,0,0,1,1,0,336.387,,0.0,0.0,0.0,0.0,0.0,0.0,0.0,0.0,0.0,0.0,0.0,0.0,0.0,0.0,0.0,0.0,0.0,0.0,0.0033333333333333335,0.0,1.2246467991473532e-16,-1.0
Maryam,2024-11-01 16:15:00+00:00,9,1,1,1,0,1-11-November.csv,0,0,0,0,0,0,0,0,0,0,0,0,0,0,0,0,0,0,9,1,0,1388.6708888888888,4104.161669639564,0.0,0.0,0.0,0.0,0.0,0.0,0.0,0.0,0.0,0.0,0.0,0.0,0.0,0.0,0.0,0.0,0.0,0.0,0.03,2.955460291187791,-0.8660254037844385,-0.5000000000000004
Maryam,2024-11-01 16:20:00+00:00,1,1,1,1,0,1-11-November.csv,0,0,0,0,0,0,0,0,0,0,0,0,0,0,0,0,0,0,1,1,0,198.231,,0.0,0.0,0.0,0.0,0.0,0.0,0.0,0.0,0.0,0.0,0.0,0.0,0.0,0.0,0.0,0.0,0.0,0.0,0.0033333333333333335,0.0,-0.8660254037844385,-0.5000000000000004
Maryam,2024-11-02 06:35:00+00:00,4,1,1,1,0,1-11-November.csv,0,0,0,0,0,0,0,0,0,0,0,0,0,0,0,0,0,0,4,1,0,12825.52575,25650.97083334155,0.0,0.0,0.0,0.0,0.0,0.0,0.0,0.0,0.0,0.0,0.0,0.0,0.0,0.0,0.0,0.0,0.0,0.0,0.013333333333333334,1.9999937104599046,1.0,6.123233995736766e-17
Maryam,2024-11-02 14:35:00+00:00,3,1,1,1,0,1-11-November.csv,0,0,0,0,0,0,0,0,0,0,0,0,0,0,0,0,0,0,3,1,0,9642.324666666666,16698.27694407268,0.0,0.0,0.0,0.0,0.0,0.0,0.0,0.0,0.0,0.0,0.0,0.0,0.0,0.0,0.0,0.0,0.0,0.0,0.01,1.7317687924156204,-0.4999999999999997,-0.8660254037844388
Maryam,2024-11-05 09:50:00+00:00,4,1,1,1,0,1-11-November.csv,0,0,0,0,0,0,0,0,0,0,0,0,0,0,0,0,0,0,4,1,0,60465.353500000005,120926.27101019621,0.0,0.0,0.0,0.0,0.0,0.0,0.0,0.0,0.0,0.0,0.0,0.0,0.0,0.0,0.0,0.0,0.0,0.0,0.013333333333333334,1.9999266358410723,0.7071067811865476,-0.7071067811865475
Maryam,2024-11-06 06:15:00+00:00,5,1,1,1,0,1-11-November.csv,0,0,0,0,0,0,0,0,0,0,0,0,0,0,0,0,0,0,5,1,0,14751.695600000001,32981.7050815262,0.0,0.0,0.0,0.0,0.0,0.0,0.0,0.0,0.0,0.0,0.0,0.0,0.0,0.0,0.0,0.0,0.0,0.0,0.016666666666666666,2.2357907847234997,1.0,6.123233995736766e-17
Maryam,2024-11-06 06:35:00+00:00,9,1,1,1,0,1-11-November.csv,0,0,0,0,0,0,0,0,0,0,0,0,0,0,0,0,0,0,9,1,0,135.00944444444445,376.5316883056163,0.0,0.0,0.0,0.0,0.0,0.0,0.0,0.0,0.0,0.0,0.0,0.0,0.0,0.0,0.0,0.0,0.0,0.0,0.03,2.7889285068538796,1.0,6.123233995736766e-17
Maryam,2024-11-06 06:40:00+00:00,20,1,1,1,0,1-11-November.csv,0,0,0,0,0,0,0,0,0,0,0,0,0,0,0,0,0,0,20,1,0,15.843399999999999,36.912932655100704,0.0,0.0,0.0,0.0,0.0,0.0,0.0,0.0,0.0,0.0,0.0,0.0,0.0,0.0,0.0,0.0,0.0,0.0,0.06666666666666667,2.329861813442866,1.0,6.123233995736766e-17
Maryam,2024-11-06 06:45:00+00:00,2,1,1,1,0,1-11-November.csv,0,0,0,0,0,0,0,0,0,0,0,0,0,0,0,0,0,0,2,1,0,48.054,25.505341597398772,0.0,0.0,0.0,0.0,0.0,0.0,0.0,0.0,0.0,0.0,0.0,0.0,0.0,0.0,0.0,0.0,0.0,0.0,0.006666666666666667,0.5307641735838592,1.0,6.123233995736766e-17
Maryam,2024-11-06 07:10:00+00:00,15,1,1,1,0,1-11-November.csv,0,0,0,0,0,0,0,0,0,0,0,0,0,0,0,0,0,0,15,1,0,113.19006666666665,416.31399331779556,0.0,0.0,0.0,0.0,0.0,0.0,0.0,0.0,0.0,0.0,0.0,0.0,0.0,0.0,0.0,0.0,0.0,0.0,0.05,3.6780081996399767,0.9659258262890683,-0.25881904510252063
Maryam,2024-11-06 07:15:00+00:00,43,1,1,1,0,1-11-November.csv,0,0,0,0,0,0,0,0,0,0,0,0,0,0,0,0,0,0,43,1,0,6.565186046511628,10.173947782860498,0.0,0.0,0.0,0.0,0.0,0.0,0.0,0.0,0.0,0.0,0.0,0.0,0.0,0.0,0.0,0.0,0.0,0.0,0.14333333333333334,1.5496815643581592,0.9659258262890683,-0.25881904510252063
Maryam,2024-11-06 07:20:00+00:00,32,1,1,1,0,1-11-November.csv,0,0,0,0,0,0,0,0,0,0,0,0,0,0,0,0,0,0,32,1,0,9.861875000000001,25.249180971386114,0.0,0.0,0.0,0.0,0.0,0.0,0.0,0.0,0.0,0.0,0.0,0.0,0.0,0.0,0.0,0.0,0.0,0.0,0.10666666666666667,2.5602819921552555,0.9659258262890683,-0.25881904510252063
Maryam,2024-11-06 07:25:00+00:00,19,1,1,1,0,1-11-November.csv,0,0,0,0,0,0,0,0,0,0,0,0,0,0,0,0,0,0,19,1,0,14.225842105263158,25.95776135113683,0.0,0.0,0.0,0.0,0.0,0.0,0.0,0.0,0.0,0.0,0.0,0.0,0.0,0.0,0.0,0.0,0.0,0.0,0.06333333333333334,1.8246906692105906,0.9659258262890683,-0.25881904510252063
Maryam,2024-11-06 07:30:00+00:00,2,1,1,1,0,1-11-November.csv,0,0,0,0,0,0,0,0,0,0,0,0,0,0,0,0,0,0,2,1,0,138.1395,195.35875439943814,0.0,0.0,0.0,0.0,0.0,0.0,0.0,0.0,0.0,0.0,0.0,0.0,0.0,0.0,0.0,0.0,0.0,0.0,0.006666666666666667,1.414213562373095,0.9659258262890683,-0.25881904510252063
Maryam,2024-11-06 07:40:00+00:00,8,1,1,1,0,1-11-November.csv,0,0,0,0,0,0,0,0,0,0,0,0,0,0,0,0,0,0,8,1,0,82.368125,186.43125811058732,0.0,0.0,0.0,0.0,0.0,0.0,0.0,0.0,0.0,0.0,0.0,0.0,0.0,0.0,0.0,0.0,0.0,0.0,0.02666666666666667,2.2633908215172713,0.9659258262890683,-0.25881904510252063
Maryam,2024-11-06 07:45:00+00:00,25,1,1,1,0,1-11-November.csv,0,0,0,0,0,0,0,0,0,0,0,0,0,0,0,0,0,0,25,1,0,12.092640000000001,23.798200770366375,0.0,0.0,0.0,0.0,0.0,0.0,0.0,0.0,0.0,0.0,0.0,0.0,0.0,0.0,0.0,0.0,0.0,0.0,0.08333333333333333,1.9679905107872535,0.9659258262890683,-0.25881904510252063
Maryam,2024-11-06 07:50:00+00:00,5,1,1,1,0,1-11-November.csv,0,0,0,0,0,0,0,0,0,0,0,0,0,0,0,0,0,0,5,1,0,12.8128,22.320279953441446,0.0,0.0,0.0,0.0,0.0,0.0,0.0,0.0,0.0,0.0,0.0,0.0,0.0,0.0,0.0,0.0,0.0,0.0,0.016666666666666666,1.742029841521092,0.9659258262890683,-0.25881904510252063
Maryam,2024-11-06 07:55:00+00:00,1,1,1,1,0,1-11-November.csv,0,0,0,0,0,0,0,0,0,0,0,0,0,0,0,0,0,0,1,1,0,302.323,,0.0,0.0,0.0,0.0,0.0,0.0,0.0,0.0,0.0,0.0,0.0,0.0,0.0,0.0,0.0,0.0,0.0,0.0,0.0033333333333333335,0.0,0.9659258262890683,-0.25881904510252063
Maryam,2024-11-06 08:00:00+00:00,8,1,1,1,0,1-11-November.csv,0,0,0,0,0,0,0,0,0,0,0,0,0,0,0,0,0,0,8,1,0,51.30575,106.45402944900006,0.0,0.0,0.0,0.0,0.0,0.0,0.0,0.0,0.0,0.0,0.0,0.0,0.0,0.0,0.0,0.0,0.0,0.0,0.02666666666666667,2.074894713536008,0.8660254037844387,-0.4999999999999998
Maryam,2024-11-06 08:05:00+00:00,8,1,1,1,0,1-11-November.csv,0,0,0,0,0,0,0,0,0,0,0,0,0,0,0,0,0,0,8,1,0,37.28975,86.2177383882558,0.0,0.0,0.0,0.0,0.0,0.0,0.0,0.0,0.0,0.0,0.0,0.0,0.0,0.0,0.0,0.0,0.0,0.0,0.02666666666666667,2.312102880503511,0.8660254037844387,-0.4999999999999998
Maryam,2024-11-06 08:10:00+00:00,7,1,1,1,0,1-11-November.csv,0,0,0,0,0,0,0,0,0,0,0,0,0,0,0,0,0,0,7,1,0,28.886714285714287,75.54794746100936,0.0,0.0,0.0,0.0,0.0,0.0,0.0,0.0,0.0,0.0,0.0,0.0,0.0,0.0,0.0,0.0,0.0,0.0,0.023333333333333334,2.6153181256191202,0.8660254037844387,-0.4999999999999998
Maryam,2024-11-06 08:15:00+00:00,4,1,1,1,0,1-11-November.csv,0,0,0,0,0,0,0,0,0,0,0,0,0,0,0,0,0,0,4,1,0,116.62625,165.66700213857717,0.0,0.0,0.0,0.0,0.0,0.0,0.0,0.0,0.0,0.0,0.0,0.0,0.0,0.0,0.0,0.0,0.0,0.0,0.013333333333333334,1.420494975518609,0.8660254037844387,-0.4999999999999998
Maryam,2024-11-06 10:00:00+00:00,1,1,1,1,0,1-11-November.csv,0,0,0,0,0,0,0,0,0,0,0,0,0,0,0,0,0,0,1,1,0,6126.452,,0.0,0.0,0.0,0.0,0.0,0.0,0.0,0.0,0.0,0.0,0.0,0.0,0.0,0.0,0.0,0.0,0.0,0.0,0.0033333333333333335,0.0,0.49999999999999994,-0.8660254037844387
Maryam,2024-11-06 10:25:00+00:00,4,1,1,1,0,1-11-November.csv,0,0,0,0,0,0,0,0,0,0,0,0,0,0,0,0,0,0,4,1,0,376.8985,748.4678532956509,0.0,0.0,0.0,0.0,0.0,0.0,0.0,0.0,0.0,0.0,0.0,0.0,0.0,0.0,0.0,0.0,0.0,0.0,0.013333333333333334,1.9858605255676287,0.49999999999999994,-0.8660254037844387
Maryam,2024-11-07 07:15:00+00:00,9,1,1,1,0,1-11-November.csv,0,0,0,0,0,0,0,0,0,0,0,0,0,0,0,0,0,0,9,1,0,8341.893333333333,25004.97860386862,0.0,0.0,0.0,0.0,0.0,0.0,0.0,0.0,0.0,0.0,0.0,0.0,0.0,0.0,0.0,0.0,0.0,0.0,0.03,2.997518381582673,0.9659258262890683,-0.25881904510252063
Maryam,2024-11-07 09:00:00+00:00,5,1,1,1,0,1-11-November.csv,0,0,0,0,0,0,0,0,0,0,0,0,0,0,0,0,0,0,5,1,0,1270.5612,2833.962677339753,0.0,0.0,0.0,0.0,0.0,0.0,0.0,0.0,0.0,0.0,0.0,0.0,0.0,0.0,0.0,0.0,0.0,0.0,0.016666666666666666,2.2304810483271114,0.7071067811865476,-0.7071067811865475
Maryam,2024-11-07 21:00:00+00:00,3,1,1,1,0,1-11-November.csv,0,0,0,0,0,0,0,0,0,0,0,0,0,0,0,0,0,0,3,1,0,14410.493333333332,24957.906169596845,0.0,0.0,0.0,0.0,0.0,0.0,0.0,0.0,0.0,0.0,0.0,0.0,0.0,0.0,0.0,0.0,0.0,0.0,0.01,1.7319258676499287,-0.7071067811865477,0.7071067811865474
Maryam,2024-11-08 09:00:00+00:00,3,1,1,1,0,1-11-November.csv,0,0,0,0,0,0,0,0,0,0,0,0,0,0,0,0,0,0,3,1,0,14419.892333333335,24974.02377206449,0.0,0.0,0.0,0.0,0.0,0.0,0.0,0.0,0.0,0.0,0.0,0.0,0.0,0.0,0.0,0.0,0.0,0.0,0.01,1.7319147185540351,0.7071067811865476,-0.7071067811865475
Maryam,2024-11-08 11:40:00+00:00,8,1,1,1,0,1-11-November.csv,0,0,0,0,0,0,0,0,0,0,0,0,0,0,0,0,0,0,8,1,0,1197.294625,3379.32946972819,0.0,0.0,0.0,0.0,0.0,0.0,0.0,0.0,0.0,0.0,0.0,0.0,0.0,0.0,0.0,0.0,0.0,0.0,0.02666666666666667,2.8224710937194675,0.258819045102521,-0.9659258262890682
Maryam,2024-11-08 11:45:00+00:00,6,1,1,1,0,1-11-November.csv,0,0,0,0,0,0,0,0,0,0,0,0,0,0,0,0,0,0,6,1,0,6.3395,10.77427662072958,0.0,0.0,0.0,0.0,0.0,0.0,0.0,0.0,0.0,0.0,0.0,0.0,0.0,0.0,0.0,0.0,0.0,0.0,0.02,1.6995467498587553,0.258819045102521,-0.9659258262890682
Maryam,2024-11-08 11:50:00+00:00,1,1,1,1,0,1-11-November.csv,0,0,0,0,0,0,0,0,0,0,0,0,0,0,0,0,0,0,1,1,0,308.414,,0.0,0.0,0.0,0.0,0.0,0.0,0.0,0.0,0.0,0.0,0.0,0.0,0.0,0.0,0.0,0.0,0.0,0.0,0.0033333333333333335,0.0,0.258819045102521,-0.9659258262890682
Maryam,2024-11-08 11:55:00+00:00,1,1,1,1,0,1-11-November.csv,0,0,0,0,0,0,0,0,0,0,0,0,0,0,0,0,0,0,1,1,0,360.326,,0.0,0.0,0.0,0.0,0.0,0.0,0.0,0.0,0.0,0.0,0.0,0.0,0.0,0.0,0.0,0.0,0.0,0.0,0.0033333333333333335,0.0,0.258819045102521,-0.9659258262890682
Maryam,2024-11-09 06:10:00+00:00,3,1,1,1,0,1-11-November.csv,0,0,0,0,0,0,0,0,0,0,0,0,0,0,0,0,0,0,3,1,0,21900.07733333333,37928.46913496589,0.0,0.0,0.0,0.0,0.0,0.0,0.0,0.0,0.0,0.0,0.0,0.0,0.0,0.0,0.0,0.0,0.0,0.0,0.01,1.731887452161473,1.0,6.123233995736766e-17
Maryam,2024-11-09 18:50:00+00:00,5,1,1,1,0,1-11-November.csv,0,0,0,0,0,0,0,0,0,0,0,0,0,0,0,0,0,0,5,1,0,9114.5516,20376.062592422775,0.0,0.0,0.0,0.0,0.0,0.0,0.0,0.0,0.0,0.0,0.0,0.0,0.0,0.0,0.0,0.0,0.0,0.0,0.016666666666666666,2.2355529362983444,-1.0,-1.8369701987210297e-16
Maryam,2024-11-10 07:15:00+00:00,3,1,1,1,0,1-11-November.csv,0,0,0,0,0,0,0,0,0,0,0,0,0,0,0,0,0,0,3,1,0,14944.279666666667,25881.445792580762,0.0,0.0,0.0,0.0,0.0,0.0,0.0,0.0,0.0,0.0,0.0,0.0,0.0,0.0,0.0,0.0,0.0,0.0,0.01,1.7318630519415084,0.9659258262890683,-0.25881904510252063
Maryam,2024-11-11 15:35:00+00:00,5,1,0,1,0,11-16-November.csv,0,0,0,0,0,0,0,0,0,0,0,0,0,0,0,0,0,0,0,1,0,23246.9844,51977.88519731082,0.0,0.0,0.0,0.0,0.0,0.0,0.0,0.0,0.0,0.0,0.0,0.0,0.0,0.0,0.0,0.0,0.0,0.0,0.0,2.2358979686548426,-0.7071067811865471,-0.7071067811865479
Maryam,2024-11-11 17:55:00+00:00,1,1,0,1,0,11-16-November.csv,0,0,0,0,0,0,0,0,0,0,0,0,0,0,0,0,0,0,0,1,0,8636.843,,0.0,0.0,0.0,0.0,0.0,0.0,0.0,0.0,0.0,0.0,0.0,0.0,0.0,0.0,0.0,0.0,0.0,0.0,0.0,0.0,-0.9659258262890683,-0.25881904510252063
Maryam,2024-11-12 03:35:00+00:00,11,1,0,1,0,11-16-November.csv,0,0,0,0,0,0,0,0,0,0,0,0,0,0,0,0,0,0,0,1,0,3151.305727272727,10417.720190413775,0.0,0.0,0.0,0.0,0.0,0.0,0.0,0.0,0.0,0.0,0.0,0.0,0.0,0.0,0.0,0.0,0.0,0.0,0.0,3.305842432314465,0.7071067811865476,0.7071067811865476
Maryam,2024-11-12 06:35:00+00:00,4,1,0,1,0,11-16-November.csv,0,0,0,0,0,0,0,0,0,0,0,0,0,0,0,0,0,0,0,1,0,2676.673,5353.346,0.0,0.0,0.0,0.0,0.0,0.0,0.0,0.0,0.0,0.0,0.0,0.0,0.0,0.0,0.0,0.0,0.0,0.0,0.0,2.0,1.0,6.123233995736766e-17
Maryam,2024-11-12 06:45:00+00:00,5,1,0,1,0,11-16-November.csv,0,0,0,0,0,0,0,0,0,0,0,0,0,0,0,0,0,0,0,1,0,170.0,373.5791445497192,0.0,0.0,0.0,0.0,0.0,0.0,0.0,0.0,0.0,0.0,0.0,0.0,0.0,0.0,0.0,0.0,0.0,0.0,0.0,2.1975243797042308,1.0,6.123233995736766e-17
Maryam,2024-11-12 09:00:00+00:00,5,1,0,1,0,11-16-November.csv,0,0,0,0,0,0,0,0,0,0,0,0,0,0,0,0,0,0,0,1,0,1597.7874000000002,3565.7042962720984,0.0,0.0,0.0,0.0,0.0,0.0,0.0,0.0,0.0,0.0,0.0,0.0,0.0,0.0,0.0,0.0,0.0,0.0,0.0,2.2316512799337995,0.7071067811865476,-0.7071067811865475
Maryam,2024-11-12 09:05:00+00:00,1,1,0,1,0,11-16-November.csv,0,0,0,0,0,0,0,0,0,0,0,0,0,0,0,0,0,0,0,1,0,351.421,,0.0,0.0,0.0,0.0,0.0,0.0,0.0,0.0,0.0,0.0,0.0,0.0,0.0,0.0,0.0,0.0,0.0,0.0,0.0,0.0,0.7071067811865476,-0.7071067811865475
Maryam,2024-11-12 21:00:00+00:00,3,1,0,1,0,11-16-November.csv,0,0,0,0,0,0,0,0,0,0,0,0,0,0,0,0,0,0,0,1,0,14304.327333333333,24773.966705520863,0.0,0.0,0.0,0.0,0.0,0.0,0.0,0.0,0.0,0.0,0.0,0.0,0.0,0.0,0.0,0.0,0.0,0.0,0.0,1.7319211262587761,-0.7071067811865477,0.7071067811865474
Maryam,2024-11-15 08:40:00+00:00,5,1,0,1,0,11-16-November.csv,0,0,0,0,0,0,0,0,0,0,0,0,0,0,0,0,0,0,0,1,0,42961.289000000004,96057.37383896063,0.0,0.0,0.0,0.0,0.0,0.0,0.0,0.0,0.0,0.0,0.0,0.0,0.0,0.0,0.0,0.0,0.0,0.0,0.0,2.23590530160677,0.8660254037844387,-0.4999999999999998
Maryam,2024-11-15 08:45:00+00:00,1,1,0,1,0,11-16-November.csv,0,0,0,0,0,0,0,0,0,0,0,0,0,0,0,0,0,0,0,1,0,351.461,,0.0,0.0,0.0,0.0,0.0,0.0,0.0,0.0,0.0,0.0,0.0,0.0,0.0,0.0,0.0,0.0,0.0,0.0,0.0,0.0,0.8660254037844387,-0.4999999999999998
Maryam,2024-11-15 09:35:00+00:00,5,1,0,1,0,11-16-November.csv,0,0,0,0,0,0,0,0,0,0,0,0,0,0,0,0,0,0,0,1,0,548.5994,1219.7206716044866,0.0,0.0,0.0,0.0,0.0,0.0,0.0,0.0,0.0,0.0,0.0,0.0,0.0,0.0,0.0,0.0,0.0,0.0,0.0,2.2233357739809536,0.7071067811865476,-0.7071067811865475
Maryam,2024-11-15 09:40:00+00:00,1,1,0,1,0,11-16-November.csv,0,0,0,0,0,0,0,0,0,0,0,0,0,0,0,0,0,0,0,1,0,351.441,,0.0,0.0,0.0,0.0,0.0,0.0,0.0,0.0,0.0,0.0,0.0,0.0,0.0,0.0,0.0,0.0,0.0,0.0,0.0,0.0,0.7071067811865476,-0.7071067811865475
Maryam,2024-11-24 16:35:00+00:00,3,1,1,1,0,23-30-November.csv,0,0,0,0,0,0,0,0,0,0,0,0,0,0,0,0,0,0,3,1,0,267505.87433333334,463329.5793078102,0.0,0.0,0.0,0.0,0.0,0.0,0.0,0.0,0.0,0.0,0.0,0.0,0.0,0.0,0.0,0.0,0.0,0.0,0.01,1.732035157966158,-0.8660254037844385,-0.5000000000000004
Maryam,2024-11-24 16:55:00+00:00,2,1,1,1,0,23-30-November.csv,0,0,0,0,0,0,0,0,0,0,0,0,0,0,0,0,0,0,2,1,0,595.0065,841.4662620001469,0.0,0.0,0.0,0.0,0.0,0.0,0.0,0.0,0.0,0.0,0.0,0.0,0.0,0.0,0.0,0.0,0.0,0.0,0.006666666666666667,1.414213562373095,-0.8660254037844385,-0.5000000000000004
Maryam,2024-11-24 17:00:00+00:00,10,1,1,1,0,23-30-November.csv,0,0,0,0,0,0,0,0,0,0,0,0,0,0,0,0,0,0,10,1,0,28.0305,75.84637621498106,0.0,0.0,0.0,0.0,0.0,0.0,0.0,0.0,0.0,0.0,0.0,0.0,0.0,0.0,0.0,0.0,0.0,0.0,0.03333333333333333,2.7058517049278845,-0.9659258262890683,-0.25881904510252063
Maryam,2024-11-25 05:50:00+00:00,1,1,1,1,0,23-30-November.csv,0,0,0,0,0,0,0,0,0,0,0,0,0,0,0,0,0,0,1,1,0,46132.455,,0.0,0.0,0.0,0.0,0.0,0.0,0.0,0.0,0.0,0.0,0.0,0.0,0.0,0.0,0.0,0.0,0.0,0.0,0.0033333333333333335,0.0,0.9659258262890683,0.25881904510252074
Maryam,2024-11-25 05:55:00+00:00,3,1,1,1,0,23-30-November.csv,0,0,0,0,0,0,0,0,0,0,0,0,0,0,0,0,0,0,3,1,0,110.02066666666667,190.39252924506607,0.0,0.0,0.0,0.0,0.0,0.0,0.0,0.0,0.0,0.0,0.0,0.0,0.0,0.0,0.0,0.0,0.0,0.0,0.01,1.7305160476976997,0.9659258262890683,0.25881904510252074
Maryam,2024-11-25 06:10:00+00:00,3,1,1,1,0,23-30-November.csv,0,0,0,0,0,0,0,0,0,0,0,0,0,0,0,0,0,0,3,1,0,296.838,513.7063621885561,0.0,0.0,0.0,0.0,0.0,0.0,0.0,0.0,0.0,0.0,0.0,0.0,0.0,0.0,0.0,0.0,0.0,0.0,0.01,1.7305950120555862,1.0,6.123233995736766e-17
Maryam,2024-11-25 06:15:00+00:00,1,1,1,1,0,23-30-November.csv,0,0,0,0,0,0,0,0,0,0,0,0,0,0,0,0,0,0,1,1,0,359.886,,0.0,0.0,0.0,0.0,0.0,0.0,0.0,0.0,0.0,0.0,0.0,0.0,0.0,0.0,0.0,0.0,0.0,0.0,0.0033333333333333335,0.0,1.0,6.123233995736766e-17
Maryam,2024-11-25 08:00:00+00:00,1,1,1,1,0,23-30-November.csv,0,0,0,0,0,0,0,0,0,0,0,0,0,0,0,0,0,0,1,1,0,6488.102,,0.0,0.0,0.0,0.0,0.0,0.0,0.0,0.0,0.0,0.0,0.0,0.0,0.0,0.0,0.0,0.0,0.0,0.0,0.0033333333333333335,0.0,0.8660254037844387,-0.4999999999999998
Maryam,2024-11-25 18:45:00+00:00,5,1,1,1,0,23-30-November.csv,0,0,0,0,0,0,0,0,0,0,0,0,0,0,0,0,0,0,5,1,0,7694.4274000000005,17201.841039650637,0.0,0.0,0.0,0.0,0.0,0.0,0.0,0.0,0.0,0.0,0.0,0.0,0.0,0.0,0.0,0.0,0.0,0.0,0.016666666666666666,2.2356232823316566,-1.0,-1.8369701987210297e-16
Maryam,2024-11-25 19:40:00+00:00,5,1,1,1,0,23-30-November.csv,0,0,0,0,0,0,0,0,0,0,0,0,0,0,0,0,0,0,5,1,0,684.2524000000001,1523.615505842862,0.0,0.0,0.0,0.0,0.0,0.0,0.0,0.0,0.0,0.0,0.0,0.0,0.0,0.0,0.0,0.0,0.0,0.0,0.016666666666666666,2.2266863891787034,-0.9659258262890684,0.2588190451025203
Maryam,2024-11-25 19:45:00+00:00,1,1,1,1,0,23-30-November.csv,0,0,0,0,0,0,0,0,0,0,0,0,0,0,0,0,0,0,1,1,0,352.396,,0.0,0.0,0.0,0.0,0.0,0.0,0.0,0.0,0.0,0.0,0.0,0.0,0.0,0.0,0.0,0.0,0.0,0.0,0.0033333333333333335,0.0,-0.9659258262890684,0.2588190451025203
Maryam,2024-11-25 23:15:00+00:00,1,1,1,1,0,23-30-November.csv,0,0,0,0,0,0,0,0,0,0,0,0,0,0,0,0,0,0,1,1,0,12613.471,,0.0,0.0,0.0,0.0,0.0,0.0,0.0,0.0,0.0,0.0,0.0,0.0,0.0,0.0,0.0,0.0,0.0,0.0,0.0033333333333333335,0.0,-0.25881904510252157,0.9659258262890681
Maryam,2024-11-26 05:10:00+00:00,4,1,1,1,0,23-30-November.csv,0,0,0,0,0,0,0,0,0,0,0,0,0,0,0,0,0,0,4,1,0,5331.71625,10656.583567396305,0.0,0.0,0.0,0.0,0.0,0.0,0.0,0.0,0.0,0.0,0.0,0.0,0.0,0.0,0.0,0.0,0.0,0.0,0.013333333333333334,1.9987154356528827,0.9659258262890683,0.25881904510252074
Maryam,2024-11-26 05:15:00+00:00,4,1,1,1,0,23-30-November.csv,0,0,0,0,0,0,0,0,0,0,0,0,0,0,0,0,0,0,4,1,0,28.5365,57.073,0.0,0.0,0.0,0.0,0.0,0.0,0.0,0.0,0.0,0.0,0.0,0.0,0.0,0.0,0.0,0.0,0.0,0.0,0.013333333333333334,2.0,0.9659258262890683,0.25881904510252074
Maryam,2024-11-26 05:20:00+00:00,1,1,1,1,0,23-30-November.csv,0,0,0,0,0,0,0,0,0,0,0,0,0,0,0,0,0,0,1,1,0,238.294,,0.0,0.0,0.0,0.0,0.0,0.0,0.0,0.0,0.0,0.0,0.0,0.0,0.0,0.0,0.0,0.0,0.0,0.0,0.0033333333333333335,0.0,0.9659258262890683,0.25881904510252074
Maryam,2024-11-26 15:25:00+00:00,1,1,1,1,0,23-30-November.csv,0,0,0,0,0,0,0,0,0,0,0,0,0,0,0,0,0,0,1,1,0,36456.947,,0.0,0.0,0.0,0.0,0.0,0.0,0.0,0.0,0.0,0.0,0.0,0.0,0.0,0.0,0.0,0.0,0.0,0.0,0.0033333333333333335,0.0,-0.7071067811865471,-0.7071067811865479
Maryam,2024-11-26 17:15:00+00:00,3,1,1,1,0,23-30-November.csv,0,0,0,0,0,0,0,0,0,0,0,0,0,0,0,0,0,0,3,1,0,2150.980666666667,3723.9564093362224,0.0,0.0,0.0,0.0,0.0,0.0,0.0,0.0,0.0,0.0,0.0,0.0,0.0,0.0,0.0,0.0,0.0,0.0,0.01,1.731283068716357,-0.9659258262890683,-0.25881904510252063
Maryam,2024-11-27 05:10:00+00:00,2,1,1,1,0,23-30-November.csv,0,0,0,0,0,0,0,0,0,0,0,0,0,0,0,0,0,0,2,1,0,21568.5745,30502.552194178188,0.0,0.0,0.0,0.0,0.0,0.0,0.0,0.0,0.0,0.0,0.0,0.0,0.0,0.0,0.0,0.0,0.0,0.0,0.006666666666666667,1.4142127099859192,0.9659258262890683,0.25881904510252074
Maryam,2024-11-27 05:15:00+00:00,3,1,1,1,0,23-30-November.csv,0,0,0,0,0,0,0,0,0,0,0,0,0,0,0,0,0,0,3,1,0,46.422333333333334,79.82622442739815,0.0,0.0,0.0,0.0,0.0,0.0,0.0,0.0,0.0,0.0,0.0,0.0,0.0,0.0,0.0,0.0,0.0,0.0,0.01,1.7195651035937762,0.9659258262890683,0.25881904510252074
Maryam,2024-11-27 17:10:00+00:00,2,1,1,1,0,23-30-November.csv,0,0,0,0,0,0,0,0,0,0,0,0,0,0,0,0,0,0,2,1,0,21532.738,30451.867487209514,0.0,0.0,0.0,0.0,0.0,0.0,0.0,0.0,0.0,0.0,0.0,0.0,0.0,0.0,0.0,0.0,0.0,0.0,0.006666666666666667,1.4142125115352033,-0.9659258262890683,-0.25881904510252063
Maryam,2024-11-27 17:15:00+00:00,3,1,1,1,0,23-30-November.csv,0,0,0,0,0,0,0,0,0,0,0,0,0,0,0,0,0,0,3,1,0,64.14533333333333,109.4029830961356,0.0,0.0,0.0,0.0,0.0,0.0,0.0,0.0,0.0,0.0,0.0,0.0,0.0,0.0,0.0,0.0,0.0,0.0,0.01,1.7055485942776136,-0.9659258262890683,-0.25881904510252063
Maryam,2024-11-27 21:20:00+00:00,1,1,1,1,0,23-30-November.csv,0,0,0,0,0,0,0,0,0,0,0,0,0,0,0,0,0,0,1,1,0,14636.366,,0.0,0.0,0.0,0.0,0.0,0.0,0.0,0.0,0.0,0.0,0.0,0.0,0.0,0.0,0.0,0.0,0.0,0.0,0.0033333333333333335,0.0,-0.7071067811865477,0.7071067811865474
Maryam,2024-11-28 05:15:00+00:00,3,1,1,1,0,23-30-November.csv,0,0,0,0,0,0,0,0,0,0,0,0,0,0,0,0,0,0,3,1,0,9540.893333333333,16521.50250252338,0.0,0.0,0.0,0.0,0.0,0.0,0.0,0.0,0.0,0.0,0.0,0.0,0.0,0.0,0.0,0.0,0.0,0.0,0.01,1.7316515262571548,0.9659258262890683,0.25881904510252074
Maryam,2024-11-29 11:05:00+00:00,5,1,1,1,0,23-30-November.csv,0,0,0,0,0,0,0,0,0,0,0,0,0,0,0,0,0,0,5,1,0,21494.9646,48057.076911675395,0.0,0.0,0.0,0.0,0.0,0.0,0.0,0.0,0.0,0.0,0.0,0.0,0.0,0.0,0.0,0.0,0.0,0.0,0.016666666666666666,2.235736499499766,0.258819045102521,-0.9659258262890682
Maryam,2024-11-29 19:20:00+00:00,1,1,1,1,0,23-30-November.csv,0,0,0,0,0,0,0,0,0,0,0,0,0,0,0,0,0,0,1,1,0,29542.795,,0.0,0.0,0.0,0.0,0.0,0.0,0.0,0.0,0.0,0.0,0.0,0.0,0.0,0.0,0.0,0.0,0.0,0.0,0.0033333333333333335,0.0,-0.9659258262890684,0.2588190451025203
Maryam,2024-11-29 19:25:00+00:00,1,1,1,1,0,23-30-November.csv,0,0,0,0,0,0,0,0,0,0,0,0,0,0,0,0,0,0,1,1,0,360.461,,0.0,0.0,0.0,0.0,0.0,0.0,0.0,0.0,0.0,0.0,0.0,0.0,0.0,0.0,0.0,0.0,0.0,0.0,0.0033333333333333335,0.0,-0.9659258262890684,0.2588190451025203
Maryam,2024-11-29 23:05:00+00:00,7,1,0,1,0,30-November.csv,0,0,0,0,0,0,0,0,0,0,0,0,0,0,0,0,0,0,0,1,0,1898.5771428571427,5021.525815422155,0.0,0.0,0.0,0.0,0.0,0.0,0.0,0.0,0.0,0.0,0.0,0.0,0.0,0.0,0.0,0.0,0.0,0.0,0.0,2.6448890077046485,-0.25881904510252157,0.9659258262890681
Maryam,2024-11-29 23:10:00+00:00,3,1,0,1,0,30-November.csv,0,0,0,0,0,0,0,0,0,0,0,0,0,0,0,0,0,0,0,1,0,20.787000000000003,32.7004352876227,0.0,0.0,0.0,0.0,0.0,0.0,0.0,0.0,0.0,0.0,0.0,0.0,0.0,0.0,0.0,0.0,0.0,0.0,0.0,1.5731195115996872,-0.25881904510252157,0.9659258262890681
Maryam,2024-11-30 11:10:00+00:00,3,1,0,1,0,30-November.csv,0,0,0,0,0,0,0,0,0,0,0,0,0,0,0,0,0,0,0,1,0,14427.687333333333,24988.43788139335,0.0,0.0,0.0,0.0,0.0,0.0,0.0,0.0,0.0,0.0,0.0,0.0,0.0,0.0,0.0,0.0,0.0,0.0,0.0,1.731978057471536,0.258819045102521,-0.9659258262890682
Maryam,2024-11-30 20:30:00+00:00,3,1,1,1,0,01-03-December.csv,0,0,0,0,0,0,0,0,0,0,0,0,0,0,0,0,0,0,3,1,0,11159.071333333333,19328.078514618708,0.0,0.0,0.0,0.0,0.0,0.0,0.0,0.0,0.0,0.0,0.0,0.0,0.0,0.0,0.0,0.0,0.0,0.0,0.01,1.7320508075688772,-0.8660254037844386,0.5000000000000001
Maryam,2024-11-30 23:10:00+00:00,3,1,1,1,0,01-03-December.csv,0,0,0,0,0,0,0,0,0,0,0,0,0,0,0,0,0,0,3,1,0,3261.127666666667,5647.53037151376,0.0,0.0,0.0,0.0,0.0,0.0,0.0,0.0,0.0,0.0,0.0,0.0,0.0,0.0,0.0,0.0,0.0,0.0,0.01,1.7317722422337218,-0.25881904510252157,0.9659258262890681
Maryam,2024-12-01 06:15:00+00:00,2,1,1,1,0,01-03-December.csv,0,0,0,0,0,0,0,0,0,0,0,0,0,0,0,0,0,0,2,1,0,12714.7665,17981.39522670709,0.0,0.0,0.0,0.0,0.0,0.0,0.0,0.0,0.0,0.0,0.0,0.0,0.0,0.0,0.0,0.0,0.0,0.0,0.006666666666666667,1.4142135623730951,1.0,6.123233995736766e-17
Maryam,2024-12-01 06:20:00+00:00,5,1,1,1,0,01-03-December.csv,0,0,0,0,0,0,0,0,0,0,0,0,0,0,0,0,0,0,5,1,0,66.249,141.78794137196576,0.0,0.0,0.0,0.0,0.0,0.0,0.0,0.0,0.0,0.0,0.0,0.0,0.0,0.0,0.0,0.0,0.0,0.0,0.016666666666666666,2.1402276467866046,1.0,6.123233995736766e-17
Maryam,2024-12-01 06:25:00+00:00,1,1,1,1,0,01-03-December.csv,0,0,0,0,0,0,0,0,0,0,0,0,0,0,0,0,0,0,1,1,0,352.39,,0.0,0.0,0.0,0.0,0.0,0.0,0.0,0.0,0.0,0.0,0.0,0.0,0.0,0.0,0.0,0.0,0.0,0.0,0.0033333333333333335,0.0,1.0,6.123233995736766e-17
Maryam,2024-12-01 12:00:00+00:00,1,1,1,1,0,01-03-December.csv,0,0,0,0,0,0,0,0,0,0,0,0,0,0,0,0,0,0,1,1,0,20181.034,,0.0,0.0,0.0,0.0,0.0,0.0,0.0,0.0,0.0,0.0,0.0,0.0,0.0,0.0,0.0,0.0,0.0,0.0,0.0033333333333333335,0.0,1.2246467991473532e-16,-1.0
Maryam,2024-12-01 17:55:00+00:00,5,1,1,1,0,01-03-December.csv,0,0,0,0,0,0,0,0,0,0,0,0,0,0,0,0,0,0,5,1,0,4220.2486,9429.769533902183,0.0,0.0,0.0,0.0,0.0,0.0,0.0,0.0,0.0,0.0,0.0,0.0,0.0,0.0,0.0,0.0,0.0,0.0,0.016666666666666666,2.234410914537637,-0.9659258262890683,-0.25881904510252063
Maryam,2024-12-01 18:00:00+00:00,1,1,1,1,0,01-03-December.csv,0,0,0,0,0,0,0,0,0,0,0,0,0,0,0,0,0,0,1,1,0,351.367,,0.0,0.0,0.0,0.0,0.0,0.0,0.0,0.0,0.0,0.0,0.0,0.0,0.0,0.0,0.0,0.0,0.0,0.0,0.0033333333333333335,0.0,-1.0,-1.8369701987210297e-16
Maryam,2024-12-02 06:40:00+00:00,5,1,1,1,0,01-03-December.csv,0,0,0,0,0,0,0,0,0,0,0,0,0,0,0,0,0,0,5,1,0,9118.788199999999,20385.877950241615,0.0,0.0,0.0,0.0,0.0,0.0,0.0,0.0,0.0,0.0,0.0,0.0,0.0,0.0,0.0,0.0,0.0,0.0,0.016666666666666666,2.2355906841044533,1.0,6.123233995736766e-17
Maryam,2024-12-02 11:40:00+00:00,7,1,1,1,0,01-03-December.csv,0,0,0,0,0,0,0,0,0,0,0,0,0,0,0,0,0,0,7,1,0,2573.683,6804.909845733397,0.0,0.0,0.0,0.0,0.0,0.0,0.0,0.0,0.0,0.0,0.0,0.0,0.0,0.0,0.0,0.0,0.0,0.0,0.023333333333333334,2.6440357440032036,0.258819045102521,-0.9659258262890682
Maryam,2024-12-02 11:45:00+00:00,1,1,1,1,0,01-03-December.csv,0,0,0,0,0,0,0,0,0,0,0,0,0,0,0,0,0,0,1,1,0,354.389,,0.0,0.0,0.0,0.0,0.0,0.0,0.0,0.0,0.0,0.0,0.0,0.0,0.0,0.0,0.0,0.0,0.0,0.0,0.0033333333333333335,0.0,0.258819045102521,-0.9659258262890682
Maryam,2024-12-02 12:35:00+00:00,1,1,1,1,0,01-03-December.csv,0,0,0,0,0,0,0,0,0,0,0,0,0,0,0,0,0,0,1,1,0,2883.052,,0.0,0.0,0.0,0.0,0.0,0.0,0.0,0.0,0.0,0.0,0.0,0.0,0.0,0.0,0.0,0.0,0.0,0.0,0.0033333333333333335,0.0,1.2246467991473532e-16,-1.0
Maryam,2024-12-02 20:10:00+00:00,5,1,1,1,0,01-03-December.csv,0,0,0,0,0,0,0,0,0,0,0,0,0,0,0,0,0,0,5,1,0,5490.5502,12270.216042706978,0.0,0.0,0.0,0.0,0.0,0.0,0.0,0.0,0.0,0.0,0.0,0.0,0.0,0.0,0.0,0.0,0.0,0.0,0.016666666666666666,2.234788062352472,-0.8660254037844386,0.5000000000000001
Maryam,2024-12-02 20:15:00+00:00,1,1,1,1,0,01-03-December.csv,0,0,0,0,0,0,0,0,0,0,0,0,0,0,0,0,0,0,1,1,0,351.383,,0.0,0.0,0.0,0.0,0.0,0.0,0.0,0.0,0.0,0.0,0.0,0.0,0.0,0.0,0.0,0.0,0.0,0.0,0.0033333333333333335,0.0,-0.8660254037844386,0.5000000000000001
Maryam,2024-12-03 08:10:00+00:00,2,1,1,1,0,03-04-December.csv,0,0,0,0,0,0,0,0,0,0,0,0,0,0,0,0,0,0,2,1,0,21453.242000000002,30339.44599428223,0.0,0.0,0.0,0.0,0.0,0.0,0.0,0.0,0.0,0.0,0.0,0.0,0.0,0.0,0.0,0.0,0.0,0.0,0.006666666666666667,1.4142126394827517,0.8660254037844387,-0.4999999999999998
Maryam,2024-12-03 08:15:00+00:00,1,1,1,1,0,03-04-December.csv,0,0,0,0,0,0,0,0,0,0,0,0,0,0,0,0,0,0,1,1,0,5.765,,0.0,0.0,0.0,0.0,0.0,0.0,0.0,0.0,0.0,0.0,0.0,0.0,0.0,0.0,0.0,0.0,0.0,0.0,0.0033333333333333335,0.0,0.8660254037844387,-0.4999999999999998
Maryam,2024-12-03 11:20:00+00:00,1,1,1,1,0,03-04-December.csv,0,0,0,0,0,0,0,0,0,0,0,0,0,0,0,0,0,0,1,1,0,11150.068,,0.0,0.0,0.0,0.0,0.0,0.0,0.0,0.0,0.0,0.0,0.0,0.0,0.0,0.0,0.0,0.0,0.0,0.0,0.0033333333333333335,0.0,0.258819045102521,-0.9659258262890682
Maryam,2024-12-03 20:05:00+00:00,1,1,1,1,0,03-04-December.csv,0,0,0,0,0,0,0,0,0,0,0,0,0,0,0,0,0,0,1,1,0,31534.139,,0.0,0.0,0.0,0.0,0.0,0.0,0.0,0.0,0.0,0.0,0.0,0.0,0.0,0.0,0.0,0.0,0.0,0.0,0.0033333333333333335,0.0,-0.8660254037844386,0.5000000000000001
Maryam,2024-12-03 20:10:00+00:00,1,1,1,1,0,03-04-December.csv,0,0,0,0,0,0,0,0,0,0,0,0,0,0,0,0,0,0,1,1,0,351.45,,0.0,0.0,0.0,0.0,0.0,0.0,0.0,0.0,0.0,0.0,0.0,0.0,0.0,0.0,0.0,0.0,0.0,0.0,0.0033333333333333335,0.0,-0.8660254037844386,0.5000000000000001
Maryam,2024-12-03 23:05:00+00:00,5,1,1,1,0,04-07-December.csv,0,0,0,0,0,0,0,0,0,0,0,0,0,0,0,0,0,0,5,1,0,2089.953,4666.205010072532,0.0,0.0,0.0,0.0,0.0,0.0,0.0,0.0,0.0,0.0,0.0,0.0,0.0,0.0,0.0,0.0,0.0,0.0,0.016666666666666666,2.2326841847986687,-0.25881904510252157,0.9659258262890681
Maryam,2024-12-04 11:05:00+00:00,5,1,1,1,0,04-07-December.csv,0,0,0,0,0,0,0,0,0,0,0,0,0,0,0,0,0,0,5,1,0,8646.515000000001,19311.01892068641,0.0,0.0,0.0,0.0,0.0,0.0,0.0,0.0,0.0,0.0,0.0,0.0,0.0,0.0,0.0,0.0,0.0,0.0,0.016666666666666666,2.2333875463913966,0.258819045102521,-0.9659258262890682
Maryam,2024-12-05 14:15:00+00:00,4,1,1,1,0,04-07-December.csv,0,0,0,0,0,0,0,0,0,0,0,0,0,0,0,0,0,0,4,1,0,24493.502249999998,48984.62385422921,0.0,0.0,0.0,0.0,0.0,0.0,0.0,0.0,0.0,0.0,0.0,0.0,0.0,0.0,0.0,0.0,0.0,0.0,0.013333333333333334,1.9999028050073655,-0.4999999999999997,-0.8660254037844388
Maryam,2024-12-05 14:20:00+00:00,5,1,1,1,0,04-07-December.csv,0,0,0,0,0,0,0,0,0,0,0,0,0,0,0,0,0,0,5,1,0,2.7996,3.8931307838293847,0.0,0.0,0.0,0.0,0.0,0.0,0.0,0.0,0.0,0.0,0.0,0.0,0.0,0.0,0.0,0.0,0.0,0.0,0.016666666666666666,1.3906025088689045,-0.4999999999999997,-0.8660254037844388
Maryam,2024-12-05 14:25:00+00:00,1,1,1,1,0,04-07-December.csv,0,0,0,0,0,0,0,0,0,0,0,0,0,0,0,0,0,0,1,1,0,346.567,,0.0,0.0,0.0,0.0,0.0,0.0,0.0,0.0,0.0,0.0,0.0,0.0,0.0,0.0,0.0,0.0,0.0,0.0,0.0033333333333333335,0.0,-0.4999999999999997,-0.8660254037844388
Maryam,2024-12-05 14:45:00+00:00,5,1,1,1,0,04-07-December.csv,0,0,0,0,0,0,0,0,0,0,0,0,0,0,0,0,0,0,5,1,0,282.4358,624.6942323346678,0.0,0.0,0.0,0.0,0.0,0.0,0.0,0.0,0.0,0.0,0.0,0.0,0.0,0.0,0.0,0.0,0.0,0.0,0.016666666666666666,2.2118096655405153,-0.4999999999999997,-0.8660254037844388
Maryam,2024-12-05 14:55:00+00:00,2,1,1,1,0,04-07-December.csv,0,0,0,0,0,0,0,0,0,0,0,0,0,0,0,0,0,0,2,1,0,282.8035,96.98888742789039,0.0,0.0,0.0,0.0,0.0,0.0,0.0,0.0,0.0,0.0,0.0,0.0,0.0,0.0,0.0,0.0,0.0,0.0,0.006666666666666667,0.3429550462702562,-0.4999999999999997,-0.8660254037844388
Maryam,2024-12-05 15:15:00+00:00,3,1,1,1,0,04-07-December.csv,0,0,0,0,0,0,0,0,0,0,0,0,0,0,0,0,0,0,3,1,0,387.7393333333334,671.5833594010005,0.0,0.0,0.0,0.0,0.0,0.0,0.0,0.0,0.0,0.0,0.0,0.0,0.0,0.0,0.0,0.0,0.0,0.0,0.01,1.7320485740445912,-0.7071067811865471,-0.7071067811865479
Maryam,2024-12-05 15:30:00+00:00,5,1,1,1,0,04-07-December.csv,0,0,0,0,0,0,0,0,0,0,0,0,0,0,0,0,0,0,5,1,0,196.61460000000002,433.68803460125577,0.0,0.0,0.0,0.0,0.0,0.0,0.0,0.0,0.0,0.0,0.0,0.0,0.0,0.0,0.0,0.0,0.0,0.0,0.016666666666666666,2.205777366488835,-0.7071067811865471,-0.7071067811865479
Maryam,2024-12-05 15:45:00+00:00,7,1,1,1,0,04-07-December.csv,0,0,0,0,0,0,0,0,0,0,0,0,0,0,0,0,0,0,7,1,0,101.84857142857142,262.43983733855214,0.0,0.0,0.0,0.0,0.0,0.0,0.0,0.0,0.0,0.0,0.0,0.0,0.0,0.0,0.0,0.0,0.0,0.0,0.023333333333333334,2.5767650312366612,-0.7071067811865471,-0.7071067811865479
Maryam,2024-12-06 03:35:00+00:00,3,1,1,1,0,04-07-December.csv,0,0,0,0,0,0,0,0,0,0,0,0,0,0,0,0,0,0,3,1,0,14178.687666666667,24549.980637063352,0.0,0.0,0.0,0.0,0.0,0.0,0.0,0.0,0.0,0.0,0.0,0.0,0.0,0.0,0.0,0.0,0.0,0.0,0.01,1.7314705855873416,0.7071067811865476,0.7071067811865476
Maryam,2024-12-06 18:05:00+00:00,9,1,1,1,0,04-07-December.csv,0,0,0,0,0,0,0,0,0,0,0,0,0,0,0,0,0,0,9,1,0,5812.876888888889,17433.917537514993,0.0,0.0,0.0,0.0,0.0,0.0,0.0,0.0,0.0,0.0,0.0,0.0,0.0,0.0,0.0,0.0,0.0,0.0,0.03,2.9991891916443847,-1.0,-1.8369701987210297e-16
Maryam,2024-12-06 18:10:00+00:00,1,1,1,1,0,04-07-December.csv,0,0,0,0,0,0,0,0,0,0,0,0,0,0,0,0,0,0,1,1,0,351.755,,0.0,0.0,0.0,0.0,0.0,0.0,0.0,0.0,0.0,0.0,0.0,0.0,0.0,0.0,0.0,0.0,0.0,0.0,0.0033333333333333335,0.0,-1.0,-1.8369701987210297e-16
Maryam,2024-12-06 21:10:00+00:00,1,1,1,1,0,07-10-December.csv,0,0,0,0,0,0,0,0,0,0,0,0,0,0,0,0,0,0,1,1,0,10812.032,,0.0,0.0,0.0,0.0,0.0,0.0,0.0,0.0,0.0,0.0,0.0,0.0,0.0,0.0,0.0,0.0,0.0,0.0,0.0033333333333333335,0.0,-0.7071067811865477,0.7071067811865474
Maryam,2024-12-07 06:05:00+00:00,5,1,1,1,0,07-10-December.csv,0,0,0,0,0,0,0,0,0,0,0,0,0,0,0,0,0,0,5,1,0,6421.448600000001,14314.430482804295,0.0,0.0,0.0,0.0,0.0,0.0,0.0,0.0,0.0,0.0,0.0,0.0,0.0,0.0,0.0,0.0,0.0,0.0,0.016666666666666666,2.2291590845723337,1.0,6.123233995736766e-17
Maryam,2024-12-07 18:05:00+00:00,5,1,1,1,0,07-10-December.csv,0,0,0,0,0,0,0,0,0,0,0,0,0,0,0,0,0,0,5,1,0,8652.428600000001,19270.725389781423,0.0,0.0,0.0,0.0,0.0,0.0,0.0,0.0,0.0,0.0,0.0,0.0,0.0,0.0,0.0,0.0,0.0,0.0,0.016666666666666666,2.227204208282218,-1.0,-1.8369701987210297e-16
Maryam,2024-12-08 06:10:00+00:00,3,1,1,1,0,07-10-December.csv,0,0,0,0,0,0,0,0,0,0,0,0,0,0,0,0,0,0,3,1,0,14422.155,24975.38469683901,0.0,0.0,0.0,0.0,0.0,0.0,0.0,0.0,0.0,0.0,0.0,0.0,0.0,0.0,0.0,0.0,0.0,0.0,0.01,1.73173736496654,1.0,6.123233995736766e-17
Maryam,2024-12-08 18:10:00+00:00,3,1,1,1,0,07-10-December.csv,0,0,0,0,0,0,0,0,0,0,0,0,0,0,0,0,0,0,3,1,0,14428.747666666668,24987.18455950781,0.0,0.0,0.0,0.0,0.0,0.0,0.0,0.0,0.0,0.0,0.0,0.0,0.0,0.0,0.0,0.0,0.0,0.0,0.01,1.7317639158132392,-1.0,-1.8369701987210297e-16
Maryam,2024-12-08 20:30:00+00:00,3,1,1,1,0,07-10-December.csv,0,0,0,0,0,0,0,0,0,0,0,0,0,0,0,0,0,0,3,1,0,2775.979333333333,4808.136380069135,0.0,0.0,0.0,0.0,0.0,0.0,0.0,0.0,0.0,0.0,0.0,0.0,0.0,0.0,0.0,0.0,0.0,0.0,0.01,1.7320504955977585,-0.8660254037844386,0.5000000000000001
Maryam,2024-12-09 05:50:00+00:00,5,1,1,1,0,07-10-December.csv,0,0,0,0,0,0,0,0,0,0,0,0,0,0,0,0,0,0,5,1,0,6761.6878,15113.711882754473,0.0,0.0,0.0,0.0,0.0,0.0,0.0,0.0,0.0,0.0,0.0,0.0,0.0,0.0,0.0,0.0,0.0,0.0,0.016666666666666666,2.235198123574187,0.9659258262890683,0.25881904510252074
Maryam,2024-12-09 06:00:00+00:00,1,1,1,1,0,07-10-December.csv,0,0,0,0,0,0,0,0,0,0,0,0,0,0,0,0,0,0,1,1,0,352.45,,0.0,0.0,0.0,0.0,0.0,0.0,0.0,0.0,0.0,0.0,0.0,0.0,0.0,0.0,0.0,0.0,0.0,0.0,0.0033333333333333335,0.0,1.0,6.123233995736766e-17
Maryam,2024-12-09 17:55:00+00:00,3,1,1,1,0,07-10-December.csv,0,0,0,0,0,0,0,0,0,0,0,0,0,0,0,0,0,0,3,1,0,14305.117666666665,24775.417873482827,0.0,0.0,0.0,0.0,0.0,0.0,0.0,0.0,0.0,0.0,0.0,0.0,0.0,0.0,0.0,0.0,0.0,0.0,0.01,1.731926884545223,-0.9659258262890683,-0.25881904510252063
Maryam,2024-12-09 18:30:00+00:00,2,1,1,1,0,07-10-December.csv,0,0,0,0,0,0,0,0,0,0,0,0,0,0,0,0,0,0,2,1,0,1107.792,1566.6544706884156,0.0,0.0,0.0,0.0,0.0,0.0,0.0,0.0,0.0,0.0,0.0,0.0,0.0,0.0,0.0,0.0,0.0,0.0,0.006666666666666667,1.4142135623730951,-1.0,-1.8369701987210297e-16
Maryam,2024-12-09 18:40:00+00:00,5,1,1,1,0,07-10-December.csv,0,0,0,0,0,0,0,0,0,0,0,0,0,0,0,0,0,0,5,1,0,139.73039999999997,305.41708439984166,0.0,0.0,0.0,0.0,0.0,0.0,0.0,0.0,0.0,0.0,0.0,0.0,0.0,0.0,0.0,0.0,0.0,0.0,0.016666666666666666,2.185759751634875,-1.0,-1.8369701987210297e-16
Maryam,2024-12-09 18:45:00+00:00,1,1,1,1,0,07-10-December.csv,0,0,0,0,0,0,0,0,0,0,0,0,0,0,0,0,0,0,1,1,0,351.427,,0.0,0.0,0.0,0.0,0.0,0.0,0.0,0.0,0.0,0.0,0.0,0.0,0.0,0.0,0.0,0.0,0.0,0.0,0.0033333333333333335,0.0,-1.0,-1.8369701987210297e-16
Maryam,2024-12-10 06:45:00+00:00,3,1,1,1,0,10-December-P1.csv,0,0,0,0,0,0,0,0,0,0,0,0,0,0,0,0,0,0,3,1,0,14306.535333333333,24778.55922350015,0.0,0.0,0.0,0.0,0.0,0.0,0.0,0.0,0.0,0.0,0.0,0.0,0.0,0.0,0.0,0.0,0.0,0.0,0.01,1.7319748385038867,1.0,6.123233995736766e-17
Maryam,2024-12-10 09:55:00+00:00,1,1,1,1,0,10-December-P1.csv,0,0,0,0,0,0,0,0,0,0,0,0,0,0,0,0,0,0,1,1,0,11497.972,,0.0,0.0,0.0,0.0,0.0,0.0,0.0,0.0,0.0,0.0,0.0,0.0,0.0,0.0,0.0,0.0,0.0,0.0,0.0033333333333333335,0.0,0.7071067811865476,-0.7071067811865475
Maryam,2024-12-10 16:15:00+00:00,1,1,1,1,0,10-December-P2.csv,0,0,0,0,0,0,0,0,0,0,0,0,0,0,0,0,0,0,1,1,0,22704.97,,0.0,0.0,0.0,0.0,0.0,0.0,0.0,0.0,0.0,0.0,0.0,0.0,0.0,0.0,0.0,0.0,0.0,0.0,0.0033333333333333335,0.0,-0.8660254037844385,-0.5000000000000004
Maryam,2024-12-10 17:30:00+00:00,5,1,1,1,0,10-December-P2.csv,0,0,0,0,0,0,0,0,0,0,0,0,0,0,0,0,0,0,5,1,0,951.0436000000002,2120.4501985269076,0.0,0.0,0.0,0.0,0.0,0.0,0.0,0.0,0.0,0.0,0.0,0.0,0.0,0.0,0.0,0.0,0.0,0.0,0.016666666666666666,2.2296035623676005,-0.9659258262890683,-0.25881904510252063
Maryam,2024-12-10 17:40:00+00:00,8,1,1,1,0,10-December-P2.csv,0,0,0,0,0,0,0,0,0,0,0,0,0,0,0,0,0,0,8,1,0,60.889125,151.56032308003637,0.0,0.0,0.0,0.0,0.0,0.0,0.0,0.0,0.0,0.0,0.0,0.0,0.0,0.0,0.0,0.0,0.0,0.0,0.02666666666666667,2.4891197414979502,-0.9659258262890683,-0.25881904510252063
Maryam,2024-12-10 17:45:00+00:00,5,1,1,1,0,10-December-P2.csv,0,0,0,0,0,0,0,0,0,0,0,0,0,0,0,0,0,0,5,1,0,66.2692,141.11090130000588,0.0,0.0,0.0,0.0,0.0,0.0,0.0,0.0,0.0,0.0,0.0,0.0,0.0,0.0,0.0,0.0,0.0,0.0,0.016666666666666666,2.1293587564057797,-0.9659258262890683,-0.25881904510252063
Maryam,2024-12-10 17:50:00+00:00,1,1,1,1,0,10-December-P2.csv,0,0,0,0,0,0,0,0,0,0,0,0,0,0,0,0,0,0,1,1,0,351.379,,0.0,0.0,0.0,0.0,0.0,0.0,0.0,0.0,0.0,0.0,0.0,0.0,0.0,0.0,0.0,0.0,0.0,0.0,0.0033333333333333335,0.0,-0.9659258262890683,-0.25881904510252063
Maryam,2024-12-10 18:15:00+00:00,2,1,1,1,0,10-December-P2.csv,0,0,0,0,0,0,0,0,0,0,0,0,0,0,0,0,0,0,2,1,0,762.7935,1078.7529129900415,0.0,0.0,0.0,0.0,0.0,0.0,0.0,0.0,0.0,0.0,0.0,0.0,0.0,0.0,0.0,0.0,0.0,0.0,0.006666666666666667,1.4142135623730951,-1.0,-1.8369701987210297e-16
Maryam,2024-12-10 20:40:00+00:00,8,1,1,1,0,11-12-December.csv,0,0,0,0,0,0,0,0,0,0,0,0,0,0,0,0,0,0,8,1,0,1087.95525,3069.6393328577474,0.0,0.0,0.0,0.0,0.0,0.0,0.0,0.0,0.0,0.0,0.0,0.0,0.0,0.0,0.0,0.0,0.0,0.0,0.02666666666666667,2.8214757296844217,-0.8660254037844386,0.5000000000000001
Maryam,2024-12-10 20:45:00+00:00,3,1,1,1,0,11-12-December.csv,0,0,0,0,0,0,0,0,0,0,0,0,0,0,0,0,0,0,3,1,0,18.018,31.208091450776035,0.0,0.0,0.0,0.0,0.0,0.0,0.0,0.0,0.0,0.0,0.0,0.0,0.0,0.0,0.0,0.0,0.0,0.0,0.01,1.7320508075688774,-0.8660254037844386,0.5000000000000001
Maryam,2024-12-10 20:50:00+00:00,1,1,1,1,0,11-12-December.csv,0,0,0,0,0,0,0,0,0,0,0,0,0,0,0,0,0,0,1,1,0,290.324,,0.0,0.0,0.0,0.0,0.0,0.0,0.0,0.0,0.0,0.0,0.0,0.0,0.0,0.0,0.0,0.0,0.0,0.0,0.0033333333333333335,0.0,-0.8660254037844386,0.5000000000000001
Maryam,2024-12-11 06:30:00+00:00,5,1,1,1,0,11-12-December.csv,0,0,0,0,0,0,0,0,0,0,0,0,0,0,0,0,0,0,5,1,0,6975.552200000001,15591.331318509165,0.0,0.0,0.0,0.0,0.0,0.0,0.0,0.0,0.0,0.0,0.0,0.0,0.0,0.0,0.0,0.0,0.0,0.0,0.016666666666666666,2.2351393655270995,1.0,6.123233995736766e-17
Maryam,2024-12-11 06:35:00+00:00,1,1,1,1,0,11-12-December.csv,0,0,0,0,0,0,0,0,0,0,0,0,0,0,0,0,0,0,1,1,0,352.39,,0.0,0.0,0.0,0.0,0.0,0.0,0.0,0.0,0.0,0.0,0.0,0.0,0.0,0.0,0.0,0.0,0.0,0.0,0.0033333333333333335,0.0,1.0,6.123233995736766e-17
Maryam,2024-12-11 12:40:00+00:00,1,1,1,1,0,11-12-December.csv,0,0,0,0,0,0,0,0,0,0,0,0,0,0,0,0,0,0,1,1,0,21983.144,,0.0,0.0,0.0,0.0,0.0,0.0,0.0,0.0,0.0,0.0,0.0,0.0,0.0,0.0,0.0,0.0,0.0,0.0,0.0033333333333333335,0.0,1.2246467991473532e-16,-1.0
Maryam,2024-12-11 16:40:00+00:00,1,1,1,1,0,11-12-December.csv,0,0,0,0,0,0,0,0,0,0,0,0,0,0,0,0,0,0,1,1,0,14371.049,,0.0,0.0,0.0,0.0,0.0,0.0,0.0,0.0,0.0,0.0,0.0,0.0,0.0,0.0,0.0,0.0,0.0,0.0,0.0033333333333333335,0.0,-0.8660254037844385,-0.5000000000000004
Maryam,2024-12-11 18:30:00+00:00,5,1,1,1,0,11-12-December.csv,0,0,0,0,0,0,0,0,0,0,0,0,0,0,0,0,0,0,5,1,0,1310.8742,2892.548968871175,0.0,0.0,0.0,0.0,0.0,0.0,0.0,0.0,0.0,0.0,0.0,0.0,0.0,0.0,0.0,0.0,0.0,0.0,0.016666666666666666,2.206580134746092,-1.0,-1.8369701987210297e-16
Maryam,2024-12-12 06:30:00+00:00,3,1,1,1,0,12-13-December.csv,0,0,0,0,0,0,0,0,0,0,0,0,0,0,0,0,0,0,3,1,0,14420.763,24976.158800421814,0.0,0.0,0.0,0.0,0.0,0.0,0.0,0.0,0.0,0.0,0.0,0.0,0.0,0.0,0.0,0.0,0.0,0.0,0.01,1.7319582050146591,1.0,6.123233995736766e-17
Maryam,2024-12-12 06:45:00+00:00,5,1,1,1,0,12-13-December.csv,0,0,0,0,0,0,0,0,0,0,0,0,0,0,0,0,0,0,5,1,0,181.3598,398.97698845008597,0.0,0.0,0.0,0.0,0.0,0.0,0.0,0.0,0.0,0.0,0.0,0.0,0.0,0.0,0.0,0.0,0.0,0.0,0.016666666666666666,2.1999196539149577,1.0,6.123233995736766e-17
Maryam,2024-12-12 07:00:00+00:00,1,1,1,1,0,12-13-December.csv,0,0,0,0,0,0,0,0,0,0,0,0,0,0,0,0,0,0,1,1,0,712.779,,0.0,0.0,0.0,0.0,0.0,0.0,0.0,0.0,0.0,0.0,0.0,0.0,0.0,0.0,0.0,0.0,0.0,0.0,0.0033333333333333335,0.0,0.9659258262890683,-0.25881904510252063
Maryam,2024-12-12 07:05:00+00:00,5,1,1,1,0,12-13-December.csv,0,0,0,0,0,0,0,0,0,0,0,0,0,0,0,0,0,0,5,1,0,72.076,151.19869458265836,0.0,0.0,0.0,0.0,0.0,0.0,0.0,0.0,0.0,0.0,0.0,0.0,0.0,0.0,0.0,0.0,0.0,0.0,0.016666666666666666,2.097767559002419,0.9659258262890683,-0.25881904510252063
Maryam,2024-12-12 07:10:00+00:00,1,1,1,1,0,12-13-December.csv,0,0,0,0,0,0,0,0,0,0,0,0,0,0,0,0,0,0,1,1,0,360.436,,0.0,0.0,0.0,0.0,0.0,0.0,0.0,0.0,0.0,0.0,0.0,0.0,0.0,0.0,0.0,0.0,0.0,0.0,0.0033333333333333335,0.0,0.9659258262890683,-0.25881904510252063
Maryam,2024-12-12 09:35:00+00:00,1,1,1,1,0,12-13-December.csv,0,0,0,0,0,0,0,0,0,0,0,0,0,0,0,0,0,0,1,1,0,8649.061,,0.0,0.0,0.0,0.0,0.0,0.0,0.0,0.0,0.0,0.0,0.0,0.0,0.0,0.0,0.0,0.0,0.0,0.0,0.0033333333333333335,0.0,0.7071067811865476,-0.7071067811865475
Maryam,2024-12-12 15:05:00+00:00,1,1,1,1,0,12-13-December.csv,0,0,0,0,0,0,0,0,0,0,0,0,0,0,0,0,0,0,1,1,0,19821.312,,0.0,0.0,0.0,0.0,0.0,0.0,0.0,0.0,0.0,0.0,0.0,0.0,0.0,0.0,0.0,0.0,0.0,0.0,0.0033333333333333335,0.0,-0.7071067811865471,-0.7071067811865479
Maryam,2024-12-12 15:10:00+00:00,1,1,1,1,0,12-13-December.csv,0,0,0,0,0,0,0,0,0,0,0,0,0,0,0,0,0,0,1,1,0,360.338,,0.0,0.0,0.0,0.0,0.0,0.0,0.0,0.0,0.0,0.0,0.0,0.0,0.0,0.0,0.0,0.0,0.0,0.0,0.0033333333333333335,0.0,-0.7071067811865471,-0.7071067811865479
Maryam,2024-12-12 15:20:00+00:00,5,1,1,1,0,12-13-December.csv,0,0,0,0,0,0,0,0,0,0,0,0,0,0,0,0,0,0,5,1,0,139.9344,306.3629800078658,0.0,0.0,0.0,0.0,0.0,0.0,0.0,0.0,0.0,0.0,0.0,0.0,0.0,0.0,0.0,0.0,0.0,0.0,0.016666666666666666,2.189332858881489,-0.7071067811865471,-0.7071067811865479
Maryam,2024-12-12 15:30:00+00:00,1,1,1,1,0,12-13-December.csv,0,0,0,0,0,0,0,0,0,0,0,0,0,0,0,0,0,0,1,1,0,352.414,,0.0,0.0,0.0,0.0,0.0,0.0,0.0,0.0,0.0,0.0,0.0,0.0,0.0,0.0,0.0,0.0,0.0,0.0,0.0033333333333333335,0.0,-0.7071067811865471,-0.7071067811865479
Maryam,2024-12-13 03:25:00+00:00,3,1,1,1,0,13-14-December.csv,0,0,0,0,0,0,0,0,0,0,0,0,0,0,0,0,0,0,3,1,0,14303.480666666665,24767.03768205074,0.0,0.0,0.0,0.0,0.0,0.0,0.0,0.0,0.0,0.0,0.0,0.0,0.0,0.0,0.0,0.0,0.0,0.0,0.01,1.7315392147708997,0.7071067811865476,0.7071067811865476
Maryam,2024-12-13 07:05:00+00:00,5,1,1,1,0,13-14-December.csv,0,0,0,0,0,0,0,0,0,0,0,0,0,0,0,0,0,0,5,1,0,2677.5832,5981.075019608072,0.0,0.0,0.0,0.0,0.0,0.0,0.0,0.0,0.0,0.0,0.0,0.0,0.0,0.0,0.0,0.0,0.0,0.0,0.016666666666666666,2.2337587939781187,0.9659258262890683,-0.25881904510252063
Maryam,2024-12-13 07:10:00+00:00,1,1,1,1,0,13-14-December.csv,0,0,0,0,0,0,0,0,0,0,0,0,0,0,0,0,0,0,1,1,0,352.496,,0.0,0.0,0.0,0.0,0.0,0.0,0.0,0.0,0.0,0.0,0.0,0.0,0.0,0.0,0.0,0.0,0.0,0.0,0.0033333333333333335,0.0,0.9659258262890683,-0.25881904510252063
Maryam,2024-12-13 11:30:00+00:00,1,1,1,1,0,13-14-December.csv,0,0,0,0,0,0,0,0,0,0,0,0,0,0,0,0,0,0,1,1,0,15497.688,,0.0,0.0,0.0,0.0,0.0,0.0,0.0,0.0,0.0,0.0,0.0,0.0,0.0,0.0,0.0,0.0,0.0,0.0,0.0033333333333333335,0.0,0.258819045102521,-0.9659258262890682
Maryam,2024-12-13 13:45:00+00:00,1,1,1,1,0,13-14-December.csv,0,0,0,0,0,0,0,0,0,0,0,0,0,0,0,0,0,0,1,1,0,7928.279,,0.0,0.0,0.0,0.0,0.0,0.0,0.0,0.0,0.0,0.0,0.0,0.0,0.0,0.0,0.0,0.0,0.0,0.0,0.0033333333333333335,0.0,-0.2588190451025208,-0.9659258262890683
Maryam,2024-12-13 13:50:00+00:00,1,1,1,1,0,13-14-December.csv,0,0,0,0,0,0,0,0,0,0,0,0,0,0,0,0,0,0,1,1,0,359.895,,0.0,0.0,0.0,0.0,0.0,0.0,0.0,0.0,0.0,0.0,0.0,0.0,0.0,0.0,0.0,0.0,0.0,0.0,0.0033333333333333335,0.0,-0.2588190451025208,-0.9659258262890683
Maryam,2024-12-13 13:55:00+00:00,1,1,1,1,0,13-14-December.csv,0,0,0,0,0,0,0,0,0,0,0,0,0,0,0,0,0,0,1,1,0,360.175,,0.0,0.0,0.0,0.0,0.0,0.0,0.0,0.0,0.0,0.0,0.0,0.0,0.0,0.0,0.0,0.0,0.0,0.0,0.0033333333333333335,0.0,-0.2588190451025208,-0.9659258262890683
Maryam,2024-12-13 19:05:00+00:00,3,1,1,1,0,13-14-December.csv,0,0,0,0,0,0,0,0,0,0,0,0,0,0,0,0,0,0,3,1,0,6251.311333333332,10824.160426780098,0.0,0.0,0.0,0.0,0.0,0.0,0.0,0.0,0.0,0.0,0.0,0.0,0.0,0.0,0.0,0.0,0.0,0.0,0.01,1.7315023759996329,-0.9659258262890684,0.2588190451025203
Maryam,2024-12-14 07:05:00+00:00,2,1,1,1,0,14-17-December.csv,0,0,0,0,0,0,0,0,0,0,0,0,0,0,0,0,0,0,2,1,0,21573.1965,30509.08161819566,0.0,0.0,0.0,0.0,0.0,0.0,0.0,0.0,0.0,0.0,0.0,0.0,0.0,0.0,0.0,0.0,0.0,0.0,0.006666666666666667,1.414212382397558,0.9659258262890683,-0.25881904510252063
Maryam,2024-12-14 07:10:00+00:00,3,1,1,1,0,14-17-December.csv,0,0,0,0,0,0,0,0,0,0,0,0,0,0,0,0,0,0,3,1,0,43.105333333333334,73.28952984794849,0.0,0.0,0.0,0.0,0.0,0.0,0.0,0.0,0.0,0.0,0.0,0.0,0.0,0.0,0.0,0.0,0.0,0.0,0.01,1.7002427351901193,0.9659258262890683,-0.25881904510252063
Maryam,2024-12-14 17:15:00+00:00,1,1,1,1,0,14-17-December.csv,0,0,0,0,0,0,0,0,0,0,0,0,0,0,0,0,0,0,1,1,0,36355.728,,0.0,0.0,0.0,0.0,0.0,0.0,0.0,0.0,0.0,0.0,0.0,0.0,0.0,0.0,0.0,0.0,0.0,0.0,0.0033333333333333335,0.0,-0.9659258262890683,-0.25881904510252063
Maryam,2024-12-14 17:20:00+00:00,1,1,1,1,0,14-17-December.csv,0,0,0,0,0,0,0,0,0,0,0,0,0,0,0,0,0,0,1,1,0,360.654,,0.0,0.0,0.0,0.0,0.0,0.0,0.0,0.0,0.0,0.0,0.0,0.0,0.0,0.0,0.0,0.0,0.0,0.0,0.0033333333333333335,0.0,-0.9659258262890683,-0.25881904510252063
Maryam,2024-12-14 19:10:00+00:00,3,1,1,1,0,14-17-December.csv,0,0,0,0,0,0,0,0,0,0,0,0,0,0,0,0,0,0,3,1,0,2181.2290000000003,3776.8494260031075,0.0,0.0,0.0,0.0,0.0,0.0,0.0,0.0,0.0,0.0,0.0,0.0,0.0,0.0,0.0,0.0,0.0,0.0,0.01,1.731523570428922,-0.9659258262890684,0.2588190451025203
Maryam,2024-12-14 20:30:00+00:00,3,1,1,1,0,14-17-December.csv,0,0,0,0,0,0,0,0,0,0,0,0,0,0,0,0,0,0,3,1,0,1574.4513333333334,2727.0288373525377,0.0,0.0,0.0,0.0,0.0,0.0,0.0,0.0,0.0,0.0,0.0,0.0,0.0,0.0,0.0,0.0,0.0,0.0,0.01,1.7320502575198922,-0.8660254037844386,0.5000000000000001
Maryam,2024-12-15 05:55:00+00:00,5,1,1,1,0,14-17-December.csv,0,0,0,0,0,0,0,0,0,0,0,0,0,0,0,0,0,0,5,1,0,6776.776,15146.817905867323,0.0,0.0,0.0,0.0,0.0,0.0,0.0,0.0,0.0,0.0,0.0,0.0,0.0,0.0,0.0,0.0,0.0,0.0,0.016666666666666666,2.2351067684496764,0.9659258262890683,0.25881904510252074
Maryam,2024-12-15 06:00:00+00:00,1,1,1,1,0,14-17-December.csv,0,0,0,0,0,0,0,0,0,0,0,0,0,0,0,0,0,0,1,1,0,352.431,,0.0,0.0,0.0,0.0,0.0,0.0,0.0,0.0,0.0,0.0,0.0,0.0,0.0,0.0,0.0,0.0,0.0,0.0,0.0033333333333333335,0.0,1.0,6.123233995736766e-17
Maryam,2024-12-15 17:55:00+00:00,3,1,1,1,0,14-17-December.csv,0,0,0,0,0,0,0,0,0,0,0,0,0,0,0,0,0,0,3,1,0,14304.056333333334,24774.268067513443,0.0,0.0,0.0,0.0,0.0,0.0,0.0,0.0,0.0,0.0,0.0,0.0,0.0,0.0,0.0,0.0,0.0,0.0,0.01,1.731975006962252,-0.9659258262890683,-0.25881904510252063
Maryam,2024-12-16 05:55:00+00:00,5,1,1,1,0,14-17-December.csv,0,0,0,0,0,0,0,0,0,0,0,0,0,0,0,0,0,0,5,1,0,8651.492999999999,19274.802847757586,0.0,0.0,0.0,0.0,0.0,0.0,0.0,0.0,0.0,0.0,0.0,0.0,0.0,0.0,0.0,0.0,0.0,0.0,0.016666666666666666,2.2279163663147608,0.9659258262890683,0.25881904510252074
Maryam,2024-12-16 06:15:00+00:00,5,1,1,1,0,14-17-December.csv,0,0,0,0,0,0,0,0,0,0,0,0,0,0,0,0,0,0,5,1,0,230.10060000000004,507.6222403473867,0.0,0.0,0.0,0.0,0.0,0.0,0.0,0.0,0.0,0.0,0.0,0.0,0.0,0.0,0.0,0.0,0.0,0.0,0.016666666666666666,2.206088295064796,1.0,6.123233995736766e-17
Maryam,2024-12-16 06:20:00+00:00,1,1,1,1,0,14-17-December.csv,0,0,0,0,0,0,0,0,0,0,0,0,0,0,0,0,0,0,1,1,0,351.388,,0.0,0.0,0.0,0.0,0.0,0.0,0.0,0.0,0.0,0.0,0.0,0.0,0.0,0.0,0.0,0.0,0.0,0.0,0.0033333333333333335,0.0,1.0,6.123233995736766e-17
Maryam,2024-12-16 18:15:00+00:00,3,1,1,1,0,14-17-December.csv,0,0,0,0,0,0,0,0,0,0,0,0,0,0,0,0,0,0,3,1,0,14304.804666666665,24775.65341830266,0.0,0.0,0.0,0.0,0.0,0.0,0.0,0.0,0.0,0.0,0.0,0.0,0.0,0.0,0.0,0.0,0.0,0.0,0.01,1.731981246555248,-1.0,-1.8369701987210297e-16
Maryam,2024-12-17 12:55:00+00:00,5,1,1,1,0,14-17-December.csv,0,0,0,0,0,0,0,0,0,0,0,0,0,0,0,0,0,0,5,1,0,13457.7824,30088.124773458487,0.0,0.0,0.0,0.0,0.0,0.0,0.0,0.0,0.0,0.0,0.0,0.0,0.0,0.0,0.0,0.0,0.0,0.0,0.016666666666666666,2.235741660784951,1.2246467991473532e-16,-1.0
Maryam,2024-12-22 08:45:00+00:00,5,1,0,1,0,22-December.csv,0,0,0,0,0,0,0,0,0,0,0,0,0,0,0,0,0,0,0,1,0,83354.2488,186378.63518241793,0.0,0.0,0.0,0.0,0.0,0.0,0.0,0.0,0.0,0.0,0.0,0.0,0.0,0.0,0.0,0.0,0.0,0.0,0.0,2.2359824227990392,0.8660254037844387,-0.4999999999999998
Maryam,2024-12-22 08:50:00+00:00,1,1,0,1,0,22-December.csv,0,0,0,0,0,0,0,0,0,0,0,0,0,0,0,0,0,0,0,1,0,351.399,,0.0,0.0,0.0,0.0,0.0,0.0,0.0,0.0,0.0,0.0,0.0,0.0,0.0,0.0,0.0,0.0,0.0,0.0,0.0,0.0,0.8660254037844387,-0.4999999999999998
Maryam,2024-12-22 09:00:00+00:00,1,1,0,1,0,22-December.csv,0,0,0,0,0,0,0,0,0,0,0,0,0,0,0,0,0,0,0,1,0,720.961,,0.0,0.0,0.0,0.0,0.0,0.0,0.0,0.0,0.0,0.0,0.0,0.0,0.0,0.0,0.0,0.0,0.0,0.0,0.0,0.0,0.7071067811865476,-0.7071067811865475
Maryam,2024-12-22 16:20:00+00:00,7,1,0,1,0,22-December.csv,0,0,0,0,0,0,0,0,0,0,0,0,0,0,0,0,0,0,0,1,0,3779.632857142857,9937.075015404424,0.0,0.0,0.0,0.0,0.0,0.0,0.0,0.0,0.0,0.0,0.0,0.0,0.0,0.0,0.0,0.0,0.0,0.0,0.0,2.629111183808517,-0.8660254037844385,-0.5000000000000004
Maryam,2024-12-22 16:30:00+00:00,5,1,0,1,0,22-December.csv,0,0,0,0,0,0,0,0,0,0,0,0,0,0,0,0,0,0,0,1,0,110.32919999999999,239.5981129750399,0.0,0.0,0.0,0.0,0.0,0.0,0.0,0.0,0.0,0.0,0.0,0.0,0.0,0.0,0.0,0.0,0.0,0.0,0.0,2.1716654609572075,-0.8660254037844385,-0.5000000000000004
agent1,2024-12-01 18:30:00+00:00,409,1,1,1,1,01-03-December.csv,0,0,0,0,0,0,0,0,0,0,0,0,0,0,0,0,0,0,409,1,0,0.23287745098039217,2.113741503744012,0.0,0.0,0.0,0.0,0.0,0.0,0.0,0.0,0.0,0.0,0.0,0.0,0.0,0.0,0.0,0.0,0.0,0.0,1.3633333333333333,9.076625902788608,-1.0,-1.8369701987210297e-16
agent1,2024-12-01 18:40:00+00:00,17,1,1,1,1,01-03-December.csv,0,0,0,0,0,0,0,0,0,0,0,0,0,0,0,0,0,0,17,1,0,23.350882352941174,64.46122697490557,0.0,0.0,0.0,0.0,0.0,0.0,0.0,0.0,0.0,0.0,0.0,0.0,0.0,0.0,0.0,0.0,0.0,0.0,0.056666666666666664,2.760547802887899,-1.0,-1.8369701987210297e-16
agent1,2024-12-01 18:45:00+00:00,7,1,1,1,1,01-03-December.csv,0,0,0,0,0,0,0,0,0,0,0,0,0,0,0,0,0,0,7,1,0,53.43928571428571,46.15797912500895,0.0,0.0,0.0,0.0,0.0,0.0,0.0,0.0,0.0,0.0,0.0,0.0,0.0,0.0,0.0,0.0,0.0,0.0,0.023333333333333334,0.863746184254662,-1.0,-1.8369701987210297e-16
agent1,2024-12-01 19:05:00+00:00,15,1,1,1,1,01-03-December.csv,0,0,0,0,0,0,0,0,0,0,0,0,0,0,0,0,0,0,15,1,0,17.2862,37.65010291429684,0.0,0.0,0.0,0.0,0.0,0.0,0.0,0.0,0.0,0.0,0.0,0.0,0.0,0.0,0.0,0.0,0.0,0.0,0.05,2.178043926039085,-0.9659258262890684,0.2588190451025203
agent1,2024-12-01 19:15:00+00:00,4,1,1,1,1,01-03-December.csv,0,0,0,0,0,0,0,0,0,0,0,0,0,0,0,0,0,0,4,1,0,50.9,99.69309789549123,0.0,0.0,0.0,0.0,0.0,0.0,0.0,0.0,0.0,0.0,0.0,0.0,0.0,0.0,0.0,0.0,0.0,0.0,0.013333333333333334,1.9586070313456039,-0.9659258262890684,0.2588190451025203
agent1,2024-12-02 06:45:00+00:00,542,1,1,1,1,01-03-December.csv,0,0,0,0,0,0,0,0,0,0,0,0,0,0,0,0,0,0,542,1,0,72.29383210332102,1674.5579204398027,0.0,0.0,0.0,0.0,0.0,0.0,0.0,0.0,0.0,0.0,0.0,0.0,0.0,0.0,0.0,0.0,0.0,0.0,1.8066666666666666,23.16321976190936,1.0,6.123233995736766e-17
agent1,2024-12-02 07:05:00+00:00,7,1,1,1,1,01-03-December.csv,0,0,0,0,0,0,0,0,0,0,0,0,0,0,0,0,0,0,7,1,0,89.66671428571428,192.98582669953967,0.0,0.0,0.0,0.0,0.0,0.0,0.0,0.0,0.0,0.0,0.0,0.0,0.0,0.0,0.0,0.0,0.0,0.0,0.023333333333333334,2.1522571473357335,0.9659258262890683,-0.25881904510252063
agent1,2024-12-02 07:50:00+00:00,3,1,1,1,1,01-03-December.csv,0,0,0,0,0,0,0,0,0,0,0,0,0,0,0,0,0,0,3,1,0,126.91699999999999,183.04012193232387,0.0,0.0,0.0,0.0,0.0,0.0,0.0,0.0,0.0,0.0,0.0,0.0,0.0,0.0,0.0,0.0,0.0,0.0,0.01,1.4422033449602802,0.9659258262890683,-0.25881904510252063
agent1,2024-12-02 08:05:00+00:00,3,1,1,1,1,01-03-December.csv,0,0,0,0,0,0,0,0,0,0,0,0,0,0,0,0,0,0,3,1,0,292.956,448.7722291708791,0.0,0.0,0.0,0.0,0.0,0.0,0.0,0.0,0.0,0.0,0.0,0.0,0.0,0.0,0.0,0.0,0.0,0.0,0.01,1.5318758761413969,0.8660254037844387,-0.4999999999999998
agent1,2024-12-02 08:10:00+00:00,2,1,1,1,1,01-03-December.csv,0,0,0,0,0,0,0,0,0,0,0,0,0,0,0,0,0,0,2,1,0,149.6155,208.8135822318558,0.0,0.0,0.0,0.0,0.0,0.0,0.0,0.0,0.0,0.0,0.0,0.0,0.0,0.0,0.0,0.0,0.0,0.0,0.006666666666666667,1.395668110803064,0.8660254037844387,-0.4999999999999998
agent1,2024-12-02 08:15:00+00:00,4,1,1,1,1,01-03-December.csv,0,0,0,0,0,0,0,0,0,0,0,0,0,0,0,0,0,0,4,1,0,59.68675,66.79665563172556,0.0,0.0,0.0,0.0,0.0,0.0,0.0,0.0,0.0,0.0,0.0,0.0,0.0,0.0,0.0,0.0,0.0,0.0,0.013333333333333334,1.1191203346090306,0.8660254037844387,-0.4999999999999998
agent1,2024-12-04 11:55:00+00:00,3,1,1,1,1,04-07-December.csv,0,0,0,0,0,0,0,0,0,0,0,0,0,0,0,0,0,0,3,1,0,430.2613333333333,679.4625087172458,0.0,0.0,0.0,0.0,0.0,0.0,0.0,0.0,0.0,0.0,0.0,0.0,0.0,0.0,0.0,0.0,0.0,0.0,0.01,1.579185615991318,0.258819045102521,-0.9659258262890682
agent1,2024-12-04 12:00:00+00:00,8,1,1,1,1,04-07-December.csv,0,0,0,0,0,0,0,0,0,0,0,0,0,0,0,0,0,0,8,1,0,6.443875,8.311324742912099,0.0,0.0,0.0,0.0,0.0,0.0,0.0,0.0,0.0,0.0,0.0,0.0,0.0,0.0,0.0,0.0,0.0,0.0,0.02666666666666667,1.289802291775073,1.2246467991473532e-16,-1.0
agent1,2024-12-10 06:25:00+00:00,12,1,1,1,1,10-December-P1.csv,0,0,0,0,0,0,0,0,0,0,0,0,0,0,0,0,0,0,12,1,0,25.24191666666667,28.903065155032614,0.0,0.0,0.0,0.0,0.0,0.0,0.0,0.0,0.0,0.0,0.0,0.0,0.0,0.0,0.0,0.0,0.0,0.0,0.04,1.1450424124567646,1.0,6.123233995736766e-17
agent1,2024-12-10 20:45:00+00:00,24,1,1,1,1,11-12-December.csv,0,0,0,0,0,0,1,0,0,0,0,0,0,0,0,0,0,0,24,1,0,414.1935416666667,1990.3810001692377,0.0,0.0,0.0,0.0,0.0,0.0,0.0033333333333333335,0.0,0.0,0.0,0.0,0.0,0.0,0.0,0.0,0.0,0.0,0.0,0.08,4.805437072147904,-0.8660254037844386,0.5000000000000001
agent1,2024-12-11 14:55:00+00:00,120,1,1,1,1,11-12-December.csv,0,0,0,0,0,0,0,0,0,0,0,0,0,0,0,0,0,0,120,1,0,2.548175,8.593615219972886,0.0,0.0,0.0,0.0,0.0,0.0,0.0,0.0,0.0,0.0,0.0,0.0,0.0,0.0,0.0,0.0,0.0,0.0,0.4,3.3724588067824564,-0.4999999999999997,-0.8660254037844388
agent1,2024-12-11 16:45:00+00:00,10,1,1,1,1,11-12-December.csv,0,0,0,0,0,0,0,0,0,0,0,0,0,0,0,0,0,0,10,1,0,29.0546,27.173319284425546,0.0,0.0,0.0,0.0,0.0,0.0,0.0,0.0,0.0,0.0,0.0,0.0,0.0,0.0,0.0,0.0,0.0,0.0,0.03333333333333333,0.9352501595074634,-0.8660254037844385,-0.5000000000000004
agent1,2024-12-11 17:20:00+00:00,15,1,1,1,1,11-12-December.csv,0,0,0,0,0,0,0,0,0,0,0,0,0,0,0,0,0,0,15,1,0,19.67993333333333,25.27244741234065,0.0,0.0,0.0,0.0,0.0,0.0,0.0,0.0,0.0,0.0,0.0,0.0,0.0,0.0,0.0,0.0,0.0,0.0,0.05,1.2841734260113002,-0.9659258262890683,-0.25881904510252063
agent1,2024-12-11 17:55:00+00:00,30,1,1,1,1,11-12-December.csv,0,0,0,0,0,0,0,0,0,0,0,0,0,0,0,0,0,0,30,1,0,10.541766666666666,17.860870127244606,0.0,0.0,0.0,0.0,0.0,0.0,0.0,0.0,0.0,0.0,0.0,0.0,0.0,0.0,0.0,0.0,0.0,0.0,0.1,1.6942957183563103,-0.9659258262890683,-0.25881904510252063
agent1,2024-12-11 18:45:00+00:00,12,1,1,1,1,11-12-December.csv,0,0,0,0,0,0,0,0,0,0,0,0,0,0,0,0,0,0,12,1,0,24.0305,31.73284129472751,0.0,0.0,0.0,0.0,0.0,0.0,0.0,0.0,0.0,0.0,0.0,0.0,0.0,0.0,0.0,0.0,0.0,0.0,0.04,1.3205235552621672,-1.0,-1.8369701987210297e-16
agent1,2024-12-11 18:55:00+00:00,38,1,1,1,1,11-12-December.csv,0,0,0,0,0,0,0,0,0,0,0,0,0,0,0,0,0,0,38,1,0,7.532263157894737,8.62679655142551,0.0,0.0,0.0,0.0,0.0,0.0,0.0,0.0,0.0,0.0,0.0,0.0,0.0,0.0,0.0,0.0,0.0,0.0,0.12666666666666668,1.1453126863183967,-1.0,-1.8369701987210297e-16
agent1,2024-12-11 20:25:00+00:00,163,1,1,1,1,11-12-December.csv,0,0,0,0,0,0,0,0,0,0,0,0,0,0,0,0,0,0,163,1,0,1.9280552147239265,7.696829924043309,0.0,0.0,0.0,0.0,0.0,0.0,0.0,0.0,0.0,0.0,0.0,0.0,0.0,0.0,0.0,0.0,0.0,0.0,0.5433333333333333,3.9920173785818673,-0.8660254037844386,0.5000000000000001
agent1,2024-12-11 20:50:00+00:00,137,1,1,1,1,12-13-December.csv,0,0,0,0,0,0,0,0,0,0,0,0,0,0,0,0,0,0,137,1,0,2.5250072992700727,11.224346778121863,0.0,0.0,0.0,0.0,0.0,0.0,0.0,0.0,0.0,0.0,0.0,0.0,0.0,0.0,0.0,0.0,0.0,0.0,0.45666666666666667,4.445273002326207,-0.8660254037844386,0.5000000000000001
agent1,2024-12-12 07:05:00+00:00,72,1,1,1,1,12-13-December.csv,0,0,0,0,0,0,1,0,0,0,0,0,0,0,0,0,0,0,72,1,0,330.3195277777778,2778.7108987878933,0.0,0.0,0.0,0.0,0.0,0.0,0.0033333333333333335,0.0,0.0,0.0,0.0,0.0,0.0,0.0,0.0,0.0,0.0,0.0,0.24,8.41219081863446,0.9659258262890683,-0.25881904510252063
agent1,2024-12-12 09:50:00+00:00,9,1,1,1,1,12-13-December.csv,0,0,0,0,0,0,0,0,0,0,0,0,0,0,0,0,0,0,9,1,0,31.757444444444445,38.71484828883845,0.0,0.0,0.0,0.0,0.0,0.0,0.0,0.0,0.0,0.0,0.0,0.0,0.0,0.0,0.0,0.0,0.0,0.0,0.03,1.2190794620318108,0.7071067811865476,-0.7071067811865475
agent1,2024-12-12 10:50:00+00:00,8,1,1,1,1,12-13-December.csv,0,0,0,0,0,0,0,0,0,0,0,0,0,0,0,0,0,0,8,1,0,45.820125,81.6423417499199,0.0,0.0,0.0,0.0,0.0,0.0,0.0,0.0,0.0,0.0,0.0,0.0,0.0,0.0,0.0,0.0,0.0,0.0,0.02666666666666667,1.7818009389961267,0.49999999999999994,-0.8660254037844387
agent1,2024-12-12 14:25:00+00:00,32,1,1,1,1,12-13-December.csv,0,0,0,0,0,0,0,0,0,0,0,0,0,0,0,0,0,0,32,1,0,19.898125,106.30636158755445,0.0,0.0,0.0,0.0,0.0,0.0,0.0,0.0,0.0,0.0,0.0,0.0,0.0,0.0,0.0,0.0,0.0,0.0,0.10666666666666667,5.342531599713764,-0.4999999999999997,-0.8660254037844388
agent1,2024-12-12 14:30:00+00:00,78,1,1,1,1,12-13-December.csv,0,0,0,0,0,0,1,0,0,0,0,0,0,0,0,0,0,0,78,1,0,3.801205128205128,10.370714167644694,0.0,0.0,0.0,0.0,0.0,0.0,0.0033333333333333335,0.0,0.0,0.0,0.0,0.0,0.0,0.0,0.0,0.0,0.0,0.0,0.26,2.7282700664306403,-0.4999999999999997,-0.8660254037844388
agent1,2024-12-12 14:40:00+00:00,7,1,1,1,1,12-13-December.csv,0,0,0,0,0,0,0,0,0,0,0,0,0,0,0,0,0,0,7,1,0,81.31814285714286,149.8816643938684,0.0,0.0,0.0,0.0,0.0,0.0,0.0,0.0,0.0,0.0,0.0,0.0,0.0,0.0,0.0,0.0,0.0,0.0,0.023333333333333334,1.843151591117566,-0.4999999999999997,-0.8660254037844388
agent1,2024-12-12 14:55:00+00:00,27,1,1,1,1,12-13-December.csv,0,0,0,0,0,0,0,0,0,0,0,0,0,0,0,0,0,0,27,1,0,29.643481481481484,145.6227052605915,0.0,0.0,0.0,0.0,0.0,0.0,0.0,0.0,0.0,0.0,0.0,0.0,0.0,0.0,0.0,0.0,0.0,0.0,0.09,4.912469722949483,-0.4999999999999997,-0.8660254037844388
agent1,2024-12-12 15:00:00+00:00,25,1,1,1,1,12-13-December.csv,0,0,0,0,0,0,0,0,0,0,0,0,0,0,0,0,0,0,25,1,0,10.56772,33.202484165997774,0.0,0.0,0.0,0.0,0.0,0.0,0.0,0.0,0.0,0.0,0.0,0.0,0.0,0.0,0.0,0.0,0.0,0.0,0.08333333333333333,3.1418777338913007,-0.7071067811865471,-0.7071067811865479
agent1,2024-12-12 15:10:00+00:00,31,1,1,1,1,12-13-December.csv,0,0,0,0,0,0,0,0,0,0,0,0,0,0,0,0,0,0,31,1,0,5.295451612903226,11.611457039891562,0.0,0.0,0.0,0.0,0.0,0.0,0.0,0.0,0.0,0.0,0.0,0.0,0.0,0.0,0.0,0.0,0.0,0.0,0.10333333333333333,2.1927227153956736,-0.7071067811865471,-0.7071067811865479
agent1,2024-12-12 15:30:00+00:00,15,1,1,1,1,12-13-December.csv,0,0,0,0,0,0,1,0,0,0,0,0,0,0,0,0,0,0,15,1,0,81.7634,276.0450367178205,0.0,0.0,0.0,0.0,0.0,0.0,0.0033333333333333335,0.0,0.0,0.0,0.0,0.0,0.0,0.0,0.0,0.0,0.0,0.0,0.05,3.376144298277964,-0.7071067811865471,-0.7071067811865479
agent1,2024-12-12 15:40:00+00:00,1,1,1,1,1,12-13-December.csv,0,0,0,0,0,0,0,0,0,0,0,0,0,0,0,0,0,0,1,1,0,331.685,,0.0,0.0,0.0,0.0,0.0,0.0,0.0,0.0,0.0,0.0,0.0,0.0,0.0,0.0,0.0,0.0,0.0,0.0,0.0033333333333333335,0.0,-0.7071067811865471,-0.7071067811865479
agent1,2024-12-12 15:55:00+00:00,15,1,1,1,1,12-13-December.csv,0,0,0,0,0,0,0,0,0,0,0,0,0,0,0,0,0,0,15,1,0,22.342333333333332,57.19407756510991,0.0,0.0,0.0,0.0,0.0,0.0,0.0,0.0,0.0,0.0,0.0,0.0,0.0,0.0,0.0,0.0,0.0,0.0,0.05,2.559897245816309,-0.7071067811865471,-0.7071067811865479
agent1,2024-12-12 16:00:00+00:00,16,1,1,1,1,12-13-December.csv,0,0,0,0,0,0,0,0,0,0,0,0,0,0,0,0,0,0,16,1,0,22.4176875,41.47117284366535,0.0,0.0,0.0,0.0,0.0,0.0,0.0,0.0,0.0,0.0,0.0,0.0,0.0,0.0,0.0,0.0,0.0,0.0,0.05333333333333334,1.849930901377109,-0.8660254037844385,-0.5000000000000004
agent1,2024-12-12 16:05:00+00:00,6,1,1,1,1,12-13-December.csv,0,0,0,0,0,0,0,0,0,0,0,0,0,0,0,0,0,0,6,1,0,44.365833333333335,72.43285697918222,0.0,0.0,0.0,0.0,0.0,0.0,0.0,0.0,0.0,0.0,0.0,0.0,0.0,0.0,0.0,0.0,0.0,0.0,0.02,1.63262699102197,-0.8660254037844385,-0.5000000000000004
agent1,2024-12-12 16:10:00+00:00,7,1,1,1,1,12-13-December.csv,0,0,0,0,0,0,0,0,0,0,0,0,0,0,0,0,0,0,7,1,0,48.70557142857143,62.83219036676753,0.0,0.0,0.0,0.0,0.0,0.0,0.0,0.0,0.0,0.0,0.0,0.0,0.0,0.0,0.0,0.0,0.0,0.0,0.023333333333333334,1.2900411292558864,-0.8660254037844385,-0.5000000000000004
agent1,2024-12-12 16:15:00+00:00,6,1,1,1,1,12-13-December.csv,0,0,0,0,0,0,0,0,0,0,0,0,0,0,0,0,0,0,6,1,0,59.23566666666667,70.20148941344952,0.0,0.0,0.0,0.0,0.0,0.0,0.0,0.0,0.0,0.0,0.0,0.0,0.0,0.0,0.0,0.0,0.0,0.0,0.02,1.1851219605324976,-0.8660254037844385,-0.5000000000000004
agent1,2024-12-12 16:20:00+00:00,5,1,1,1,1,12-13-December.csv,0,0,0,0,0,0,0,0,0,0,0,0,0,0,0,0,0,0,5,1,0,55.032000000000004,61.868844615040295,0.0,0.0,0.0,0.0,0.0,0.0,0.0,0.0,0.0,0.0,0.0,0.0,0.0,0.0,0.0,0.0,0.0,0.0,0.016666666666666666,1.1242339841372346,-0.8660254037844385,-0.5000000000000004
agent1,2024-12-12 16:25:00+00:00,25,1,1,1,1,12-13-December.csv,0,0,0,0,0,0,0,0,0,0,0,0,0,0,0,0,0,0,25,1,0,10.48552,13.752752394581481,0.0,0.0,0.0,0.0,0.0,0.0,0.0,0.0,0.0,0.0,0.0,0.0,0.0,0.0,0.0,0.0,0.0,0.0,0.08333333333333333,1.3115946938808454,-0.8660254037844385,-0.5000000000000004
agent1,2024-12-12 16:30:00+00:00,3,1,1,1,1,12-13-December.csv,0,0,0,0,0,0,0,0,0,0,0,0,0,0,0,0,0,0,3,1,0,47.59733333333333,30.124595023557305,0.0,0.0,0.0,0.0,0.0,0.0,0.0,0.0,0.0,0.0,0.0,0.0,0.0,0.0,0.0,0.0,0.0,0.0,0.01,0.6329051002204039,-0.8660254037844385,-0.5000000000000004
agent1,2024-12-12 16:35:00+00:00,4,1,1,1,1,12-13-December.csv,0,0,0,0,0,0,0,0,0,0,0,0,0,0,0,0,0,0,4,1,0,114.20375,190.2205859808992,0.0,0.0,0.0,0.0,0.0,0.0,0.0,0.0,0.0,0.0,0.0,0.0,0.0,0.0,0.0,0.0,0.0,0.0,0.013333333333333334,1.6656246925420504,-0.8660254037844385,-0.5000000000000004
agent1,2024-12-12 16:50:00+00:00,4,1,1,1,1,12-13-December.csv,0,0,0,0,0,0,0,0,0,0,0,0,0,0,0,0,0,0,4,1,0,106.084,177.6157507786589,0.0,0.0,0.0,0.0,0.0,0.0,0.0,0.0,0.0,0.0,0.0,0.0,0.0,0.0,0.0,0.0,0.0,0.0,0.013333333333333334,1.6742934917486039,-0.8660254037844385,-0.5000000000000004
agent1,2024-12-12 17:10:00+00:00,5,1,1,1,1,12-13-December.csv,0,0,0,0,0,0,0,0,0,0,0,0,0,0,0,0,0,0,5,1,0,150.8764,217.91083059201074,0.0,0.0,0.0,0.0,0.0,0.0,0.0,0.0,0.0,0.0,0.0,0.0,0.0,0.0,0.0,0.0,0.0,0.0,0.016666666666666666,1.4443003053626065,-0.9659258262890683,-0.25881904510252063
agent1,2024-12-12 17:20:00+00:00,7,1,1,1,1,12-13-December.csv,0,0,0,0,0,0,0,0,0,0,0,0,0,0,0,0,0,0,7,1,0,52.85928571428571,72.26777306128989,0.0,0.0,0.0,0.0,0.0,0.0,0.0,0.0,0.0,0.0,0.0,0.0,0.0,0.0,0.0,0.0,0.0,0.0,0.023333333333333334,1.3671727130765758,-0.9659258262890683,-0.25881904510252063
agent1,2024-12-12 17:25:00+00:00,5,1,1,1,1,12-13-December.csv,0,0,0,0,0,0,0,0,0,0,0,0,0,0,0,0,0,0,5,1,0,42.4846,45.79584723312803,0.0,0.0,0.0,0.0,0.0,0.0,0.0,0.0,0.0,0.0,0.0,0.0,0.0,0.0,0.0,0.0,0.0,0.0,0.016666666666666666,1.077939941370003,-0.9659258262890683,-0.25881904510252063
agent1,2024-12-12 17:35:00+00:00,4,1,1,1,1,12-13-December.csv,0,0,0,0,0,0,0,0,0,0,0,0,0,0,0,0,0,0,4,1,0,72.04925,63.033515060772764,0.0,0.0,0.0,0.0,0.0,0.0,0.0,0.0,0.0,0.0,0.0,0.0,0.0,0.0,0.0,0.0,0.0,0.0,0.013333333333333334,0.87486705358866,-0.9659258262890683,-0.25881904510252063
agent1,2024-12-12 17:55:00+00:00,3,1,1,1,1,12-13-December.csv,0,0,0,0,0,0,0,0,0,0,0,0,0,0,0,0,0,0,3,1,0,145.091,251.28246734700772,0.0,0.0,0.0,0.0,0.0,0.0,0.0,0.0,0.0,0.0,0.0,0.0,0.0,0.0,0.0,0.0,0.0,0.0,0.01,1.7318956196249782,-0.9659258262890683,-0.25881904510252063
agent1,2024-12-12 18:00:00+00:00,1,1,1,1,1,12-13-December.csv,0,0,0,0,0,0,0,0,0,0,0,0,0,0,0,0,0,0,1,1,0,395.763,,0.0,0.0,0.0,0.0,0.0,0.0,0.0,0.0,0.0,0.0,0.0,0.0,0.0,0.0,0.0,0.0,0.0,0.0,0.0033333333333333335,0.0,-1.0,-1.8369701987210297e-16
agent1,2024-12-12 18:05:00+00:00,3,1,1,1,1,12-13-December.csv,0,0,0,0,0,0,0,0,0,0,0,0,0,0,0,0,0,0,3,1,0,146.23333333333332,78.8633269988867,0.0,0.0,0.0,0.0,0.0,0.0,0.0,0.0,0.0,0.0,0.0,0.0,0.0,0.0,0.0,0.0,0.0,0.0,0.01,0.5392978823721453,-1.0,-1.8369701987210297e-16
agent1,2024-12-12 18:15:00+00:00,2,1,1,1,1,12-13-December.csv,0,0,0,0,0,0,0,0,0,0,0,0,0,0,0,0,0,0,2,1,0,271.2325,86.22389379110642,0.0,0.0,0.0,0.0,0.0,0.0,0.0,0.0,0.0,0.0,0.0,0.0,0.0,0.0,0.0,0.0,0.0,0.0,0.006666666666666667,0.31789661560139887,-1.0,-1.8369701987210297e-16
agent1,2024-12-12 18:30:00+00:00,2,1,1,1,1,12-13-December.csv,0,0,0,0,0,0,0,0,0,0,0,0,0,0,0,0,0,0,2,1,0,415.7555,387.581490224314,0.0,0.0,0.0,0.0,0.0,0.0,0.0,0.0,0.0,0.0,0.0,0.0,0.0,0.0,0.0,0.0,0.0,0.0,0.006666666666666667,0.9322341862568602,-1.0,-1.8369701987210297e-16
agent1,2024-12-12 18:45:00+00:00,2,1,1,1,1,12-13-December.csv,0,0,0,0,0,0,0,0,0,0,0,0,0,0,0,0,0,0,2,1,0,303.5165,102.01641664212679,0.0,0.0,0.0,0.0,0.0,0.0,0.0,0.0,0.0,0.0,0.0,0.0,0.0,0.0,0.0,0.0,0.0,0.0,0.006666666666666667,0.3361148953751337,-1.0,-1.8369701987210297e-16
agent1,2024-12-12 18:50:00+00:00,3,1,1,1,1,12-13-December.csv,0,0,0,0,0,0,0,0,0,0,0,0,0,0,0,0,0,0,3,1,0,71.59133333333334,114.08591908002202,0.0,0.0,0.0,0.0,0.0,0.0,0.0,0.0,0.0,0.0,0.0,0.0,0.0,0.0,0.0,0.0,0.0,0.0,0.01,1.5935716485238718,-1.0,-1.8369701987210297e-16
agent1,2024-12-12 18:55:00+00:00,5,1,1,1,1,12-13-December.csv,0,0,0,0,0,0,0,0,0,0,0,0,0,0,0,0,0,0,5,1,0,64.7634,128.3426285506885,0.0,0.0,0.0,0.0,0.0,0.0,0.0,0.0,0.0,0.0,0.0,0.0,0.0,0.0,0.0,0.0,0.0,0.0,0.016666666666666666,1.9817154218383914,-1.0,-1.8369701987210297e-16
agent1,2024-12-12 19:00:00+00:00,5,1,1,1,1,12-13-December.csv,0,0,0,0,0,0,0,0,0,0,0,0,0,0,0,0,0,0,5,1,0,37.487,53.235431791242185,0.0,0.0,0.0,0.0,0.0,0.0,0.0,0.0,0.0,0.0,0.0,0.0,0.0,0.0,0.0,0.0,0.0,0.0,0.016666666666666666,1.420103817089716,-0.9659258262890684,0.2588190451025203
agent1,2024-12-12 19:05:00+00:00,5,1,1,1,1,12-13-December.csv,0,0,0,0,0,0,0,0,0,0,0,0,0,0,0,0,0,0,5,1,0,100.483,210.29285145720007,0.0,0.0,0.0,0.0,0.0,0.0,0.0,0.0,0.0,0.0,0.0,0.0,0.0,0.0,0.0,0.0,0.0,0.0,0.016666666666666666,2.092820193039619,-0.9659258262890684,0.2588190451025203
agent1,2024-12-12 19:15:00+00:00,7,1,1,1,1,12-13-December.csv,0,0,0,0,0,0,0,0,0,0,0,0,0,0,0,0,0,0,7,1,0,64.32300000000001,110.89803316410381,0.0,0.0,0.0,0.0,0.0,0.0,0.0,0.0,0.0,0.0,0.0,0.0,0.0,0.0,0.0,0.0,0.0,0.0,0.023333333333333334,1.724080549167542,-0.9659258262890684,0.2588190451025203
agent1,2024-12-12 19:20:00+00:00,3,1,1,1,1,12-13-December.csv,0,0,0,0,0,0,0,0,0,0,0,0,0,0,0,0,0,0,3,1,0,121.08666666666666,205.44509701945512,0.0,0.0,0.0,0.0,0.0,0.0,0.0,0.0,0.0,0.0,0.0,0.0,0.0,0.0,0.0,0.0,0.0,0.0,0.01,1.6966781122566905,-0.9659258262890684,0.2588190451025203
agent1,2024-12-12 19:25:00+00:00,3,1,1,1,1,12-13-December.csv,0,0,0,0,0,0,0,0,0,0,0,0,0,0,0,0,0,0,3,1,0,77.50766666666668,129.31940852916603,0.0,0.0,0.0,0.0,0.0,0.0,0.0,0.0,0.0,0.0,0.0,0.0,0.0,0.0,0.0,0.0,0.0,0.0,0.01,1.668472476217398,-0.9659258262890684,0.2588190451025203
agent1,2024-12-12 19:30:00+00:00,10,1,1,1,1,12-13-December.csv,0,0,0,0,0,0,0,0,0,0,0,0,0,0,0,0,0,0,10,1,0,36.2122,63.97653100039456,0.0,0.0,0.0,0.0,0.0,0.0,0.0,0.0,0.0,0.0,0.0,0.0,0.0,0.0,0.0,0.0,0.0,0.0,0.03333333333333333,1.766712074946967,-0.9659258262890684,0.2588190451025203
agent1,2024-12-12 19:35:00+00:00,3,1,1,1,1,12-13-December.csv,0,0,0,0,0,0,0,0,0,0,0,0,0,0,0,0,0,0,3,1,0,103.819,167.37419030722748,0.0,0.0,0.0,0.0,0.0,0.0,0.0,0.0,0.0,0.0,0.0,0.0,0.0,0.0,0.0,0.0,0.0,0.0,0.01,1.6121730156062712,-0.9659258262890684,0.2588190451025203
agent1,2024-12-12 19:45:00+00:00,8,1,1,1,1,12-13-December.csv,0,0,0,0,0,0,0,0,0,0,0,0,0,0,0,0,0,0,8,1,0,74.650125,122.25748594601185,0.0,0.0,0.0,0.0,0.0,0.0,0.0,0.0,0.0,0.0,0.0,0.0,0.0,0.0,0.0,0.0,0.0,0.0,0.02666666666666667,1.6377398691028562,-0.9659258262890684,0.2588190451025203
agent1,2024-12-12 19:50:00+00:00,5,1,1,1,1,12-13-December.csv,0,0,0,0,0,0,0,0,0,0,0,0,0,0,0,0,0,0,5,1,0,38.3142,77.13807602734204,0.0,0.0,0.0,0.0,0.0,0.0,0.0,0.0,0.0,0.0,0.0,0.0,0.0,0.0,0.0,0.0,0.0,0.0,0.016666666666666666,2.013302536066055,-0.9659258262890684,0.2588190451025203
agent1,2024-12-12 19:55:00+00:00,6,1,1,1,1,12-13-December.csv,0,0,0,0,0,0,0,0,0,0,0,0,0,0,0,0,0,0,6,1,0,50.95316666666667,73.05600133983975,0.0,0.0,0.0,0.0,0.0,0.0,0.0,0.0,0.0,0.0,0.0,0.0,0.0,0.0,0.0,0.0,0.0,0.0,0.02,1.4337872622867356,-0.9659258262890684,0.2588190451025203
agent1,2024-12-12 20:00:00+00:00,6,1,1,1,1,12-13-December.csv,0,0,0,0,0,0,0,0,0,0,0,0,0,0,0,0,0,0,6,1,0,39.256499999999996,56.16478245217372,0.0,0.0,0.0,0.0,0.0,0.0,0.0,0.0,0.0,0.0,0.0,0.0,0.0,0.0,0.0,0.0,0.0,0.0,0.02,1.4307129380401646,-0.8660254037844386,0.5000000000000001
agent1,2024-12-12 20:05:00+00:00,24,1,1,1,1,12-13-December.csv,0,0,0,0,0,0,0,0,0,0,0,0,0,0,0,0,0,0,24,1,0,19.228708333333334,48.07235952320858,0.0,0.0,0.0,0.0,0.0,0.0,0.0,0.0,0.0,0.0,0.0,0.0,0.0,0.0,0.0,0.0,0.0,0.0,0.08,2.500030615154437,-0.8660254037844386,0.5000000000000001
agent1,2024-12-12 20:10:00+00:00,7,1,1,1,1,12-13-December.csv,0,0,0,0,0,0,0,0,0,0,0,0,0,0,0,0,0,0,7,1,0,36.71185714285714,38.41109853687504,0.0,0.0,0.0,0.0,0.0,0.0,0.0,0.0,0.0,0.0,0.0,0.0,0.0,0.0,0.0,0.0,0.0,0.0,0.023333333333333334,1.0462859012390908,-0.8660254037844386,0.5000000000000001
agent1,2024-12-12 20:15:00+00:00,3,1,1,1,1,12-13-December.csv,0,0,0,0,0,0,0,0,0,0,0,0,0,0,0,0,0,0,3,1,0,63.67966666666666,102.59424282742835,0.0,0.0,0.0,0.0,0.0,0.0,0.0,0.0,0.0,0.0,0.0,0.0,0.0,0.0,0.0,0.0,0.0,0.0,0.01,1.6110989299686715,-0.8660254037844386,0.5000000000000001
agent1,2024-12-12 20:20:00+00:00,9,1,1,1,1,12-13-December.csv,0,0,0,0,0,0,0,0,0,0,0,0,0,0,0,0,0,0,9,1,0,36.218111111111114,69.38890177550812,0.0,0.0,0.0,0.0,0.0,0.0,0.0,0.0,0.0,0.0,0.0,0.0,0.0,0.0,0.0,0.0,0.0,0.0,0.03,1.9158619720016474,-0.8660254037844386,0.5000000000000001
agent1,2024-12-12 20:25:00+00:00,26,1,1,1,1,12-13-December.csv,0,0,0,0,0,0,0,0,0,0,0,0,0,0,0,0,0,0,26,1,0,13.690076923076923,26.653278980152635,0.0,0.0,0.0,0.0,0.0,0.0,0.0,0.0,0.0,0.0,0.0,0.0,0.0,0.0,0.0,0.0,0.0,0.0,0.08666666666666667,1.946904983070187,-0.8660254037844386,0.5000000000000001
agent1,2024-12-12 20:30:00+00:00,6,1,1,1,1,13-14-December.csv,0,0,0,0,0,0,0,0,0,0,0,0,0,0,0,0,0,0,6,1,0,62.56633333333334,96.39392011256035,0.0,0.0,0.0,0.0,0.0,0.0,0.0,0.0,0.0,0.0,0.0,0.0,0.0,0.0,0.0,0.0,0.0,0.0,0.02,1.5406675599639903,-0.8660254037844386,0.5000000000000001
agent1,2024-12-12 20:40:00+00:00,8,1,1,1,1,13-14-December.csv,0,0,0,0,0,0,0,0,0,0,0,0,0,0,0,0,0,0,8,1,0,73.30437500000001,122.61797540786995,0.0,0.0,0.0,0.0,0.0,0.0,0.0,0.0,0.0,0.0,0.0,0.0,0.0,0.0,0.0,0.0,0.0,0.0,0.02666666666666667,1.6727238368497097,-0.8660254037844386,0.5000000000000001
agent1,2024-12-12 20:45:00+00:00,17,1,1,1,1,13-14-December.csv,0,0,0,0,0,0,0,0,0,0,0,0,0,0,0,0,0,0,17,1,0,17.90558823529412,23.347525340115876,0.0,0.0,0.0,0.0,0.0,0.0,0.0,0.0,0.0,0.0,0.0,0.0,0.0,0.0,0.0,0.0,0.0,0.0,0.056666666666666664,1.3039239500713542,-0.8660254037844386,0.5000000000000001
agent1,2024-12-12 20:50:00+00:00,8,1,1,1,1,13-14-December.csv,0,0,0,0,0,0,1,0,0,0,0,0,0,0,0,0,0,0,8,1,0,37.35525,49.4339913354884,0.0,0.0,0.0,0.0,0.0,0.0,0.0033333333333333335,0.0,0.0,0.0,0.0,0.0,0.0,0.0,0.0,0.0,0.0,0.0,0.02666666666666667,1.3233478918087391,-0.8660254037844386,0.5000000000000001
agent1,2024-12-12 20:55:00+00:00,6,1,1,1,1,13-14-December.csv,0,0,0,0,0,0,0,0,0,0,0,0,0,0,0,0,0,0,6,1,0,47.055,62.369716138523515,0.0,0.0,0.0,0.0,0.0,0.0,0.0,0.0,0.0,0.0,0.0,0.0,0.0,0.0,0.0,0.0,0.0,0.0,0.02,1.3254641619067795,-0.8660254037844386,0.5000000000000001
agent1,2024-12-12 21:00:00+00:00,7,1,1,1,1,13-14-December.csv,0,0,0,0,0,0,0,0,0,0,0,0,0,0,0,0,0,0,7,1,0,44.44414285714286,57.4860496248976,0.0,0.0,0.0,0.0,0.0,0.0,0.0,0.0,0.0,0.0,0.0,0.0,0.0,0.0,0.0,0.0,0.0,0.0,0.023333333333333334,1.2934448935076877,-0.7071067811865477,0.7071067811865474
agent1,2024-12-12 21:15:00+00:00,3,1,1,1,1,13-14-December.csv,0,0,0,0,0,0,0,0,0,0,0,0,0,0,0,0,0,0,3,1,0,257.209,275.6215841275861,0.0,0.0,0.0,0.0,0.0,0.0,0.0,0.0,0.0,0.0,0.0,0.0,0.0,0.0,0.0,0.0,0.0,0.0,0.01,1.0715860802988468,-0.7071067811865477,0.7071067811865474
agent1,2024-12-12 21:20:00+00:00,2,1,1,1,1,13-14-December.csv,0,0,0,0,0,0,0,0,0,0,0,0,0,0,0,0,0,0,2,1,0,175.825,221.27916767739345,0.0,0.0,0.0,0.0,0.0,0.0,0.0,0.0,0.0,0.0,0.0,0.0,0.0,0.0,0.0,0.0,0.0,0.0,0.006666666666666667,1.2585193668556431,-0.7071067811865477,0.7071067811865474
agent1,2024-12-12 21:35:00+00:00,7,1,1,1,1,13-14-December.csv,0,0,0,0,0,0,0,0,0,0,0,0,0,0,0,0,0,0,7,1,0,83.17914285714286,146.41317043835065,0.0,0.0,0.0,0.0,0.0,0.0,0.0,0.0,0.0,0.0,0.0,0.0,0.0,0.0,0.0,0.0,0.0,0.0,0.023333333333333334,1.7602149458285463,-0.7071067811865477,0.7071067811865474
agent1,2024-12-12 21:40:00+00:00,9,1,1,1,1,13-14-December.csv,0,0,0,0,0,0,0,0,0,0,0,0,0,0,0,0,0,0,9,1,0,20.310222222222222,20.342151120135856,0.0,0.0,0.0,0.0,0.0,0.0,0.0,0.0,0.0,0.0,0.0,0.0,0.0,0.0,0.0,0.0,0.0,0.0,0.03,1.0015720604907365,-0.7071067811865477,0.7071067811865474
agent1,2024-12-12 21:45:00+00:00,7,1,1,1,1,13-14-December.csv,0,0,0,0,0,0,0,0,0,0,0,0,0,0,0,0,0,0,7,1,0,55.543714285714294,79.98526079162814,0.0,0.0,0.0,0.0,0.0,0.0,0.0,0.0,0.0,0.0,0.0,0.0,0.0,0.0,0.0,0.0,0.0,0.0,0.023333333333333334,1.440041628836481,-0.7071067811865477,0.7071067811865474
agent1,2024-12-12 21:50:00+00:00,4,1,1,1,1,13-14-December.csv,0,0,0,0,0,0,0,0,0,0,0,0,0,0,0,0,0,0,4,1,0,61.5715,69.54885186447486,0.0,0.0,0.0,0.0,0.0,0.0,0.0,0.0,0.0,0.0,0.0,0.0,0.0,0.0,0.0,0.0,0.0,0.0,0.013333333333333334,1.1295624089793956,-0.7071067811865477,0.7071067811865474
agent1,2024-12-12 21:55:00+00:00,10,1,1,1,1,13-14-December.csv,0,0,0,0,0,0,0,0,0,0,0,0,0,0,0,0,0,0,10,1,0,24.4143,47.512779263524926,0.0,0.0,0.0,0.0,0.0,0.0,0.0,0.0,0.0,0.0,0.0,0.0,0.0,0.0,0.0,0.0,0.0,0.0,0.03333333333333333,1.9461045069293375,-0.7071067811865477,0.7071067811865474
agent1,2024-12-12 22:00:00+00:00,11,1,1,1,1,13-14-December.csv,0,0,0,0,0,0,0,0,0,0,0,0,0,0,0,0,0,0,11,1,0,39.865818181818184,51.30882361313342,0.0,0.0,0.0,0.0,0.0,0.0,0.0,0.0,0.0,0.0,0.0,0.0,0.0,0.0,0.0,0.0,0.0,0.0,0.03666666666666667,1.2870380178609782,-0.5000000000000004,0.8660254037844384
agent1,2024-12-12 22:05:00+00:00,6,1,1,1,1,13-14-December.csv,0,0,0,0,0,0,0,0,0,0,0,0,0,0,0,0,0,0,6,1,0,42.5685,31.004889116073294,0.0,0.0,0.0,0.0,0.0,0.0,0.0,0.0,0.0,0.0,0.0,0.0,0.0,0.0,0.0,0.0,0.0,0.0,0.02,0.7283528692829978,-0.5000000000000004,0.8660254037844384
agent1,2024-12-12 22:10:00+00:00,2,1,1,1,1,13-14-December.csv,0,0,0,0,0,0,0,0,0,0,0,0,0,0,0,0,0,0,2,1,0,153.148,63.69335042215947,0.0,0.0,0.0,0.0,0.0,0.0,0.0,0.0,0.0,0.0,0.0,0.0,0.0,0.0,0.0,0.0,0.0,0.0,0.006666666666666667,0.41589410519340425,-0.5000000000000004,0.8660254037844384
agent1,2024-12-12 22:15:00+00:00,3,1,1,1,1,13-14-December.csv,0,0,0,0,0,0,0,0,0,0,0,0,0,0,0,0,0,0,3,1,0,94.528,43.7891583956577,0.0,0.0,0.0,0.0,0.0,0.0,0.0,0.0,0.0,0.0,0.0,0.0,0.0,0.0,0.0,0.0,0.0,0.0,0.01,0.4632400811998318,-0.5000000000000004,0.8660254037844384
agent1,2024-12-12 22:25:00+00:00,3,1,1,1,1,13-14-December.csv,0,0,0,0,0,0,0,0,0,0,0,0,0,0,0,0,0,0,3,1,0,159.98466666666667,169.6142376403978,0.0,0.0,0.0,0.0,0.0,0.0,0.0,0.0,0.0,0.0,0.0,0.0,0.0,0.0,0.0,0.0,0.0,0.0,0.01,1.0601905868503927,-0.5000000000000004,0.8660254037844384
agent1,2024-12-12 22:30:00+00:00,1,1,1,1,1,13-14-December.csv,0,0,0,0,0,0,0,0,0,0,0,0,0,0,0,0,0,0,1,1,0,110.587,,0.0,0.0,0.0,0.0,0.0,0.0,0.0,0.0,0.0,0.0,0.0,0.0,0.0,0.0,0.0,0.0,0.0,0.0,0.0033333333333333335,0.0,-0.5000000000000004,0.8660254037844384
agent1,2024-12-12 22:35:00+00:00,4,1,1,1,1,13-14-December.csv,0,0,0,0,0,0,0,0,0,0,0,0,0,0,0,0,0,0,4,1,0,99.99249999999999,170.69228066220998,0.0,0.0,0.0,0.0,0.0,0.0,0.0,0.0,0.0,0.0,0.0,0.0,0.0,0.0,0.0,0.0,0.0,0.0,0.013333333333333334,1.7070508354347576,-0.5000000000000004,0.8660254037844384
agent1,2024-12-12 22:45:00+00:00,3,1,1,1,1,13-14-December.csv,0,0,0,0,0,0,0,0,0,0,0,0,0,0,0,0,0,0,3,1,0,223.71333333333334,350.938063164048,0.0,0.0,0.0,0.0,0.0,0.0,0.0,0.0,0.0,0.0,0.0,0.0,0.0,0.0,0.0,0.0,0.0,0.0,0.01,1.5686953385167686,-0.5000000000000004,0.8660254037844384
agent1,2024-12-12 22:50:00+00:00,4,1,1,1,1,13-14-December.csv,0,0,0,0,0,0,0,0,0,0,0,0,0,0,0,0,0,0,4,1,0,68.23875,34.3156612387114,0.0,0.0,0.0,0.0,0.0,0.0,0.0,0.0,0.0,0.0,0.0,0.0,0.0,0.0,0.0,0.0,0.0,0.0,0.013333333333333334,0.5028764629878391,-0.5000000000000004,0.8660254037844384
agent1,2024-12-12 22:55:00+00:00,6,1,1,1,1,13-14-December.csv,0,0,0,0,0,0,0,0,0,0,0,0,0,0,0,0,0,0,6,1,0,58.40533333333334,70.8302944584213,0.0,0.0,0.0,0.0,0.0,0.0,0.0,0.0,0.0,0.0,0.0,0.0,0.0,0.0,0.0,0.0,0.0,0.0,0.02,1.2127367556345534,-0.5000000000000004,0.8660254037844384
agent1,2024-12-12 23:00:00+00:00,3,1,1,1,1,13-14-December.csv,0,0,0,0,0,0,0,0,0,0,0,0,0,0,0,0,0,0,3,1,0,105.33800000000001,64.98700518565231,0.0,0.0,0.0,0.0,0.0,0.0,0.0,0.0,0.0,0.0,0.0,0.0,0.0,0.0,0.0,0.0,0.0,0.0,0.01,0.6169379064122378,-0.25881904510252157,0.9659258262890681
agent1,2024-12-12 23:10:00+00:00,2,1,1,1,1,13-14-December.csv,0,0,0,0,0,0,0,0,0,0,0,0,0,0,0,0,0,0,2,1,0,185.0635,259.7040572738516,0.0,0.0,0.0,0.0,0.0,0.0,0.0,0.0,0.0,0.0,0.0,0.0,0.0,0.0,0.0,0.0,0.0,0.0,0.006666666666666667,1.4033240335012123,-0.25881904510252157,0.9659258262890681
agent1,2024-12-12 23:15:00+00:00,10,1,1,1,1,13-14-December.csv,0,0,0,0,0,0,0,0,0,0,0,0,0,0,0,0,0,0,10,1,0,51.611900000000006,94.90312166795266,0.0,0.0,0.0,0.0,0.0,0.0,0.0,0.0,0.0,0.0,0.0,0.0,0.0,0.0,0.0,0.0,0.0,0.0,0.03333333333333333,1.8387837236752116,-0.25881904510252157,0.9659258262890681
agent1,2024-12-12 23:25:00+00:00,17,1,1,1,1,13-14-December.csv,0,0,0,0,0,0,0,0,0,0,0,0,0,0,0,0,0,0,17,1,0,23.017352941176473,43.51226760199527,0.0,0.0,0.0,0.0,0.0,0.0,0.0,0.0,0.0,0.0,0.0,0.0,0.0,0.0,0.0,0.0,0.0,0.0,0.056666666666666664,1.8904114523158217,-0.25881904510252157,0.9659258262890681
agent1,2024-12-12 23:40:00+00:00,8,1,1,1,1,13-14-December.csv,0,0,0,0,0,0,0,0,0,0,0,0,0,0,0,0,0,0,8,1,0,36.76525,56.90864244872779,0.0,0.0,0.0,0.0,0.0,0.0,0.0,0.0,0.0,0.0,0.0,0.0,0.0,0.0,0.0,0.0,0.0,0.0,0.02666666666666667,1.547892165801342,-0.25881904510252157,0.9659258262890681
agent1,2024-12-12 23:45:00+00:00,10,1,1,1,1,13-14-December.csv,0,0,0,0,0,0,0,0,0,0,0,0,0,0,0,0,0,0,10,1,0,33.4814,55.800697307869235,0.0,0.0,0.0,0.0,0.0,0.0,0.0,0.0,0.0,0.0,0.0,0.0,0.0,0.0,0.0,0.0,0.0,0.0,0.03333333333333333,1.6666178029553493,-0.25881904510252157,0.9659258262890681
agent1,2024-12-12 23:50:00+00:00,6,1,1,1,1,13-14-December.csv,0,0,0,0,0,0,0,0,0,0,0,0,0,0,0,0,0,0,6,1,0,46.824333333333335,63.51618401530956,0.0,0.0,0.0,0.0,0.0,0.0,0.0,0.0,0.0,0.0,0.0,0.0,0.0,0.0,0.0,0.0,0.0,0.0,0.02,1.3564781277962932,-0.25881904510252157,0.9659258262890681
agent1,2024-12-12 23:55:00+00:00,8,1,1,1,1,13-14-December.csv,0,0,0,0,0,0,0,0,0,0,0,0,0,0,0,0,0,0,8,1,0,38.966,46.1406507384912,0.0,0.0,0.0,0.0,0.0,0.0,0.0,0.0,0.0,0.0,0.0,0.0,0.0,0.0,0.0,0.0,0.0,0.0,0.02666666666666667,1.184125923587004,-0.25881904510252157,0.9659258262890681
agent1,2024-12-13 00:00:00+00:00,9,1,1,1,1,13-14-December.csv,0,0,0,0,0,0,0,0,0,0,0,0,0,0,0,0,0,0,9,1,0,35.90844444444444,55.53154659540627,0.0,0.0,0.0,0.0,0.0,0.0,0.0,0.0,0.0,0.0,0.0,0.0,0.0,0.0,0.0,0.0,0.0,0.0,0.03,1.546475973954305,0.0,1.0
agent1,2024-12-13 00:05:00+00:00,10,1,1,1,1,13-14-December.csv,0,0,0,0,0,0,0,0,0,0,0,0,0,0,0,0,0,0,10,1,0,24.1282,20.726355078605703,0.0,0.0,0.0,0.0,0.0,0.0,0.0,0.0,0.0,0.0,0.0,0.0,0.0,0.0,0.0,0.0,0.0,0.0,0.03333333333333333,0.8590095854065245,0.0,1.0
agent1,2024-12-13 00:10:00+00:00,7,1,1,1,1,13-14-December.csv,0,0,0,0,0,0,0,0,0,0,0,0,0,0,0,0,0,0,7,1,0,45.568,49.078789851964906,0.0,0.0,0.0,0.0,0.0,0.0,0.0,0.0,0.0,0.0,0.0,0.0,0.0,0.0,0.0,0.0,0.0,0.0,0.023333333333333334,1.0770450722429097,0.0,1.0
agent1,2024-12-13 00:15:00+00:00,11,1,1,1,1,13-14-December.csv,0,0,0,0,0,0,0,0,0,0,0,0,0,0,0,0,0,0,11,1,0,30.239818181818183,35.077230217958146,0.0,0.0,0.0,0.0,0.0,0.0,0.0,0.0,0.0,0.0,0.0,0.0,0.0,0.0,0.0,0.0,0.0,0.0,0.03666666666666667,1.1599682910477445,0.0,1.0
agent1,2024-12-13 00:20:00+00:00,6,1,1,1,1,13-14-December.csv,0,0,0,0,0,0,0,0,0,0,0,0,0,0,0,0,0,0,6,1,0,45.88083333333333,36.80294237376499,0.0,0.0,0.0,0.0,0.0,0.0,0.0,0.0,0.0,0.0,0.0,0.0,0.0,0.0,0.0,0.0,0.0,0.0,0.02,0.8021419773783169,0.0,1.0
agent1,2024-12-13 00:25:00+00:00,7,1,1,1,1,13-14-December.csv,0,0,0,0,0,0,0,0,0,0,0,0,0,0,0,0,0,0,7,1,0,40.11,32.3463878560394,0.0,0.0,0.0,0.0,0.0,0.0,0.0,0.0,0.0,0.0,0.0,0.0,0.0,0.0,0.0,0.0,0.0,0.0,0.023333333333333334,0.8064419809533633,0.0,1.0
agent1,2024-12-13 00:30:00+00:00,6,1,1,1,1,13-14-December.csv,0,0,0,0,0,0,0,0,0,0,0,0,0,0,0,0,0,0,6,1,0,55.69916666666666,65.88466510931559,0.0,0.0,0.0,0.0,0.0,0.0,0.0,0.0,0.0,0.0,0.0,0.0,0.0,0.0,0.0,0.0,0.0,0.0,0.02,1.1828662626786564,0.0,1.0
agent1,2024-12-13 00:35:00+00:00,9,1,1,1,1,13-14-December.csv,0,0,0,0,0,0,0,0,0,0,0,0,0,0,0,0,0,0,9,1,0,30.351555555555553,31.892862916768348,0.0,0.0,0.0,0.0,0.0,0.0,0.0,0.0,0.0,0.0,0.0,0.0,0.0,0.0,0.0,0.0,0.0,0.0,0.03,1.050781824292056,0.0,1.0
agent1,2024-12-13 00:40:00+00:00,11,1,1,1,1,13-14-December.csv,0,0,0,0,0,0,0,0,0,0,0,0,0,0,0,0,0,0,11,1,0,31.929272727272725,44.1842725052499,0.0,0.0,0.0,0.0,0.0,0.0,0.0,0.0,0.0,0.0,0.0,0.0,0.0,0.0,0.0,0.0,0.0,0.0,0.03666666666666667,1.3838170660088176,0.0,1.0
agent1,2024-12-13 00:45:00+00:00,9,1,1,1,1,13-14-December.csv,0,0,0,0,0,0,0,0,0,0,0,0,0,0,0,0,0,0,9,1,0,31.046333333333337,40.77268005662616,0.0,0.0,0.0,0.0,0.0,0.0,0.0,0.0,0.0,0.0,0.0,0.0,0.0,0.0,0.0,0.0,0.0,0.0,0.03,1.3132848771178396,0.0,1.0
agent1,2024-12-13 00:50:00+00:00,7,1,1,1,1,13-14-December.csv,0,0,0,0,0,0,0,0,0,0,0,0,0,0,0,0,0,0,7,1,0,36.519285714285715,26.17929355880512,0.0,0.0,0.0,0.0,0.0,0.0,0.0,0.0,0.0,0.0,0.0,0.0,0.0,0.0,0.0,0.0,0.0,0.0,0.023333333333333334,0.7168621468564002,0.0,1.0
agent1,2024-12-13 00:55:00+00:00,8,1,1,1,1,13-14-December.csv,0,0,0,0,0,0,0,0,0,0,0,0,0,0,0,0,0,0,8,1,0,46.15575,59.55628114589234,0.0,0.0,0.0,0.0,0.0,0.0,0.0,0.0,0.0,0.0,0.0,0.0,0.0,0.0,0.0,0.0,0.0,0.0,0.02666666666666667,1.290332865263642,0.0,1.0
agent1,2024-12-13 01:00:00+00:00,3,1,1,1,1,13-14-December.csv,0,0,0,0,0,0,0,0,0,0,0,0,0,0,0,0,0,0,3,1,0,54.907999999999994,68.6297550556608,0.0,0.0,0.0,0.0,0.0,0.0,0.0,0.0,0.0,0.0,0.0,0.0,0.0,0.0,0.0,0.0,0.0,0.0,0.01,1.249904477592715,0.25881904510252074,0.9659258262890683
agent1,2024-12-13 01:05:00+00:00,6,1,1,1,1,13-14-December.csv,0,0,0,0,0,0,0,0,0,0,0,0,0,0,0,0,0,0,6,1,0,65.84133333333334,80.82950094282822,0.0,0.0,0.0,0.0,0.0,0.0,0.0,0.0,0.0,0.0,0.0,0.0,0.0,0.0,0.0,0.0,0.0,0.0,0.02,1.22764070608374,0.25881904510252074,0.9659258262890683
agent1,2024-12-13 01:10:00+00:00,9,1,1,1,1,13-14-December.csv,0,0,0,0,0,0,0,0,0,0,0,0,0,0,0,0,0,0,9,1,0,37.71988888888889,37.19464477732125,0.0,0.0,0.0,0.0,0.0,0.0,0.0,0.0,0.0,0.0,0.0,0.0,0.0,0.0,0.0,0.0,0.0,0.0,0.03,0.9860751416019585,0.25881904510252074,0.9659258262890683
agent1,2024-12-13 01:15:00+00:00,8,1,1,1,1,13-14-December.csv,0,0,0,0,0,0,0,0,0,0,0,0,0,0,0,0,0,0,8,1,0,37.674875,62.91609333171442,0.0,0.0,0.0,0.0,0.0,0.0,0.0,0.0,0.0,0.0,0.0,0.0,0.0,0.0,0.0,0.0,0.0,0.0,0.02666666666666667,1.6699748395107992,0.25881904510252074,0.9659258262890683
agent1,2024-12-13 01:20:00+00:00,5,1,1,1,1,13-14-December.csv,0,0,0,0,0,0,0,0,0,0,0,0,0,0,0,0,0,0,5,1,0,55.2102,34.121714775198505,0.0,0.0,0.0,0.0,0.0,0.0,0.0,0.0,0.0,0.0,0.0,0.0,0.0,0.0,0.0,0.0,0.0,0.0,0.016666666666666666,0.6180328050830917,0.25881904510252074,0.9659258262890683
agent1,2024-12-13 01:25:00+00:00,14,1,1,1,1,13-14-December.csv,0,0,0,0,0,0,0,0,0,0,0,0,0,0,0,0,0,0,14,1,0,21.098714285714287,41.70913197449612,0.0,0.0,0.0,0.0,0.0,0.0,0.0,0.0,0.0,0.0,0.0,0.0,0.0,0.0,0.0,0.0,0.0,0.0,0.04666666666666667,1.9768565709587775,0.25881904510252074,0.9659258262890683
agent1,2024-12-13 01:30:00+00:00,3,1,1,1,1,13-14-December.csv,0,0,0,0,0,0,0,0,0,0,0,0,0,0,0,0,0,0,3,1,0,108.19599999999998,88.94734337235711,0.0,0.0,0.0,0.0,0.0,0.0,0.0,0.0,0.0,0.0,0.0,0.0,0.0,0.0,0.0,0.0,0.0,0.0,0.01,0.8220945633143288,0.25881904510252074,0.9659258262890683
agent1,2024-12-13 01:40:00+00:00,23,1,1,1,1,13-14-December.csv,0,0,0,0,0,0,0,0,0,0,0,0,0,0,0,0,0,0,23,1,0,10.658521739130434,26.96523630843907,0.0,0.0,0.0,0.0,0.0,0.0,0.0,0.0,0.0,0.0,0.0,0.0,0.0,0.0,0.0,0.0,0.0,0.0,0.07666666666666666,2.5299227199060916,0.25881904510252074,0.9659258262890683
agent1,2024-12-13 01:45:00+00:00,7,1,1,1,1,13-14-December.csv,0,0,0,0,0,0,0,0,0,0,0,0,0,0,0,0,0,0,7,1,0,60.98942857142857,77.48949925389277,0.0,0.0,0.0,0.0,0.0,0.0,0.0,0.0,0.0,0.0,0.0,0.0,0.0,0.0,0.0,0.0,0.0,0.0,0.023333333333333334,1.2705398471333427,0.25881904510252074,0.9659258262890683
agent1,2024-12-13 01:50:00+00:00,5,1,1,1,1,13-14-December.csv,0,0,0,0,0,0,0,0,0,0,0,0,0,0,0,0,0,0,5,1,0,67.7416,58.76087290280839,0.0,0.0,0.0,0.0,0.0,0.0,0.0,0.0,0.0,0.0,0.0,0.0,0.0,0.0,0.0,0.0,0.0,0.0,0.016666666666666666,0.8674267053451407,0.25881904510252074,0.9659258262890683
agent1,2024-12-13 01:55:00+00:00,5,1,1,1,1,13-14-December.csv,0,0,0,0,0,0,0,0,0,0,0,0,0,0,0,0,0,0,5,1,0,60.984,60.899128515931984,0.0,0.0,0.0,0.0,0.0,0.0,0.0,0.0,0.0,0.0,0.0,0.0,0.0,0.0,0.0,0.0,0.0,0.0,0.016666666666666666,0.9986082991593201,0.25881904510252074,0.9659258262890683
agent1,2024-12-13 02:00:00+00:00,5,1,1,1,1,13-14-December.csv,0,0,0,0,0,0,0,0,0,0,0,0,0,0,0,0,0,0,5,1,0,54.5742,67.09452982695385,0.0,0.0,0.0,0.0,0.0,0.0,0.0,0.0,0.0,0.0,0.0,0.0,0.0,0.0,0.0,0.0,0.0,0.0,0.016666666666666666,1.2294184766236398,0.49999999999999994,0.8660254037844387
agent1,2024-12-13 02:05:00+00:00,11,1,1,1,1,13-14-December.csv,0,0,0,0,0,0,0,0,0,0,0,0,0,0,0,0,0,0,11,1,0,28.874363636363636,50.07228718816972,0.0,0.0,0.0,0.0,0.0,0.0,0.0,0.0,0.0,0.0,0.0,0.0,0.0,0.0,0.0,0.0,0.0,0.0,0.03666666666666667,1.7341434020422863,0.49999999999999994,0.8660254037844387
agent1,2024-12-13 02:15:00+00:00,6,1,1,1,1,13-14-December.csv,0,0,0,0,0,0,0,0,0,0,0,0,0,0,0,0,0,0,6,1,0,51.769,48.93380443006654,0.0,0.0,0.0,0.0,0.0,0.0,0.0,0.0,0.0,0.0,0.0,0.0,0.0,0.0,0.0,0.0,0.0,0.0,0.02,0.9452337196018185,0.49999999999999994,0.8660254037844387
agent1,2024-12-13 02:20:00+00:00,7,1,1,1,1,13-14-December.csv,0,0,0,0,0,0,0,0,0,0,0,0,0,0,0,0,0,0,7,1,0,35.297285714285714,41.426880809100616,0.0,0.0,0.0,0.0,0.0,0.0,0.0,0.0,0.0,0.0,0.0,0.0,0.0,0.0,0.0,0.0,0.0,0.0,0.023333333333333334,1.17365627330189,0.49999999999999994,0.8660254037844387
agent1,2024-12-13 02:30:00+00:00,6,1,1,1,1,13-14-December.csv,0,0,0,0,0,0,0,0,0,0,0,0,0,0,0,0,0,0,6,1,0,79.94066666666667,123.86893966070215,0.0,0.0,0.0,0.0,0.0,0.0,0.0,0.0,0.0,0.0,0.0,0.0,0.0,0.0,0.0,0.0,0.0,0.0,0.02,1.5495109663921844,0.49999999999999994,0.8660254037844387
agent1,2024-12-13 02:35:00+00:00,5,1,1,1,1,13-14-December.csv,0,0,0,0,0,0,0,0,0,0,0,0,0,0,0,0,0,0,5,1,0,45.4538,38.32512337488296,0.0,0.0,0.0,0.0,0.0,0.0,0.0,0.0,0.0,0.0,0.0,0.0,0.0,0.0,0.0,0.0,0.0,0.0,0.016666666666666666,0.8431665421787169,0.49999999999999994,0.8660254037844387
agent1,2024-12-13 02:40:00+00:00,4,1,1,1,1,13-14-December.csv,0,0,0,0,0,0,0,0,0,0,0,0,0,0,0,0,0,0,4,1,0,83.036,91.67838549698251,0.0,0.0,0.0,0.0,0.0,0.0,0.0,0.0,0.0,0.0,0.0,0.0,0.0,0.0,0.0,0.0,0.0,0.0,0.013333333333333334,1.1040799833443629,0.49999999999999994,0.8660254037844387
agent1,2024-12-13 02:45:00+00:00,6,1,1,1,1,13-14-December.csv,0,0,0,0,0,0,0,0,0,0,0,0,0,0,0,0,0,0,6,1,0,57.61883333333333,39.28078152693333,0.0,0.0,0.0,0.0,0.0,0.0,0.0,0.0,0.0,0.0,0.0,0.0,0.0,0.0,0.0,0.0,0.0,0.0,0.02,0.6817351073335397,0.49999999999999994,0.8660254037844387
agent1,2024-12-13 02:50:00+00:00,4,1,1,1,1,13-14-December.csv,0,0,0,0,0,0,0,0,0,0,0,0,0,0,0,0,0,0,4,1,0,64.5095,53.16713619332904,0.0,0.0,0.0,0.0,0.0,0.0,0.0,0.0,0.0,0.0,0.0,0.0,0.0,0.0,0.0,0.0,0.0,0.0,0.013333333333333334,0.8241752950081622,0.49999999999999994,0.8660254037844387
agent1,2024-12-13 03:00:00+00:00,2,1,1,1,1,13-14-December.csv,0,0,0,0,0,0,0,0,0,0,0,0,0,0,0,0,0,0,2,1,0,133.1225,161.39217305836118,0.0,0.0,0.0,0.0,0.0,0.0,0.0,0.0,0.0,0.0,0.0,0.0,0.0,0.0,0.0,0.0,0.0,0.0,0.006666666666666667,1.2123583395621416,0.7071067811865476,0.7071067811865476
agent1,2024-12-13 03:05:00+00:00,4,1,1,1,1,13-14-December.csv,0,0,0,0,0,0,0,0,0,0,0,0,0,0,0,0,0,0,4,1,0,73.14099999999999,82.76583336941236,0.0,0.0,0.0,0.0,0.0,0.0,0.0,0.0,0.0,0.0,0.0,0.0,0.0,0.0,0.0,0.0,0.0,0.0,0.013333333333333334,1.1315928599473943,0.7071067811865476,0.7071067811865476
agent1,2024-12-13 03:15:00+00:00,12,1,1,1,1,13-14-December.csv,0,0,0,0,0,0,0,0,0,0,0,0,0,0,0,0,0,0,12,1,0,17.537916666666668,24.33625052340394,0.0,0.0,0.0,0.0,0.0,0.0,0.0,0.0,0.0,0.0,0.0,0.0,0.0,0.0,0.0,0.0,0.0,0.0,0.04,1.3876363416447566,0.7071067811865476,0.7071067811865476
agent1,2024-12-13 03:20:00+00:00,14,1,1,1,1,13-14-December.csv,0,0,0,0,0,0,0,0,0,0,0,0,0,0,0,0,0,0,14,1,0,25.417214285714287,55.78811373150897,0.0,0.0,0.0,0.0,0.0,0.0,0.0,0.0,0.0,0.0,0.0,0.0,0.0,0.0,0.0,0.0,0.0,0.0,0.04666666666666667,2.1948948891249898,0.7071067811865476,0.7071067811865476
agent1,2024-12-13 03:30:00+00:00,5,1,1,1,1,13-14-December.csv,0,0,0,0,0,0,0,0,0,0,0,0,0,0,0,0,0,0,5,1,0,89.9724,110.626925424148,0.0,0.0,0.0,0.0,0.0,0.0,0.0,0.0,0.0,0.0,0.0,0.0,0.0,0.0,0.0,0.0,0.0,0.0,0.016666666666666666,1.2295651269072294,0.7071067811865476,0.7071067811865476
agent1,2024-12-13 03:35:00+00:00,4,1,1,1,1,13-14-December.csv,0,0,0,0,0,0,0,0,0,0,0,0,0,0,0,0,0,0,4,1,0,56.6315,46.59924024058761,0.0,0.0,0.0,0.0,0.0,0.0,0.0,0.0,0.0,0.0,0.0,0.0,0.0,0.0,0.0,0.0,0.0,0.0,0.013333333333333334,0.8228501848015258,0.7071067811865476,0.7071067811865476
agent1,2024-12-13 03:40:00+00:00,6,1,1,1,1,13-14-December.csv,0,0,0,0,0,0,0,0,0,0,0,0,0,0,0,0,0,0,6,1,0,63.02,54.32322497422258,0.0,0.0,0.0,0.0,0.0,0.0,0.0,0.0,0.0,0.0,0.0,0.0,0.0,0.0,0.0,0.0,0.0,0.0,0.02,0.8619997615712882,0.7071067811865476,0.7071067811865476
agent1,2024-12-13 03:45:00+00:00,5,1,1,1,1,13-14-December.csv,0,0,0,0,0,0,0,0,0,0,0,0,0,0,0,0,0,0,5,1,0,61.934400000000004,61.5311981298918,0.0,0.0,0.0,0.0,0.0,0.0,0.0,0.0,0.0,0.0,0.0,0.0,0.0,0.0,0.0,0.0,0.0,0.0,0.016666666666666666,0.9934898558780225,0.7071067811865476,0.7071067811865476
agent1,2024-12-13 04:00:00+00:00,1,1,1,1,1,13-14-December.csv,0,0,0,0,0,0,0,0,0,0,0,0,0,0,0,0,0,0,1,1,0,726.496,,0.0,0.0,0.0,0.0,0.0,0.0,0.0,0.0,0.0,0.0,0.0,0.0,0.0,0.0,0.0,0.0,0.0,0.0,0.0033333333333333335,0.0,0.8660254037844386,0.5000000000000001
agent1,2024-12-13 04:15:00+00:00,2,1,1,1,1,13-14-December.csv,0,0,0,0,0,0,0,0,0,0,0,0,0,0,0,0,0,0,2,1,0,370.59450000000004,236.97057425870415,0.0,0.0,0.0,0.0,0.0,0.0,0.0,0.0,0.0,0.0,0.0,0.0,0.0,0.0,0.0,0.0,0.0,0.0,0.006666666666666667,0.639433597257121,0.8660254037844386,0.5000000000000001
agent1,2024-12-13 04:25:00+00:00,2,1,1,1,1,13-14-December.csv,0,0,0,0,0,0,0,0,0,0,0,0,0,0,0,0,0,0,2,1,0,157.9215,98.84433562172391,0.0,0.0,0.0,0.0,0.0,0.0,0.0,0.0,0.0,0.0,0.0,0.0,0.0,0.0,0.0,0.0,0.0,0.0,0.006666666666666667,0.6259080341924558,0.8660254037844386,0.5000000000000001
agent1,2024-12-13 04:30:00+00:00,1,1,1,1,1,13-14-December.csv,0,0,0,0,0,0,0,0,0,0,0,0,0,0,0,0,0,0,1,1,0,405.05,,0.0,0.0,0.0,0.0,0.0,0.0,0.0,0.0,0.0,0.0,0.0,0.0,0.0,0.0,0.0,0.0,0.0,0.0,0.0033333333333333335,0.0,0.8660254037844386,0.5000000000000001
agent1,2024-12-13 04:45:00+00:00,1,1,1,1,1,13-14-December.csv,0,0,0,0,0,0,0,0,0,0,0,0,0,0,0,0,0,0,1,1,0,721.343,,0.0,0.0,0.0,0.0,0.0,0.0,0.0,0.0,0.0,0.0,0.0,0.0,0.0,0.0,0.0,0.0,0.0,0.0,0.0033333333333333335,0.0,0.8660254037844386,0.5000000000000001
agent1,2024-12-13 04:50:00+00:00,2,1,1,1,1,13-14-December.csv,0,0,0,0,0,0,0,0,0,0,0,0,0,0,0,0,0,0,2,1,0,88.7125,98.77928179785476,0.0,0.0,0.0,0.0,0.0,0.0,0.0,0.0,0.0,0.0,0.0,0.0,0.0,0.0,0.0,0.0,0.0,0.0,0.006666666666666667,1.1134764751061548,0.8660254037844386,0.5000000000000001
agent1,2024-12-13 05:15:00+00:00,4,1,1,1,1,13-14-December.csv,0,0,0,0,0,0,0,0,0,0,0,0,0,0,0,0,0,0,4,1,0,395.86825,694.3738467412566,0.0,0.0,0.0,0.0,0.0,0.0,0.0,0.0,0.0,0.0,0.0,0.0,0.0,0.0,0.0,0.0,0.0,0.0,0.013333333333333334,1.7540528868916783,0.9659258262890683,0.25881904510252074
agent1,2024-12-13 05:25:00+00:00,1,1,1,1,1,13-14-December.csv,0,0,0,0,0,0,0,0,0,0,0,0,0,0,0,0,0,0,1,1,0,200.765,,0.0,0.0,0.0,0.0,0.0,0.0,0.0,0.0,0.0,0.0,0.0,0.0,0.0,0.0,0.0,0.0,0.0,0.0,0.0033333333333333335,0.0,0.9659258262890683,0.25881904510252074
agent1,2024-12-13 05:35:00+00:00,2,1,1,1,1,13-14-December.csv,0,0,0,0,0,0,0,0,0,0,0,0,0,0,0,0,0,0,2,1,0,197.0935,223.50726114491223,0.0,0.0,0.0,0.0,0.0,0.0,0.0,0.0,0.0,0.0,0.0,0.0,0.0,0.0,0.0,0.0,0.0,0.0,0.006666666666666667,1.1340163990436631,0.9659258262890683,0.25881904510252074
agent1,2024-12-13 05:50:00+00:00,2,1,1,1,1,13-14-December.csv,0,0,0,0,0,0,0,0,0,0,0,0,0,0,0,0,0,0,2,1,0,147.45850000000002,11.614228880989021,0.0,0.0,0.0,0.0,0.0,0.0,0.0,0.0,0.0,0.0,0.0,0.0,0.0,0.0,0.0,0.0,0.0,0.0,0.006666666666666667,0.0787626951378796,0.9659258262890683,0.25881904510252074
agent1,2024-12-13 07:05:00+00:00,30,1,1,1,1,13-14-December.csv,0,0,0,0,0,0,0,0,0,0,0,0,0,0,0,0,0,0,30,1,0,109.3868,587.536977964639,0.0,0.0,0.0,0.0,0.0,0.0,0.0,0.0,0.0,0.0,0.0,0.0,0.0,0.0,0.0,0.0,0.0,0.0,0.1,5.3711871813110825,0.9659258262890683,-0.25881904510252063
agent1,2024-12-13 07:10:00+00:00,34,1,1,1,1,13-14-December.csv,0,0,0,0,0,0,1,0,0,0,0,0,0,0,0,0,0,0,34,1,0,8.828411764705882,17.335364741891148,0.0,0.0,0.0,0.0,0.0,0.0,0.0033333333333333335,0.0,0.0,0.0,0.0,0.0,0.0,0.0,0.0,0.0,0.0,0.0,0.11333333333333333,1.96358815197024,0.9659258262890683,-0.25881904510252063
agent1,2024-12-13 07:15:00+00:00,5,1,1,1,1,13-14-December.csv,0,0,0,0,0,0,0,0,0,0,0,0,0,0,0,0,0,0,5,1,0,57.0474,58.226759868637714,0.0,0.0,0.0,0.0,0.0,0.0,0.0,0.0,0.0,0.0,0.0,0.0,0.0,0.0,0.0,0.0,0.0,0.0,0.016666666666666666,1.0206733325031063,0.9659258262890683,-0.25881904510252063
agent1,2024-12-13 07:20:00+00:00,5,1,1,1,1,13-14-December.csv,0,0,0,0,0,0,0,0,0,0,0,0,0,0,0,0,0,0,5,1,0,42.4846,41.77676561559068,0.0,0.0,0.0,0.0,0.0,0.0,0.0,0.0,0.0,0.0,0.0,0.0,0.0,0.0,0.0,0.0,0.0,0.0,0.016666666666666666,0.9833390361587654,0.9659258262890683,-0.25881904510252063
agent1,2024-12-13 07:30:00+00:00,7,1,1,1,1,13-14-December.csv,0,0,0,0,0,0,0,0,0,0,0,0,0,0,0,0,0,0,7,1,0,70.77214285714285,120.37793048344113,0.0,0.0,0.0,0.0,0.0,0.0,0.0,0.0,0.0,0.0,0.0,0.0,0.0,0.0,0.0,0.0,0.0,0.0,0.023333333333333334,1.700922504585315,0.9659258262890683,-0.25881904510252063
agent1,2024-12-13 07:35:00+00:00,4,1,1,1,1,13-14-December.csv,0,0,0,0,0,0,0,0,0,0,0,0,0,0,0,0,0,0,4,1,0,86.37925,107.5124164313902,0.0,0.0,0.0,0.0,0.0,0.0,0.0,0.0,0.0,0.0,0.0,0.0,0.0,0.0,0.0,0.0,0.0,0.0,0.013333333333333334,1.2446555906816765,0.9659258262890683,-0.25881904510252063
agent1,2024-12-13 07:40:00+00:00,5,1,1,1,1,13-14-December.csv,0,0,0,0,0,0,0,0,0,0,0,0,0,0,0,0,0,0,5,1,0,30.0182,26.390904289167512,0.0,0.0,0.0,0.0,0.0,0.0,0.0,0.0,0.0,0.0,0.0,0.0,0.0,0.0,0.0,0.0,0.0,0.0,0.016666666666666666,0.8791634504789598,0.9659258262890683,-0.25881904510252063
agent1,2024-12-13 07:45:00+00:00,3,1,1,1,1,13-14-December.csv,0,0,0,0,0,0,0,0,0,0,0,0,0,0,0,0,0,0,3,1,0,84.28166666666667,137.62571349981565,0.0,0.0,0.0,0.0,0.0,0.0,0.0,0.0,0.0,0.0,0.0,0.0,0.0,0.0,0.0,0.0,0.0,0.0,0.01,1.632925865646728,0.9659258262890683,-0.25881904510252063
agent1,2024-12-13 07:50:00+00:00,6,1,1,1,1,13-14-December.csv,0,0,0,0,0,0,0,0,0,0,0,0,0,0,0,0,0,0,6,1,0,73.00699999999999,113.03005597804506,0.0,0.0,0.0,0.0,0.0,0.0,0.0,0.0,0.0,0.0,0.0,0.0,0.0,0.0,0.0,0.0,0.0,0.0,0.02,1.5482084728593843,0.9659258262890683,-0.25881904510252063
agent1,2024-12-13 07:55:00+00:00,3,1,1,1,1,13-14-December.csv,0,0,0,0,0,0,0,0,0,0,0,0,0,0,0,0,0,0,3,1,0,122.25600000000001,196.23888031682205,0.0,0.0,0.0,0.0,0.0,0.0,0.0,0.0,0.0,0.0,0.0,0.0,0.0,0.0,0.0,0.0,0.0,0.0,0.01,1.6051472346291553,0.9659258262890683,-0.25881904510252063
agent1,2024-12-13 08:00:00+00:00,4,1,1,1,1,13-14-December.csv,0,0,0,0,0,0,0,0,0,0,0,0,0,0,0,0,0,0,4,1,0,62.33475,74.84162942451658,0.0,0.0,0.0,0.0,0.0,0.0,0.0,0.0,0.0,0.0,0.0,0.0,0.0,0.0,0.0,0.0,0.0,0.0,0.013333333333333334,1.200640564444657,0.8660254037844387,-0.4999999999999998
agent1,2024-12-13 08:05:00+00:00,3,1,1,1,1,13-14-December.csv,0,0,0,0,0,0,0,0,0,0,0,0,0,0,0,0,0,0,3,1,0,123.95633333333335,133.50164774388867,0.0,0.0,0.0,0.0,0.0,0.0,0.0,0.0,0.0,0.0,0.0,0.0,0.0,0.0,0.0,0.0,0.0,0.0,0.01,1.0770054595345833,0.8660254037844387,-0.4999999999999998
agent1,2024-12-13 08:10:00+00:00,7,1,1,1,1,13-14-December.csv,0,0,0,0,0,0,0,0,0,0,0,0,0,0,0,0,0,0,7,1,0,41.09728571428571,47.75805659681686,0.0,0.0,0.0,0.0,0.0,0.0,0.0,0.0,0.0,0.0,0.0,0.0,0.0,0.0,0.0,0.0,0.0,0.0,0.023333333333333334,1.1620732553686828,0.8660254037844387,-0.4999999999999998
agent1,2024-12-13 08:20:00+00:00,4,1,1,1,1,13-14-December.csv,0,0,0,0,0,0,0,0,0,0,0,0,0,0,0,0,0,0,4,1,0,137.445,162.97191975306666,0.0,0.0,0.0,0.0,0.0,0.0,0.0,0.0,0.0,0.0,0.0,0.0,0.0,0.0,0.0,0.0,0.0,0.0,0.013333333333333334,1.1857246153229777,0.8660254037844387,-0.4999999999999998
agent1,2024-12-13 08:25:00+00:00,3,1,1,1,1,13-14-December.csv,0,0,0,0,0,0,0,0,0,0,0,0,0,0,0,0,0,0,3,1,0,51.18566666666667,81.64369811157094,0.0,0.0,0.0,0.0,0.0,0.0,0.0,0.0,0.0,0.0,0.0,0.0,0.0,0.0,0.0,0.0,0.0,0.0,0.01,1.5950500096688058,0.8660254037844387,-0.4999999999999998
agent1,2024-12-13 08:30:00+00:00,4,1,1,1,1,13-14-December.csv,0,0,0,0,0,0,0,0,0,0,0,0,0,0,0,0,0,0,4,1,0,104.4295,158.6426081847707,0.0,0.0,0.0,0.0,0.0,0.0,0.0,0.0,0.0,0.0,0.0,0.0,0.0,0.0,0.0,0.0,0.0,0.0,0.013333333333333334,1.5191359547328167,0.8660254037844387,-0.4999999999999998
agent1,2024-12-13 08:35:00+00:00,4,1,1,1,1,13-14-December.csv,0,0,0,0,0,0,0,0,0,0,0,0,0,0,0,0,0,0,4,1,0,69.73025,132.06758776569671,0.0,0.0,0.0,0.0,0.0,0.0,0.0,0.0,0.0,0.0,0.0,0.0,0.0,0.0,0.0,0.0,0.0,0.0,0.013333333333333334,1.8939784062970766,0.8660254037844387,-0.4999999999999998
agent1,2024-12-13 08:40:00+00:00,6,1,1,1,1,13-14-December.csv,0,0,0,0,0,0,0,0,0,0,0,0,0,0,0,0,0,0,6,1,0,68.34816666666667,72.98440712211524,0.0,0.0,0.0,0.0,0.0,0.0,0.0,0.0,0.0,0.0,0.0,0.0,0.0,0.0,0.0,0.0,0.0,0.0,0.02,1.0678326966407083,0.8660254037844387,-0.4999999999999998
agent1,2024-12-13 08:50:00+00:00,4,1,1,1,1,13-14-December.csv,0,0,0,0,0,0,0,0,0,0,0,0,0,0,0,0,0,0,4,1,0,132.9055,152.74480050397787,0.0,0.0,0.0,0.0,0.0,0.0,0.0,0.0,0.0,0.0,0.0,0.0,0.0,0.0,0.0,0.0,0.0,0.0,0.013333333333333334,1.1492737358798386,0.8660254037844387,-0.4999999999999998
agent1,2024-12-13 08:55:00+00:00,3,1,1,1,1,13-14-December.csv,0,0,0,0,0,0,0,0,0,0,0,0,0,0,0,0,0,0,3,1,0,101.68533333333335,168.90910268346505,0.0,0.0,0.0,0.0,0.0,0.0,0.0,0.0,0.0,0.0,0.0,0.0,0.0,0.0,0.0,0.0,0.0,0.0,0.01,1.6610960218792454,0.8660254037844387,-0.4999999999999998
agent1,2024-12-13 09:05:00+00:00,16,1,1,1,1,13-14-December.csv,0,0,0,0,0,0,0,0,0,0,0,0,0,0,0,0,0,0,16,1,0,37.1484375,110.41209806536526,0.0,0.0,0.0,0.0,0.0,0.0,0.0,0.0,0.0,0.0,0.0,0.0,0.0,0.0,0.0,0.0,0.0,0.0,0.05333333333333334,2.9721868669541016,0.7071067811865476,-0.7071067811865475
agent1,2024-12-13 09:10:00+00:00,16,1,1,1,1,13-14-December.csv,0,0,0,0,0,0,0,0,0,0,0,0,0,0,0,0,0,0,16,1,0,19.996187499999998,14.246322806108017,0.0,0.0,0.0,0.0,0.0,0.0,0.0,0.0,0.0,0.0,0.0,0.0,0.0,0.0,0.0,0.0,0.0,0.0,0.05333333333333334,0.7124519514586477,0.7071067811865476,-0.7071067811865475
agent1,2024-12-13 09:15:00+00:00,5,1,1,1,1,13-14-December.csv,0,0,0,0,0,0,0,0,0,0,0,0,0,0,0,0,0,0,5,1,0,59.1816,68.06331606893687,0.0,0.0,0.0,0.0,0.0,0.0,0.0,0.0,0.0,0.0,0.0,0.0,0.0,0.0,0.0,0.0,0.0,0.0,0.016666666666666666,1.1500756327800679,0.7071067811865476,-0.7071067811865475
agent1,2024-12-13 09:25:00+00:00,4,1,1,1,1,13-14-December.csv,0,0,0,0,0,0,0,0,0,0,0,0,0,0,0,0,0,0,4,1,0,151.52825,181.12403599812478,0.0,0.0,0.0,0.0,0.0,0.0,0.0,0.0,0.0,0.0,0.0,0.0,0.0,0.0,0.0,0.0,0.0,0.0,0.013333333333333334,1.1953153025797154,0.7071067811865476,-0.7071067811865475
agent1,2024-12-13 09:30:00+00:00,3,1,1,1,1,13-14-December.csv,0,0,0,0,0,0,0,0,0,0,0,0,0,0,0,0,0,0,3,1,0,42.302,69.79677860044832,0.0,0.0,0.0,0.0,0.0,0.0,0.0,0.0,0.0,0.0,0.0,0.0,0.0,0.0,0.0,0.0,0.0,0.0,0.01,1.6499640348080071,0.7071067811865476,-0.7071067811865475
agent1,2024-12-13 09:35:00+00:00,4,1,1,1,1,13-14-December.csv,0,0,0,0,0,0,0,0,0,0,0,0,0,0,0,0,0,0,4,1,0,113.4945,155.67303615484178,0.0,0.0,0.0,0.0,0.0,0.0,0.0,0.0,0.0,0.0,0.0,0.0,0.0,0.0,0.0,0.0,0.0,0.0,0.013333333333333334,1.3716350673807258,0.7071067811865476,-0.7071067811865475
agent1,2024-12-13 09:45:00+00:00,6,1,1,1,1,13-14-December.csv,0,0,0,0,0,0,0,0,0,0,0,0,0,0,0,0,0,0,6,1,0,73.57033333333334,148.10923050055547,0.0,0.0,0.0,0.0,0.0,0.0,0.0,0.0,0.0,0.0,0.0,0.0,0.0,0.0,0.0,0.0,0.0,0.0,0.02,2.0131651413009157,0.7071067811865476,-0.7071067811865475
agent1,2024-12-13 09:50:00+00:00,4,1,1,1,1,13-14-December.csv,0,0,0,0,0,0,0,0,0,0,0,0,0,0,0,0,0,0,4,1,0,70.5575,116.4869413983101,0.0,0.0,0.0,0.0,0.0,0.0,0.0,0.0,0.0,0.0,0.0,0.0,0.0,0.0,0.0,0.0,0.0,0.0,0.013333333333333334,1.6509505211821576,0.7071067811865476,-0.7071067811865475
agent1,2024-12-13 09:55:00+00:00,4,1,1,1,1,13-14-December.csv,0,0,0,0,0,0,0,0,0,0,0,0,0,0,0,0,0,0,4,1,0,124.44500000000001,140.8391699776735,0.0,0.0,0.0,0.0,0.0,0.0,0.0,0.0,0.0,0.0,0.0,0.0,0.0,0.0,0.0,0.0,0.0,0.0,0.013333333333333334,1.1317382777747076,0.7071067811865476,-0.7071067811865475
agent1,2024-12-13 10:00:00+00:00,3,1,1,1,1,13-14-December.csv,0,0,0,0,0,0,0,0,0,0,0,0,0,0,0,0,0,0,3,1,0,8.811,9.846598600532063,0.0,0.0,0.0,0.0,0.0,0.0,0.0,0.0,0.0,0.0,0.0,0.0,0.0,0.0,0.0,0.0,0.0,0.0,0.01,1.117534740725464,0.49999999999999994,-0.8660254037844387
agent1,2024-12-13 10:05:00+00:00,2,1,1,1,1,13-14-December.csv,0,0,0,0,0,0,0,0,0,0,0,0,0,0,0,0,0,0,2,1,0,176.87449999999998,204.2711282695134,0.0,0.0,0.0,0.0,0.0,0.0,0.0,0.0,0.0,0.0,0.0,0.0,0.0,0.0,0.0,0.0,0.0,0.0,0.006666666666666667,1.154893035850354,0.49999999999999994,-0.8660254037844387
agent1,2024-12-13 11:20:00+00:00,13,1,1,1,1,13-14-December.csv,0,0,0,0,0,0,1,0,0,0,0,0,0,0,0,0,0,0,13,1,0,303.40461538461534,1049.7425447846358,0.0,0.0,0.0,0.0,0.0,0.0,0.0033333333333333335,0.0,0.0,0.0,0.0,0.0,0.0,0.0,0.0,0.0,0.0,0.0,0.043333333333333335,3.459876651691386,0.258819045102521,-0.9659258262890682
agent1,2024-12-13 11:25:00+00:00,14,1,1,1,1,13-14-December.csv,0,0,0,0,0,0,0,0,0,0,0,0,0,0,0,0,0,0,14,1,0,19.146142857142856,36.84613084552725,0.0,0.0,0.0,0.0,0.0,0.0,0.0,0.0,0.0,0.0,0.0,0.0,0.0,0.0,0.0,0.0,0.0,0.0,0.04666666666666667,1.9244675609312638,0.258819045102521,-0.9659258262890682
agent1,2024-12-13 11:30:00+00:00,10,1,1,1,1,13-14-December.csv,0,0,0,0,0,0,0,0,0,0,0,0,0,0,0,0,0,0,10,1,0,33.5733,27.02180096000676,0.0,0.0,0.0,0.0,0.0,0.0,0.0,0.0,0.0,0.0,0.0,0.0,0.0,0.0,0.0,0.0,0.0,0.0,0.03333333333333333,0.8048598427919436,0.258819045102521,-0.9659258262890682
agent1,2024-12-13 11:40:00+00:00,12,1,1,1,1,13-14-December.csv,0,0,0,0,0,0,0,0,0,0,0,0,0,0,0,0,0,0,12,1,0,31.99925,62.99782089322975,0.0,0.0,0.0,0.0,0.0,0.0,0.0,0.0,0.0,0.0,0.0,0.0,0.0,0.0,0.0,0.0,0.0,0.0,0.04,1.968728044976984,0.258819045102521,-0.9659258262890682
agent1,2024-12-13 11:45:00+00:00,10,1,1,1,1,13-14-December.csv,0,0,0,0,0,0,0,0,0,0,0,0,0,0,0,0,0,0,10,1,0,35.0967,58.326713607345766,0.0,0.0,0.0,0.0,0.0,0.0,0.0,0.0,0.0,0.0,0.0,0.0,0.0,0.0,0.0,0.0,0.0,0.0,0.03333333333333333,1.6618859780932616,0.258819045102521,-0.9659258262890682
agent1,2024-12-13 11:50:00+00:00,5,1,1,1,1,13-14-December.csv,0,0,0,0,0,0,0,0,0,0,0,0,0,0,0,0,0,0,5,1,0,62.7666,81.86509190918923,0.0,0.0,0.0,0.0,0.0,0.0,0.0,0.0,0.0,0.0,0.0,0.0,0.0,0.0,0.0,0.0,0.0,0.0,0.016666666666666666,1.304277942555264,0.258819045102521,-0.9659258262890682
agent1,2024-12-13 11:55:00+00:00,9,1,1,1,1,13-14-December.csv,0,0,0,0,0,0,0,0,0,0,0,0,0,0,0,0,0,0,9,1,0,36.38044444444444,45.816972709660526,0.0,0.0,0.0,0.0,0.0,0.0,0.0,0.0,0.0,0.0,0.0,0.0,0.0,0.0,0.0,0.0,0.0,0.0,0.03,1.2593846339515269,0.258819045102521,-0.9659258262890682
agent1,2024-12-13 12:00:00+00:00,5,1,1,1,1,13-14-December.csv,0,0,0,0,0,0,0,0,0,0,0,0,0,0,0,0,0,0,5,1,0,39.601800000000004,38.68554472538807,0.0,0.0,0.0,0.0,0.0,0.0,0.0,0.0,0.0,0.0,0.0,0.0,0.0,0.0,0.0,0.0,0.0,0.0,0.016666666666666666,0.9768632922086387,1.2246467991473532e-16,-1.0
agent1,2024-12-13 12:05:00+00:00,5,1,1,1,1,13-14-December.csv,0,0,0,0,0,0,0,0,0,0,0,0,0,0,0,0,0,0,5,1,0,52.965599999999995,108.50734985382326,0.0,0.0,0.0,0.0,0.0,0.0,0.0,0.0,0.0,0.0,0.0,0.0,0.0,0.0,0.0,0.0,0.0,0.0,0.016666666666666666,2.048638169940929,1.2246467991473532e-16,-1.0
agent1,2024-12-13 12:10:00+00:00,7,1,1,1,1,13-14-December.csv,0,0,0,0,0,0,0,0,0,0,0,0,0,0,0,0,0,0,7,1,0,54.780857142857144,72.01996498987526,0.0,0.0,0.0,0.0,0.0,0.0,0.0,0.0,0.0,0.0,0.0,0.0,0.0,0.0,0.0,0.0,0.0,0.0,0.023333333333333334,1.3146921889531975,1.2246467991473532e-16,-1.0
agent1,2024-12-13 12:15:00+00:00,5,1,1,1,1,13-14-December.csv,0,0,0,0,0,0,0,0,0,0,0,0,0,0,0,0,0,0,5,1,0,39.1056,74.58485974914748,0.0,0.0,0.0,0.0,0.0,0.0,0.0,0.0,0.0,0.0,0.0,0.0,0.0,0.0,0.0,0.0,0.0,0.0,0.016666666666666666,1.9072680063506884,1.2246467991473532e-16,-1.0
agent1,2024-12-13 12:20:00+00:00,8,1,1,1,1,13-14-December.csv,0,0,0,0,0,0,0,0,0,0,0,0,0,0,0,0,0,0,8,1,0,46.1425,74.3771534833494,0.0,0.0,0.0,0.0,0.0,0.0,0.0,0.0,0.0,0.0,0.0,0.0,0.0,0.0,0.0,0.0,0.0,0.0,0.02666666666666667,1.611901251196823,1.2246467991473532e-16,-1.0
agent1,2024-12-13 12:25:00+00:00,6,1,1,1,1,13-14-December.csv,0,0,0,0,0,0,0,0,0,0,0,0,0,0,0,0,0,0,6,1,0,52.173,64.05118640587386,0.0,0.0,0.0,0.0,0.0,0.0,0.0,0.0,0.0,0.0,0.0,0.0,0.0,0.0,0.0,0.0,0.0,0.0,0.02,1.2276692236573297,1.2246467991473532e-16,-1.0
agent1,2024-12-13 12:30:00+00:00,4,1,1,1,1,13-14-December.csv,0,0,0,0,0,0,0,0,0,0,0,0,0,0,0,0,0,0,4,1,0,73.028,133.15029645479578,0.0,0.0,0.0,0.0,0.0,0.0,0.0,0.0,0.0,0.0,0.0,0.0,0.0,0.0,0.0,0.0,0.0,0.0,0.013333333333333334,1.8232773245165659,1.2246467991473532e-16,-1.0
agent1,2024-12-13 12:35:00+00:00,5,1,1,1,1,13-14-December.csv,0,0,0,0,0,0,0,0,0,0,0,0,0,0,0,0,0,0,5,1,0,77.8784,96.99332737513441,0.0,0.0,0.0,0.0,0.0,0.0,0.0,0.0,0.0,0.0,0.0,0.0,0.0,0.0,0.0,0.0,0.0,0.0,0.016666666666666666,1.24544581520851,1.2246467991473532e-16,-1.0
agent1,2024-12-13 12:40:00+00:00,4,1,1,1,1,13-14-December.csv,0,0,0,0,0,0,0,0,0,0,0,0,0,0,0,0,0,0,4,1,0,50.84025,71.00951138345248,0.0,0.0,0.0,0.0,0.0,0.0,0.0,0.0,0.0,0.0,0.0,0.0,0.0,0.0,0.0,0.0,0.0,0.0,0.013333333333333334,1.396718375370941,1.2246467991473532e-16,-1.0
agent1,2024-12-13 12:45:00+00:00,7,1,1,1,1,13-14-December.csv,0,0,0,0,0,0,0,0,0,0,0,0,0,0,0,0,0,0,7,1,0,44.848000000000006,37.30960017207368,0.0,0.0,0.0,0.0,0.0,0.0,0.0,0.0,0.0,0.0,0.0,0.0,0.0,0.0,0.0,0.0,0.0,0.0,0.023333333333333334,0.8319122407258668,1.2246467991473532e-16,-1.0
agent1,2024-12-13 12:50:00+00:00,7,1,1,1,1,13-14-December.csv,0,0,0,0,0,0,0,0,0,0,0,0,0,0,0,0,0,0,7,1,0,40.34728571428571,82.69255753837884,0.0,0.0,0.0,0.0,0.0,0.0,0.0,0.0,0.0,0.0,0.0,0.0,0.0,0.0,0.0,0.0,0.0,0.0,0.023333333333333334,2.049519715500961,1.2246467991473532e-16,-1.0
agent1,2024-12-13 12:55:00+00:00,6,1,1,1,1,13-14-December.csv,0,0,0,0,0,0,0,0,0,0,0,0,0,0,0,0,0,0,6,1,0,61.84466666666666,85.58391825493074,0.0,0.0,0.0,0.0,0.0,0.0,0.0,0.0,0.0,0.0,0.0,0.0,0.0,0.0,0.0,0.0,0.0,0.0,0.02,1.383852850500675,1.2246467991473532e-16,-1.0
agent1,2024-12-13 13:00:00+00:00,8,1,1,1,1,13-14-December.csv,0,0,0,0,0,0,0,0,0,0,0,0,0,0,0,0,0,0,8,1,0,33.51625,39.34879172132953,0.0,0.0,0.0,0.0,0.0,0.0,0.0,0.0,0.0,0.0,0.0,0.0,0.0,0.0,0.0,0.0,0.0,0.0,0.02666666666666667,1.1740213097028913,-0.2588190451025208,-0.9659258262890683
agent1,2024-12-13 13:05:00+00:00,7,1,1,1,1,13-14-December.csv,0,0,0,0,0,0,0,0,0,0,0,0,0,0,0,0,0,0,7,1,0,31.427857142857142,56.49185444359381,0.0,0.0,0.0,0.0,0.0,0.0,0.0,0.0,0.0,0.0,0.0,0.0,0.0,0.0,0.0,0.0,0.0,0.0,0.023333333333333334,1.7975089484086304,-0.2588190451025208,-0.9659258262890683
agent1,2024-12-13 13:10:00+00:00,8,1,1,1,1,13-14-December.csv,0,0,0,0,0,0,0,0,0,0,0,0,0,0,0,0,0,0,8,1,0,54.25075,88.08696256662665,0.0,0.0,0.0,0.0,0.0,0.0,0.0,0.0,0.0,0.0,0.0,0.0,0.0,0.0,0.0,0.0,0.0,0.0,0.02666666666666667,1.6237003648175676,-0.2588190451025208,-0.9659258262890683
agent1,2024-12-13 13:15:00+00:00,5,1,1,1,1,13-14-December.csv,0,0,0,0,0,0,0,0,0,0,0,0,0,0,0,0,0,0,5,1,0,59.387800000000006,61.52170758927291,0.0,0.0,0.0,0.0,0.0,0.0,0.0,0.0,0.0,0.0,0.0,0.0,0.0,0.0,0.0,0.0,0.0,0.0,0.016666666666666666,1.0359317501115195,-0.2588190451025208,-0.9659258262890683
agent1,2024-12-13 13:20:00+00:00,1,1,1,1,1,13-14-December.csv,0,0,0,0,0,0,0,0,0,0,0,0,0,0,0,0,0,0,1,1,0,237.892,,0.0,0.0,0.0,0.0,0.0,0.0,0.0,0.0,0.0,0.0,0.0,0.0,0.0,0.0,0.0,0.0,0.0,0.0,0.0033333333333333335,0.0,-0.2588190451025208,-0.9659258262890683
agent1,2024-12-13 13:25:00+00:00,14,1,1,1,1,13-14-December.csv,0,0,0,0,0,0,0,0,0,0,0,0,0,0,0,0,0,0,14,1,0,19.94235714285714,24.828374213657373,0.0,0.0,0.0,0.0,0.0,0.0,0.0,0.0,0.0,0.0,0.0,0.0,0.0,0.0,0.0,0.0,0.0,0.0,0.04666666666666667,1.2450069987112975,-0.2588190451025208,-0.9659258262890683
agent1,2024-12-13 13:30:00+00:00,32,1,1,1,1,13-14-December.csv,0,0,0,0,0,0,0,0,0,0,0,0,0,0,0,0,0,0,32,1,0,11.475249999999999,27.054777082203834,0.0,0.0,0.0,0.0,0.0,0.0,0.0,0.0,0.0,0.0,0.0,0.0,0.0,0.0,0.0,0.0,0.0,0.0,0.10666666666666667,2.3576634131895893,-0.2588190451025208,-0.9659258262890683
agent1,2024-12-13 13:35:00+00:00,3,1,1,1,1,13-14-December.csv,0,0,0,0,0,0,0,0,0,0,0,0,0,0,0,0,0,0,3,1,0,55.87333333333333,89.21479227310532,0.0,0.0,0.0,0.0,0.0,0.0,0.0,0.0,0.0,0.0,0.0,0.0,0.0,0.0,0.0,0.0,0.0,0.0,0.01,1.5967329484507575,-0.2588190451025208,-0.9659258262890683
agent1,2024-12-13 13:40:00+00:00,6,1,1,1,1,13-14-December.csv,0,0,0,0,0,0,0,0,0,0,0,0,0,0,0,0,0,0,6,1,0,66.03333333333333,91.49051907529363,0.0,0.0,0.0,0.0,0.0,0.0,0.0,0.0,0.0,0.0,0.0,0.0,0.0,0.0,0.0,0.0,0.0,0.0,0.02,1.3855202282982377,-0.2588190451025208,-0.9659258262890683
agent1,2024-12-13 13:45:00+00:00,10,1,1,1,1,13-14-December.csv,0,0,0,0,0,0,0,0,0,0,0,0,0,0,0,0,0,0,10,1,0,32.285199999999996,43.30296166622633,0.0,0.0,0.0,0.0,0.0,0.0,0.0,0.0,0.0,0.0,0.0,0.0,0.0,0.0,0.0,0.0,0.0,0.0,0.03333333333333333,1.341263540762527,-0.2588190451025208,-0.9659258262890683
agent1,2024-12-13 13:50:00+00:00,5,1,1,1,1,13-14-December.csv,0,0,0,0,0,0,0,0,0,0,0,0,0,0,0,0,0,0,5,1,0,58.7008,73.10174566793874,0.0,0.0,0.0,0.0,0.0,0.0,0.0,0.0,0.0,0.0,0.0,0.0,0.0,0.0,0.0,0.0,0.0,0.0,0.016666666666666666,1.2453279285450751,-0.2588190451025208,-0.9659258262890683
agent1,2024-12-13 14:00:00+00:00,8,1,1,1,1,13-14-December.csv,0,0,0,0,0,0,0,0,0,0,0,0,0,0,0,0,0,0,8,1,0,37.426375,57.94447848695335,0.0,0.0,0.0,0.0,0.0,0.0,0.0,0.0,0.0,0.0,0.0,0.0,0.0,0.0,0.0,0.0,0.0,0.0,0.02666666666666667,1.5482257762594789,-0.4999999999999997,-0.8660254037844388
agent1,2024-12-13 14:05:00+00:00,8,1,1,1,1,13-14-December.csv,0,0,0,0,0,0,0,0,0,0,0,0,0,0,0,0,0,0,8,1,0,45.91625,61.248272191956566,0.0,0.0,0.0,0.0,0.0,0.0,0.0,0.0,0.0,0.0,0.0,0.0,0.0,0.0,0.0,0.0,0.0,0.0,0.02666666666666667,1.3339127692691928,-0.4999999999999997,-0.8660254037844388
agent1,2024-12-13 14:10:00+00:00,9,1,1,1,1,13-14-December.csv,0,0,0,0,0,0,0,0,0,0,0,0,0,0,0,0,0,0,9,1,0,32.769666666666666,41.04289718392209,0.0,0.0,0.0,0.0,0.0,0.0,0.0,0.0,0.0,0.0,0.0,0.0,0.0,0.0,0.0,0.0,0.0,0.0,0.03,1.2524661175656988,-0.4999999999999997,-0.8660254037844388
agent1,2024-12-13 14:15:00+00:00,9,1,1,1,1,13-14-December.csv,0,0,0,0,0,0,0,0,0,0,0,0,0,0,0,0,0,0,9,1,0,25.983666666666668,18.76939930445298,0.0,0.0,0.0,0.0,0.0,0.0,0.0,0.0,0.0,0.0,0.0,0.0,0.0,0.0,0.0,0.0,0.0,0.0,0.03,0.7223537595843406,-0.4999999999999997,-0.8660254037844388
agent1,2024-12-13 14:25:00+00:00,6,1,1,1,1,13-14-December.csv,0,0,0,0,0,0,0,0,0,0,0,0,0,0,0,0,0,0,6,1,0,45.25966666666667,74.87597401214002,0.0,0.0,0.0,0.0,0.0,0.0,0.0,0.0,0.0,0.0,0.0,0.0,0.0,0.0,0.0,0.0,0.0,0.0,0.02,1.654364239215343,-0.4999999999999997,-0.8660254037844388
agent1,2024-12-13 14:30:00+00:00,7,1,1,1,1,13-14-December.csv,0,0,0,0,0,0,0,0,0,0,0,0,0,0,0,0,0,0,7,1,0,41.214285714285715,49.8982459201199,0.0,0.0,0.0,0.0,0.0,0.0,0.0,0.0,0.0,0.0,0.0,0.0,0.0,0.0,0.0,0.0,0.0,0.0,0.023333333333333334,1.2107026739717133,-0.4999999999999997,-0.8660254037844388
agent1,2024-12-13 14:40:00+00:00,8,1,1,1,1,13-14-December.csv,0,0,0,0,0,0,0,0,0,0,0,0,0,0,0,0,0,0,8,1,0,38.2485,48.25560162894489,0.0,0.0,0.0,0.0,0.0,0.0,0.0,0.0,0.0,0.0,0.0,0.0,0.0,0.0,0.0,0.0,0.0,0.0,0.02666666666666667,1.2616338321488394,-0.4999999999999997,-0.8660254037844388
agent1,2024-12-13 14:45:00+00:00,8,1,1,1,1,13-14-December.csv,0,0,0,0,0,0,0,0,0,0,0,0,0,0,0,0,0,0,8,1,0,41.897125,45.68351469602731,0.0,0.0,0.0,0.0,0.0,0.0,0.0,0.0,0.0,0.0,0.0,0.0,0.0,0.0,0.0,0.0,0.0,0.0,0.02666666666666667,1.0903734968933383,-0.4999999999999997,-0.8660254037844388
agent1,2024-12-13 14:50:00+00:00,5,1,1,1,1,13-14-December.csv,0,0,0,0,0,0,0,0,0,0,0,0,0,0,0,0,0,0,5,1,0,56.9568,59.13871793250172,0.0,0.0,0.0,0.0,0.0,0.0,0.0,0.0,0.0,0.0,0.0,0.0,0.0,0.0,0.0,0.0,0.0,0.0,0.016666666666666666,1.0383082956293492,-0.4999999999999997,-0.8660254037844388
agent1,2024-12-13 14:55:00+00:00,8,1,1,1,1,13-14-December.csv,0,0,0,0,0,0,0,0,0,0,0,0,0,0,0,0,0,0,8,1,0,39.472625,43.32081608167306,0.0,0.0,0.0,0.0,0.0,0.0,0.0,0.0,0.0,0.0,0.0,0.0,0.0,0.0,0.0,0.0,0.0,0.0,0.02666666666666667,1.0974901233873617,-0.4999999999999997,-0.8660254037844388
agent1,2024-12-13 15:00:00+00:00,11,1,1,1,1,13-14-December.csv,0,0,0,0,0,0,0,0,0,0,0,0,0,0,0,0,0,0,11,1,0,24.593000000000004,26.1085862122023,0.0,0.0,0.0,0.0,0.0,0.0,0.0,0.0,0.0,0.0,0.0,0.0,0.0,0.0,0.0,0.0,0.0,0.0,0.03666666666666667,1.0616267316798398,-0.7071067811865471,-0.7071067811865479
agent1,2024-12-13 15:15:00+00:00,9,1,1,1,1,13-14-December.csv,0,0,0,0,0,0,0,0,0,0,0,0,0,0,0,0,0,0,9,1,0,40.605111111111114,53.21988703587326,0.0,0.0,0.0,0.0,0.0,0.0,0.0,0.0,0.0,0.0,0.0,0.0,0.0,0.0,0.0,0.0,0.0,0.0,0.03,1.3106696565918339,-0.7071067811865471,-0.7071067811865479
agent1,2024-12-13 15:25:00+00:00,7,1,1,1,1,13-14-December.csv,0,0,0,0,0,0,0,0,0,0,0,0,0,0,0,0,0,0,7,1,0,44.19,51.35590915366994,0.0,0.0,0.0,0.0,0.0,0.0,0.0,0.0,0.0,0.0,0.0,0.0,0.0,0.0,0.0,0.0,0.0,0.0,0.023333333333333334,1.1621613295693582,-0.7071067811865471,-0.7071067811865479
agent1,2024-12-13 15:30:00+00:00,17,1,1,1,1,13-14-December.csv,0,0,0,0,0,0,0,0,0,0,0,0,0,0,0,0,0,0,17,1,0,17.586058823529413,18.85657195273901,0.0,0.0,0.0,0.0,0.0,0.0,0.0,0.0,0.0,0.0,0.0,0.0,0.0,0.0,0.0,0.0,0.0,0.0,0.056666666666666664,1.07224547250517,-0.7071067811865471,-0.7071067811865479
agent1,2024-12-13 15:40:00+00:00,5,1,1,1,1,13-14-December.csv,0,0,0,0,0,0,0,0,0,0,0,0,0,0,0,0,0,0,5,1,0,52.652,46.44882794000296,0.0,0.0,0.0,0.0,0.0,0.0,0.0,0.0,0.0,0.0,0.0,0.0,0.0,0.0,0.0,0.0,0.0,0.0,0.016666666666666666,0.8821854429082078,-0.7071067811865471,-0.7071067811865479
agent1,2024-12-13 16:00:00+00:00,9,1,1,1,1,13-14-December.csv,0,0,0,0,0,0,0,0,0,0,0,0,0,0,0,0,0,0,9,1,0,34.751666666666665,43.77208280970874,0.0,0.0,0.0,0.0,0.0,0.0,0.0,0.0,0.0,0.0,0.0,0.0,0.0,0.0,0.0,0.0,0.0,0.0,0.03,1.2595678713646945,-0.8660254037844385,-0.5000000000000004
agent1,2024-12-13 16:05:00+00:00,20,1,1,1,1,13-14-December.csv,0,0,0,0,0,0,0,0,0,0,0,0,0,0,0,0,0,0,20,1,0,16.041800000000002,25.470571013374794,0.0,0.0,0.0,0.0,0.0,0.0,0.0,0.0,0.0,0.0,0.0,0.0,0.0,0.0,0.0,0.0,0.0,0.0,0.06666666666666667,1.5877626583908782,-0.8660254037844385,-0.5000000000000004
agent1,2024-12-13 16:15:00+00:00,10,1,1,1,1,13-14-December.csv,0,0,0,0,0,0,0,0,0,0,0,0,0,0,0,0,0,0,10,1,0,25.0619,32.97532848947663,0.0,0.0,0.0,0.0,0.0,0.0,0.0,0.0,0.0,0.0,0.0,0.0,0.0,0.0,0.0,0.0,0.0,0.0,0.03333333333333333,1.3157553293835116,-0.8660254037844385,-0.5000000000000004
agent1,2024-12-13 16:25:00+00:00,7,1,1,1,1,13-14-December.csv,0,0,0,0,0,0,0,0,0,0,0,0,0,0,0,0,0,0,7,1,0,47.81557142857143,48.436359847595014,0.0,0.0,0.0,0.0,0.0,0.0,0.0,0.0,0.0,0.0,0.0,0.0,0.0,0.0,0.0,0.0,0.0,0.0,0.023333333333333334,1.0129829760573068,-0.8660254037844385,-0.5000000000000004
agent1,2024-12-13 16:30:00+00:00,8,1,1,1,1,13-14-December.csv,0,0,0,0,0,0,0,0,0,0,0,0,0,0,0,0,0,0,8,1,0,40.99325,43.16156145311971,0.0,0.0,0.0,0.0,0.0,0.0,0.0,0.0,0.0,0.0,0.0,0.0,0.0,0.0,0.0,0.0,0.0,0.0,0.02666666666666667,1.0528943534147623,-0.8660254037844385,-0.5000000000000004
agent1,2024-12-13 16:50:00+00:00,31,1,1,1,1,13-14-December.csv,0,0,0,0,0,0,0,0,0,0,0,0,0,0,0,0,0,0,31,1,0,10.657322580645161,20.668654712530433,0.0,0.0,0.0,0.0,0.0,0.0,0.0,0.0,0.0,0.0,0.0,0.0,0.0,0.0,0.0,0.0,0.0,0.0,0.10333333333333333,1.9393852964596308,-0.8660254037844385,-0.5000000000000004
agent1,2024-12-13 16:55:00+00:00,6,1,1,1,1,13-14-December.csv,0,0,0,0,0,0,0,0,0,0,0,0,0,0,0,0,0,0,6,1,0,45.624833333333335,47.91253192398275,0.0,0.0,0.0,0.0,0.0,0.0,0.0,0.0,0.0,0.0,0.0,0.0,0.0,0.0,0.0,0.0,0.0,0.0,0.02,1.0501415221385155,-0.8660254037844385,-0.5000000000000004
agent1,2024-12-13 17:00:00+00:00,14,1,1,1,1,13-14-December.csv,0,0,0,0,0,0,0,0,0,0,0,0,0,0,0,0,0,0,14,1,0,14.410857142857143,20.885058401631547,0.0,0.0,0.0,0.0,0.0,0.0,0.0,0.0,0.0,0.0,0.0,0.0,0.0,0.0,0.0,0.0,0.0,0.0,0.04666666666666667,1.449258582927761,-0.9659258262890683,-0.25881904510252063
agent1,2024-12-13 17:05:00+00:00,10,1,1,1,1,13-14-December.csv,0,0,0,0,0,0,0,0,0,0,0,0,0,0,0,0,0,0,10,1,0,42.4193,47.76129133525507,0.0,0.0,0.0,0.0,0.0,0.0,0.0,0.0,0.0,0.0,0.0,0.0,0.0,0.0,0.0,0.0,0.0,0.0,0.03333333333333333,1.1259330383871273,-0.9659258262890683,-0.25881904510252063
agent1,2024-12-13 17:10:00+00:00,9,1,1,1,1,13-14-December.csv,0,0,0,0,0,0,0,0,0,0,0,0,0,0,0,0,0,0,9,1,0,26.88688888888889,40.83757645675256,0.0,0.0,0.0,0.0,0.0,0.0,0.0,0.0,0.0,0.0,0.0,0.0,0.0,0.0,0.0,0.0,0.0,0.0,0.03,1.5188658169234612,-0.9659258262890683,-0.25881904510252063
agent1,2024-12-13 17:15:00+00:00,16,1,1,1,1,13-14-December.csv,0,0,0,0,0,0,0,0,0,0,0,0,0,0,0,0,0,0,16,1,0,22.69725,33.736937115472315,0.0,0.0,0.0,0.0,0.0,0.0,0.0,0.0,0.0,0.0,0.0,0.0,0.0,0.0,0.0,0.0,0.0,0.0,0.05333333333333334,1.4863887526229969,-0.9659258262890683,-0.25881904510252063
agent1,2024-12-13 17:20:00+00:00,6,1,1,1,1,13-14-December.csv,0,0,0,0,0,0,0,0,0,0,0,0,0,0,0,0,0,0,6,1,0,48.645,70.16304602281745,0.0,0.0,0.0,0.0,0.0,0.0,0.0,0.0,0.0,0.0,0.0,0.0,0.0,0.0,0.0,0.0,0.0,0.0,0.02,1.4423485666115212,-0.9659258262890683,-0.25881904510252063
agent1,2024-12-13 17:25:00+00:00,8,1,1,1,1,13-14-December.csv,0,0,0,0,0,0,0,0,0,0,0,0,0,0,0,0,0,0,8,1,0,32.28625,34.668261482432115,0.0,0.0,0.0,0.0,0.0,0.0,0.0,0.0,0.0,0.0,0.0,0.0,0.0,0.0,0.0,0.0,0.0,0.0,0.02666666666666667,1.0737778925218044,-0.9659258262890683,-0.25881904510252063
agent1,2024-12-13 17:30:00+00:00,11,1,1,1,1,13-14-December.csv,0,0,0,0,0,0,0,0,0,0,0,0,0,0,0,0,0,0,11,1,0,31.767090909090907,37.45665228889134,0.0,0.0,0.0,0.0,0.0,0.0,0.0,0.0,0.0,0.0,0.0,0.0,0.0,0.0,0.0,0.0,0.0,0.0,0.03666666666666667,1.1791023734619726,-0.9659258262890683,-0.25881904510252063
agent1,2024-12-13 17:35:00+00:00,7,1,1,1,1,13-14-December.csv,0,0,0,0,0,0,0,0,0,0,0,0,0,0,0,0,0,0,7,1,0,34.064571428571426,40.208764317650704,0.0,0.0,0.0,0.0,0.0,0.0,0.0,0.0,0.0,0.0,0.0,0.0,0.0,0.0,0.0,0.0,0.0,0.0,0.023333333333333334,1.18036900602031,-0.9659258262890683,-0.25881904510252063
agent1,2024-12-13 17:40:00+00:00,16,1,1,1,1,13-14-December.csv,0,0,0,0,0,0,0,0,0,0,0,0,0,0,0,0,0,0,16,1,0,22.2955625,41.83606943929086,0.0,0.0,0.0,0.0,0.0,0.0,0.0,0.0,0.0,0.0,0.0,0.0,0.0,0.0,0.0,0.0,0.0,0.0,0.05333333333333334,1.876430318333115,-0.9659258262890683,-0.25881904510252063
agent1,2024-12-13 17:45:00+00:00,6,1,1,1,1,13-14-December.csv,0,0,0,0,0,0,0,0,0,0,0,0,0,0,0,0,0,0,6,1,0,51.181000000000004,59.2240021511549,0.0,0.0,0.0,0.0,0.0,0.0,0.0,0.0,0.0,0.0,0.0,0.0,0.0,0.0,0.0,0.0,0.0,0.0,0.02,1.1571482024805082,-0.9659258262890683,-0.25881904510252063
agent1,2024-12-13 17:50:00+00:00,20,1,1,1,1,13-14-December.csv,0,0,0,0,0,0,0,0,0,0,0,0,0,0,0,0,0,0,20,1,0,10.76485,30.187386193356357,0.0,0.0,0.0,0.0,0.0,0.0,0.0,0.0,0.0,0.0,0.0,0.0,0.0,0.0,0.0,0.0,0.0,0.0,0.06666666666666667,2.804255163179827,-0.9659258262890683,-0.25881904510252063
agent1,2024-12-13 17:55:00+00:00,5,1,1,1,1,13-14-December.csv,0,0,0,0,0,0,0,0,0,0,0,0,0,0,0,0,0,0,5,1,0,70.27340000000001,72.85995294604574,0.0,0.0,0.0,0.0,0.0,0.0,0.0,0.0,0.0,0.0,0.0,0.0,0.0,0.0,0.0,0.0,0.0,0.0,0.016666666666666666,1.0368069987512447,-0.9659258262890683,-0.25881904510252063
agent1,2024-12-13 18:00:00+00:00,8,1,1,1,1,13-14-December.csv,0,0,0,0,0,0,0,0,0,0,0,0,0,0,0,0,0,0,8,1,0,39.402375,29.034825522551365,0.0,0.0,0.0,0.0,0.0,0.0,0.0,0.0,0.0,0.0,0.0,0.0,0.0,0.0,0.0,0.0,0.0,0.0,0.02666666666666667,0.7368800871153418,-1.0,-1.8369701987210297e-16
agent1,2024-12-13 18:15:00+00:00,8,1,1,1,1,13-14-December.csv,0,0,0,0,0,0,0,0,0,0,0,0,0,0,0,0,0,0,8,1,0,51.64,66.78892509776067,0.0,0.0,0.0,0.0,0.0,0.0,0.0,0.0,0.0,0.0,0.0,0.0,0.0,0.0,0.0,0.0,0.0,0.0,0.02666666666666667,1.2933564116529952,-1.0,-1.8369701987210297e-16
agent1,2024-12-13 18:20:00+00:00,7,1,1,1,1,13-14-December.csv,0,0,0,0,0,0,0,0,0,0,0,0,0,0,0,0,0,0,7,1,0,42.75871428571429,52.69074284196508,0.0,0.0,0.0,0.0,0.0,0.0,0.0,0.0,0.0,0.0,0.0,0.0,0.0,0.0,0.0,0.0,0.0,0.0,0.023333333333333334,1.2322808045603253,-1.0,-1.8369701987210297e-16
agent1,2024-12-13 18:25:00+00:00,31,1,1,1,1,13-14-December.csv,0,0,0,0,0,0,0,0,0,0,0,0,0,0,0,0,0,0,31,1,0,9.714774193548388,16.65530521227331,0.0,0.0,0.0,0.0,0.0,0.0,0.0,0.0,0.0,0.0,0.0,0.0,0.0,0.0,0.0,0.0,0.0,0.0,0.10333333333333333,1.7144305035246366,-1.0,-1.8369701987210297e-16
agent1,2024-12-13 18:35:00+00:00,10,1,1,1,1,13-14-December.csv,0,0,0,0,0,0,0,0,0,0,0,0,0,0,0,0,0,0,10,1,0,25.0078,28.710646127641688,0.0,0.0,0.0,0.0,0.0,0.0,0.0,0.0,0.0,0.0,0.0,0.0,0.0,0.0,0.0,0.0,0.0,0.0,0.03333333333333333,1.1480676479994918,-1.0,-1.8369701987210297e-16
agent1,2024-12-13 18:40:00+00:00,13,1,1,1,1,13-14-December.csv,0,0,0,0,0,0,0,0,0,0,0,0,0,0,0,0,0,0,13,1,0,29.761384615384618,32.934487156420246,0.0,0.0,0.0,0.0,0.0,0.0,0.0,0.0,0.0,0.0,0.0,0.0,0.0,0.0,0.0,0.0,0.0,0.0,0.043333333333333335,1.106618108735282,-1.0,-1.8369701987210297e-16
agent1,2024-12-13 18:50:00+00:00,9,1,1,1,1,13-14-December.csv,0,0,0,0,0,0,0,0,0,0,0,0,0,0,0,0,0,0,9,1,0,37.845777777777776,47.80707003618235,0.0,0.0,0.0,0.0,0.0,0.0,0.0,0.0,0.0,0.0,0.0,0.0,0.0,0.0,0.0,0.0,0.0,0.0,0.03,1.2632074921777305,-1.0,-1.8369701987210297e-16
agent1,2024-12-13 19:00:00+00:00,16,1,1,1,1,13-14-December.csv,0,0,0,0,0,0,0,0,0,0,0,0,0,0,0,0,0,0,16,1,0,17.33,37.54911362291614,0.0,0.0,0.0,0.0,0.0,0.0,0.0,0.0,0.0,0.0,0.0,0.0,0.0,0.0,0.0,0.0,0.0,0.0,0.05333333333333334,2.1667116920320915,-0.9659258262890684,0.2588190451025203
agent1,2024-12-13 19:05:00+00:00,18,1,1,1,1,13-14-December.csv,0,0,0,0,0,0,0,0,0,0,0,0,0,0,0,0,0,0,18,1,0,17.296055555555554,36.297343596649085,0.0,0.0,0.0,0.0,0.0,0.0,0.0,0.0,0.0,0.0,0.0,0.0,0.0,0.0,0.0,0.0,0.0,0.0,0.06,2.098590830727891,-0.9659258262890684,0.2588190451025203
agent1,2024-12-13 19:20:00+00:00,10,1,1,1,1,13-14-December.csv,0,0,0,0,0,0,0,0,0,0,0,0,0,0,0,0,0,0,10,1,0,27.1389,35.15291926379184,0.0,0.0,0.0,0.0,0.0,0.0,0.0,0.0,0.0,0.0,0.0,0.0,0.0,0.0,0.0,0.0,0.0,0.0,0.03333333333333333,1.2952963924032233,-0.9659258262890684,0.2588190451025203
agent1,2024-12-13 19:25:00+00:00,15,1,1,1,1,13-14-December.csv,0,0,0,0,0,0,0,0,0,0,0,0,0,0,0,0,0,0,15,1,0,22.0176,27.4477808829785,0.0,0.0,0.0,0.0,0.0,0.0,0.0,0.0,0.0,0.0,0.0,0.0,0.0,0.0,0.0,0.0,0.0,0.0,0.05,1.2466291004913568,-0.9659258262890684,0.2588190451025203
agent1,2024-12-13 19:30:00+00:00,15,1,1,1,1,13-14-December.csv,0,0,0,0,0,0,0,0,0,0,0,0,0,0,0,0,0,0,15,1,0,18.730933333333333,43.51317597409296,0.0,0.0,0.0,0.0,0.0,0.0,0.0,0.0,0.0,0.0,0.0,0.0,0.0,0.0,0.0,0.0,0.0,0.0,0.05,2.3230650176228784,-0.9659258262890684,0.2588190451025203
agent1,2024-12-13 19:35:00+00:00,8,1,1,1,1,13-14-December.csv,0,0,0,0,0,0,0,0,0,0,0,0,0,0,0,0,0,0,8,1,0,38.07575,57.22249561080477,0.0,0.0,0.0,0.0,0.0,0.0,0.0,0.0,0.0,0.0,0.0,0.0,0.0,0.0,0.0,0.0,0.0,0.0,0.02666666666666667,1.5028593162525958,-0.9659258262890684,0.2588190451025203
agent1,2024-12-13 19:40:00+00:00,8,1,1,1,1,13-14-December.csv,0,0,0,0,0,0,0,0,0,0,0,0,0,0,0,0,0,0,8,1,0,38.455,34.6025349855841,0.0,0.0,0.0,0.0,0.0,0.0,0.0,0.0,0.0,0.0,0.0,0.0,0.0,0.0,0.0,0.0,0.0,0.0,0.02666666666666667,0.8998188788345886,-0.9659258262890684,0.2588190451025203
agent1,2024-12-13 19:45:00+00:00,7,1,1,1,1,13-14-December.csv,0,0,0,0,0,0,0,0,0,0,0,0,0,0,0,0,0,0,7,1,0,41.452857142857134,58.68913674445658,0.0,0.0,0.0,0.0,0.0,0.0,0.0,0.0,0.0,0.0,0.0,0.0,0.0,0.0,0.0,0.0,0.0,0.0,0.023333333333333334,1.4158043809187586,-0.9659258262890684,0.2588190451025203
agent1,2024-12-13 19:50:00+00:00,6,1,1,1,1,13-14-December.csv,0,0,0,0,0,0,0,0,0,0,0,0,0,0,0,0,0,0,6,1,0,29.77633333333333,44.32790137449174,0.0,0.0,0.0,0.0,0.0,0.0,0.0,0.0,0.0,0.0,0.0,0.0,0.0,0.0,0.0,0.0,0.0,0.0,0.02,1.4886957664753353,-0.9659258262890684,0.2588190451025203
agent1,2024-12-13 21:30:00+00:00,4,1,1,1,1,14-17-December.csv,0,0,0,0,0,0,0,0,0,0,0,0,0,0,0,0,0,0,4,1,0,225.11700000000002,373.7489574808203,0.0,0.0,0.0,0.0,0.0,0.0,0.0,0.0,0.0,0.0,0.0,0.0,0.0,0.0,0.0,0.0,0.0,0.0,0.013333333333333334,1.6602431512538824,-0.7071067811865477,0.7071067811865474
agent1,2024-12-14 06:25:00+00:00,6,1,1,1,1,14-17-December.csv,0,0,0,0,0,0,0,0,0,0,0,0,0,0,0,0,0,0,6,1,0,148.3595,294.55884629102553,0.0,0.0,0.0,0.0,0.0,0.0,0.0,0.0,0.0,0.0,0.0,0.0,0.0,0.0,0.0,0.0,0.0,0.0,0.02,1.9854397345031867,1.0,6.123233995736766e-17
agent1,2024-12-14 06:35:00+00:00,8,1,1,1,1,14-17-December.csv,0,0,0,0,0,0,0,0,0,0,0,0,0,0,0,0,0,0,8,1,0,41.389375,63.056932581228295,0.0,0.0,0.0,0.0,0.0,0.0,0.0,0.0,0.0,0.0,0.0,0.0,0.0,0.0,0.0,0.0,0.0,0.0,0.02666666666666667,1.5235053097861055,1.0,6.123233995736766e-17
agent1,2024-12-14 06:40:00+00:00,11,1,1,1,1,14-17-December.csv,0,0,0,0,0,0,0,0,0,0,0,0,0,0,0,0,0,0,11,1,0,30.746363636363636,30.576657045114423,0.0,0.0,0.0,0.0,0.0,0.0,0.0,0.0,0.0,0.0,0.0,0.0,0.0,0.0,0.0,0.0,0.0,0.0,0.03666666666666667,0.9944804337431142,1.0,6.123233995736766e-17
agent1,2024-12-14 06:45:00+00:00,3,1,1,1,1,14-17-December.csv,0,0,0,0,0,0,0,0,0,0,0,0,0,0,0,0,0,0,3,1,0,54.58866666666666,78.22886112128523,0.0,0.0,0.0,0.0,0.0,0.0,0.0,0.0,0.0,0.0,0.0,0.0,0.0,0.0,0.0,0.0,0.0,0.0,0.01,1.4330604848616668,1.0,6.123233995736766e-17
agent1,2024-12-14 06:50:00+00:00,3,1,1,1,1,14-17-December.csv,0,0,0,0,0,0,0,0,0,0,0,0,0,0,0,0,0,0,3,1,0,119.39566666666667,199.38808526171601,0.0,0.0,0.0,0.0,0.0,0.0,0.0,0.0,0.0,0.0,0.0,0.0,0.0,0.0,0.0,0.0,0.0,0.0,0.01,1.6699775697754191,1.0,6.123233995736766e-17
agent1,2024-12-14 06:55:00+00:00,3,1,1,1,1,14-17-December.csv,0,0,0,0,0,0,0,0,0,0,0,0,0,0,0,0,0,0,3,1,0,112.04966666666667,182.8523837589582,0.0,0.0,0.0,0.0,0.0,0.0,0.0,0.0,0.0,0.0,0.0,0.0,0.0,0.0,0.0,0.0,0.0,0.0,0.01,1.631886905142882,1.0,6.123233995736766e-17
agent1,2024-12-14 07:00:00+00:00,8,1,1,1,1,14-17-December.csv,0,0,0,0,0,0,0,0,0,0,0,0,0,0,0,0,0,0,8,1,0,40.70025,62.812850959360674,0.0,0.0,0.0,0.0,0.0,0.0,0.0,0.0,0.0,0.0,0.0,0.0,0.0,0.0,0.0,0.0,0.0,0.0,0.02666666666666667,1.5433038116316407,0.9659258262890683,-0.25881904510252063
agent1,2024-12-14 07:10:00+00:00,8,1,1,1,1,14-17-December.csv,0,0,0,0,0,0,0,0,0,0,0,0,0,0,0,0,0,0,8,1,0,36.646750000000004,51.12152589313877,0.0,0.0,0.0,0.0,0.0,0.0,0.0,0.0,0.0,0.0,0.0,0.0,0.0,0.0,0.0,0.0,0.0,0.0,0.02666666666666667,1.3949811618530636,0.9659258262890683,-0.25881904510252063
agent1,2024-12-14 07:15:00+00:00,6,1,1,1,1,14-17-December.csv,0,0,0,0,0,0,0,0,0,0,0,0,0,0,0,0,0,0,6,1,0,52.21633333333333,58.865845913115585,0.0,0.0,0.0,0.0,0.0,0.0,0.0,0.0,0.0,0.0,0.0,0.0,0.0,0.0,0.0,0.0,0.0,0.0,0.02,1.1273454521851194,0.9659258262890683,-0.25881904510252063
agent1,2024-12-14 07:20:00+00:00,8,1,1,1,1,14-17-December.csv,0,0,0,0,0,0,0,0,0,0,0,0,0,0,0,0,0,0,8,1,0,36.606125,42.2319754094234,0.0,0.0,0.0,0.0,0.0,0.0,0.0,0.0,0.0,0.0,0.0,0.0,0.0,0.0,0.0,0.0,0.0,0.0,0.02666666666666667,1.153686040503424,0.9659258262890683,-0.25881904510252063
agent1,2024-12-14 07:30:00+00:00,6,1,1,1,1,14-17-December.csv,0,0,0,0,0,0,0,0,0,0,0,0,0,0,0,0,0,0,6,1,0,78.61833333333334,120.64206217180917,0.0,0.0,0.0,0.0,0.0,0.0,0.0,0.0,0.0,0.0,0.0,0.0,0.0,0.0,0.0,0.0,0.0,0.0,0.02,1.5345283607107227,0.9659258262890683,-0.25881904510252063
agent1,2024-12-14 07:35:00+00:00,5,1,1,1,1,14-17-December.csv,0,0,0,0,0,0,0,0,0,0,0,0,0,0,0,0,0,0,5,1,0,30.489799999999995,40.8160368691033,0.0,0.0,0.0,0.0,0.0,0.0,0.0,0.0,0.0,0.0,0.0,0.0,0.0,0.0,0.0,0.0,0.0,0.0,0.016666666666666666,1.3386784061916872,0.9659258262890683,-0.25881904510252063
agent1,2024-12-14 07:40:00+00:00,5,1,1,1,1,14-17-December.csv,0,0,0,0,0,0,0,0,0,0,0,0,0,0,0,0,0,0,5,1,0,89.4456,120.04284702471864,0.0,0.0,0.0,0.0,0.0,0.0,0.0,0.0,0.0,0.0,0.0,0.0,0.0,0.0,0.0,0.0,0.0,0.0,0.016666666666666666,1.3420766032618556,0.9659258262890683,-0.25881904510252063
agent1,2024-12-14 07:45:00+00:00,7,1,1,1,1,14-17-December.csv,0,0,0,0,0,0,0,0,0,0,0,0,0,0,0,0,0,0,7,1,0,40.89642857142858,39.70232675321495,0.0,0.0,0.0,0.0,0.0,0.0,0.0,0.0,0.0,0.0,0.0,0.0,0.0,0.0,0.0,0.0,0.0,0.0,0.023333333333333334,0.9708018069077097,0.9659258262890683,-0.25881904510252063
agent1,2024-12-14 07:50:00+00:00,3,1,1,1,1,14-17-December.csv,0,0,0,0,0,0,0,0,0,0,0,0,0,0,0,0,0,0,3,1,0,58.18266666666667,88.58433691309843,0.0,0.0,0.0,0.0,0.0,0.0,0.0,0.0,0.0,0.0,0.0,0.0,0.0,0.0,0.0,0.0,0.0,0.0,0.01,1.5225210872613566,0.9659258262890683,-0.25881904510252063
agent1,2024-12-14 07:55:00+00:00,24,1,1,1,1,14-17-December.csv,0,0,0,0,0,0,0,0,0,0,0,0,0,0,0,0,0,0,24,1,0,18.096125,45.261850258355345,0.0,0.0,0.0,0.0,0.0,0.0,0.0,0.0,0.0,0.0,0.0,0.0,0.0,0.0,0.0,0.0,0.0,0.0,0.08,2.5011901862059056,0.9659258262890683,-0.25881904510252063
agent1,2024-12-14 08:00:00+00:00,3,1,1,1,1,14-17-December.csv,0,0,0,0,0,0,0,0,0,0,0,0,0,0,0,0,0,0,3,1,0,44.525666666666666,72.76381121363376,0.0,0.0,0.0,0.0,0.0,0.0,0.0,0.0,0.0,0.0,0.0,0.0,0.0,0.0,0.0,0.0,0.0,0.0,0.01,1.6341992531715885,0.8660254037844387,-0.4999999999999998
agent1,2024-12-14 08:05:00+00:00,7,1,1,1,1,14-17-December.csv,0,0,0,0,0,0,0,0,0,0,0,0,0,0,0,0,0,0,7,1,0,61.410714285714285,92.96510219022026,0.0,0.0,0.0,0.0,0.0,0.0,0.0,0.0,0.0,0.0,0.0,0.0,0.0,0.0,0.0,0.0,0.0,0.0,0.023333333333333334,1.5138254500297572,0.8660254037844387,-0.4999999999999998
agent1,2024-12-14 08:10:00+00:00,4,1,1,1,1,14-17-December.csv,0,0,0,0,0,0,0,0,0,0,0,0,0,0,0,0,0,0,4,1,0,55.4185,74.31332751936223,0.0,0.0,0.0,0.0,0.0,0.0,0.0,0.0,0.0,0.0,0.0,0.0,0.0,0.0,0.0,0.0,0.0,0.0,0.013333333333333334,1.340948014099303,0.8660254037844387,-0.4999999999999998
agent1,2024-12-14 08:15:00+00:00,7,1,1,1,1,14-17-December.csv,0,0,0,0,0,0,0,0,0,0,0,0,0,0,0,0,0,0,7,1,0,46.983285714285714,59.68810212740415,0.0,0.0,0.0,0.0,0.0,0.0,0.0,0.0,0.0,0.0,0.0,0.0,0.0,0.0,0.0,0.0,0.0,0.0,0.023333333333333334,1.2704114073753556,0.8660254037844387,-0.4999999999999998
agent1,2024-12-14 08:20:00+00:00,3,1,1,1,1,14-17-December.csv,0,0,0,0,0,0,0,0,0,0,0,0,0,0,0,0,0,0,3,1,0,96.42,158.935328567943,0.0,0.0,0.0,0.0,0.0,0.0,0.0,0.0,0.0,0.0,0.0,0.0,0.0,0.0,0.0,0.0,0.0,0.0,0.01,1.6483647434966087,0.8660254037844387,-0.4999999999999998
agent1,2024-12-14 08:25:00+00:00,3,1,1,1,1,14-17-December.csv,0,0,0,0,0,0,0,0,0,0,0,0,0,0,0,0,0,0,3,1,0,64.38166666666667,104.41124743212934,0.0,0.0,0.0,0.0,0.0,0.0,0.0,0.0,0.0,0.0,0.0,0.0,0.0,0.0,0.0,0.0,0.0,0.0,0.01,1.6217543415381603,0.8660254037844387,-0.4999999999999998
agent1,2024-12-14 08:30:00+00:00,7,1,1,1,1,14-17-December.csv,0,0,0,0,0,0,0,0,0,0,0,0,0,0,0,0,0,0,7,1,0,62.64828571428571,95.97248021475443,0.0,0.0,0.0,0.0,0.0,0.0,0.0,0.0,0.0,0.0,0.0,0.0,0.0,0.0,0.0,0.0,0.0,0.0,0.023333333333333334,1.5319250817563836,0.8660254037844387,-0.4999999999999998
agent1,2024-12-14 08:35:00+00:00,3,1,1,1,1,14-17-December.csv,0,0,0,0,0,0,0,0,0,0,0,0,0,0,0,0,0,0,3,1,0,59.59733333333333,95.67378450930711,0.0,0.0,0.0,0.0,0.0,0.0,0.0,0.0,0.0,0.0,0.0,0.0,0.0,0.0,0.0,0.0,0.0,0.0,0.01,1.6053366679041643,0.8660254037844387,-0.4999999999999998
agent1,2024-12-14 08:40:00+00:00,6,1,1,1,1,14-17-December.csv,0,0,0,0,0,0,0,0,0,0,0,0,0,0,0,0,0,0,6,1,0,76.68566666666666,112.24261525404094,0.0,0.0,0.0,0.0,0.0,0.0,0.0,0.0,0.0,0.0,0.0,0.0,0.0,0.0,0.0,0.0,0.0,0.0,0.02,1.4636713760595106,0.8660254037844387,-0.4999999999999998
agent1,2024-12-14 08:45:00+00:00,4,1,1,1,1,14-17-December.csv,0,0,0,0,0,0,0,0,0,0,0,0,0,0,0,0,0,0,4,1,0,82.311,90.76473131490374,0.0,0.0,0.0,0.0,0.0,0.0,0.0,0.0,0.0,0.0,0.0,0.0,0.0,0.0,0.0,0.0,0.0,0.0,0.013333333333333334,1.1027047577468836,0.8660254037844387,-0.4999999999999998
agent1,2024-12-14 08:50:00+00:00,4,1,1,1,1,14-17-December.csv,0,0,0,0,0,0,0,0,0,0,0,0,0,0,0,0,0,0,4,1,0,62.50575,97.36563187756072,0.0,0.0,0.0,0.0,0.0,0.0,0.0,0.0,0.0,0.0,0.0,0.0,0.0,0.0,0.0,0.0,0.0,0.0,0.013333333333333334,1.5577068010152781,0.8660254037844387,-0.4999999999999998
agent1,2024-12-14 08:55:00+00:00,4,1,1,1,1,14-17-December.csv,0,0,0,0,0,0,0,0,0,0,0,0,0,0,0,0,0,0,4,1,0,70.29175000000001,73.31306849111782,0.0,0.0,0.0,0.0,0.0,0.0,0.0,0.0,0.0,0.0,0.0,0.0,0.0,0.0,0.0,0.0,0.0,0.0,0.013333333333333334,1.0429825476121708,0.8660254037844387,-0.4999999999999998
agent1,2024-12-14 09:00:00+00:00,3,1,1,1,1,14-17-December.csv,0,0,0,0,0,0,0,0,0,0,0,0,0,0,0,0,0,0,3,1,0,50.76033333333333,79.5678492880971,0.0,0.0,0.0,0.0,0.0,0.0,0.0,0.0,0.0,0.0,0.0,0.0,0.0,0.0,0.0,0.0,0.0,0.0,0.01,1.5675202281590699,0.7071067811865476,-0.7071067811865475
agent1,2024-12-14 09:05:00+00:00,7,1,1,1,1,14-17-December.csv,0,0,0,0,0,0,0,0,0,0,0,0,0,0,0,0,0,0,7,1,0,56.66942857142857,85.98977649476157,0.0,0.0,0.0,0.0,0.0,0.0,0.0,0.0,0.0,0.0,0.0,0.0,0.0,0.0,0.0,0.0,0.0,0.0,0.023333333333333334,1.5173926870707084,0.7071067811865476,-0.7071067811865475
agent1,2024-12-14 09:10:00+00:00,8,1,1,1,1,14-17-December.csv,0,0,0,0,0,0,0,0,0,0,0,0,0,0,0,0,0,0,8,1,0,47.168125,76.36056747420191,0.0,0.0,0.0,0.0,0.0,0.0,0.0,0.0,0.0,0.0,0.0,0.0,0.0,0.0,0.0,0.0,0.0,0.0,0.02666666666666667,1.618901906196227,0.7071067811865476,-0.7071067811865475
agent1,2024-12-14 09:15:00+00:00,6,1,1,1,1,14-17-December.csv,0,0,0,0,0,0,0,0,0,0,0,0,0,0,0,0,0,0,6,1,0,26.862666666666666,54.193591531348666,0.0,0.0,0.0,0.0,0.0,0.0,0.0,0.0,0.0,0.0,0.0,0.0,0.0,0.0,0.0,0.0,0.0,0.0,0.02,2.0174315604562216,0.7071067811865476,-0.7071067811865475
agent1,2024-12-14 09:20:00+00:00,6,1,1,1,1,14-17-December.csv,0,0,0,0,0,0,0,0,0,0,0,0,0,0,0,0,0,0,6,1,0,70.499,102.67998982080198,0.0,0.0,0.0,0.0,0.0,0.0,0.0,0.0,0.0,0.0,0.0,0.0,0.0,0.0,0.0,0.0,0.0,0.0,0.02,1.4564744155350002,0.7071067811865476,-0.7071067811865475
agent1,2024-12-14 11:35:00+00:00,4,1,1,1,1,14-17-December.csv,0,0,0,0,0,0,0,0,0,0,0,0,0,0,0,0,0,0,4,1,0,30.892000000000003,56.82007654576564,0.0,0.0,0.0,0.0,0.0,0.0,0.0,0.0,0.0,0.0,0.0,0.0,0.0,0.0,0.0,0.0,0.0,0.0,0.013333333333333334,1.839313626368174,0.258819045102521,-0.9659258262890682
agent1,2024-12-14 13:25:00+00:00,3,1,1,1,1,14-17-December.csv,0,0,0,0,0,0,0,0,0,0,0,0,0,0,0,0,0,0,3,1,0,202.34066666666664,178.45422831732884,0.0,0.0,0.0,0.0,0.0,0.0,0.0,0.0,0.0,0.0,0.0,0.0,0.0,0.0,0.0,0.0,0.0,0.0,0.01,0.8819493938473179,-0.2588190451025208,-0.9659258262890683
agent1,2024-12-14 15:20:00+00:00,5,1,1,1,1,14-17-December.csv,0,0,0,0,0,0,0,0,0,0,0,0,0,0,0,0,0,0,5,1,0,49.0708,62.70537636997326,0.0,0.0,0.0,0.0,0.0,0.0,0.0,0.0,0.0,0.0,0.0,0.0,0.0,0.0,0.0,0.0,0.0,0.0,0.016666666666666666,1.2778551882172955,-0.7071067811865471,-0.7071067811865479
agent1,2024-12-14 17:15:00+00:00,2,1,1,1,1,14-17-December.csv,0,0,0,0,0,0,0,0,0,0,0,0,0,0,0,0,0,0,2,1,0,221.031,305.49417110314886,0.0,0.0,0.0,0.0,0.0,0.0,0.0,0.0,0.0,0.0,0.0,0.0,0.0,0.0,0.0,0.0,0.0,0.0,0.006666666666666667,1.382132692261035,-0.9659258262890683,-0.25881904510252063
agent1,2024-12-14 17:20:00+00:00,7,1,1,1,1,14-17-December.csv,0,0,0,0,0,0,0,0,0,0,0,0,0,0,0,0,0,0,7,1,0,47.44857142857143,62.23414899891415,0.0,0.0,0.0,0.0,0.0,0.0,0.0,0.0,0.0,0.0,0.0,0.0,0.0,0.0,0.0,0.0,0.0,0.0,0.023333333333333334,1.3116127024519753,-0.9659258262890683,-0.25881904510252063
agent1,2024-12-14 17:30:00+00:00,15,1,1,1,1,14-17-December.csv,0,0,0,0,0,0,0,0,0,0,0,0,0,0,0,0,0,0,15,1,0,31.439133333333334,57.271113798277376,0.0,0.0,0.0,0.0,0.0,0.0,0.0,0.0,0.0,0.0,0.0,0.0,0.0,0.0,0.0,0.0,0.0,0.0,0.05,1.8216505267833096,-0.9659258262890683,-0.25881904510252063
agent1,2024-12-14 17:40:00+00:00,10,1,1,1,1,14-17-December.csv,0,0,0,0,0,0,0,0,0,0,0,0,0,0,0,0,0,0,10,1,0,30.643900000000002,28.49970122435984,0.0,0.0,0.0,0.0,0.0,0.0,0.0,0.0,0.0,0.0,0.0,0.0,0.0,0.0,0.0,0.0,0.0,0.0,0.03333333333333333,0.9300285284953885,-0.9659258262890683,-0.25881904510252063
agent1,2024-12-14 17:45:00+00:00,6,1,1,1,1,14-17-December.csv,0,0,0,0,0,0,0,0,0,0,0,0,0,0,0,0,0,0,6,1,0,27.60083333333333,24.880712951333745,0.0,0.0,0.0,0.0,0.0,0.0,0.0,0.0,0.0,0.0,0.0,0.0,0.0,0.0,0.0,0.0,0.0,0.0,0.02,0.9014478893028742,-0.9659258262890683,-0.25881904510252063
agent1,2024-12-14 17:50:00+00:00,7,1,1,1,1,14-17-December.csv,0,0,0,0,0,0,0,0,0,0,0,0,0,0,0,0,0,0,7,1,0,56.264428571428574,70.6128449831831,0.0,0.0,0.0,0.0,0.0,0.0,0.0,0.0,0.0,0.0,0.0,0.0,0.0,0.0,0.0,0.0,0.0,0.0,0.023333333333333334,1.2550175444071023,-0.9659258262890683,-0.25881904510252063
agent1,2024-12-14 17:55:00+00:00,10,1,1,1,1,14-17-December.csv,0,0,0,0,0,0,0,0,0,0,0,0,0,0,0,0,0,0,10,1,0,26.7455,38.48550092711684,0.0,0.0,0.0,0.0,0.0,0.0,0.0,0.0,0.0,0.0,0.0,0.0,0.0,0.0,0.0,0.0,0.0,0.0,0.03333333333333333,1.43895238178822,-0.9659258262890683,-0.25881904510252063
agent1,2024-12-14 18:05:00+00:00,12,1,1,1,1,14-17-December.csv,0,0,0,0,0,0,0,0,0,0,0,0,0,0,0,0,0,0,12,1,0,29.794583333333332,40.82770904546954,0.0,0.0,0.0,0.0,0.0,0.0,0.0,0.0,0.0,0.0,0.0,0.0,0.0,0.0,0.0,0.0,0.0,0.0,0.04,1.370306427470414,-1.0,-1.8369701987210297e-16
agent1,2024-12-14 18:10:00+00:00,9,1,1,1,1,14-17-December.csv,0,0,0,0,0,0,0,0,0,0,0,0,0,0,0,0,0,0,9,1,0,31.994000000000003,30.83208188721612,0.0,0.0,0.0,0.0,0.0,0.0,0.0,0.0,0.0,0.0,0.0,0.0,0.0,0.0,0.0,0.0,0.0,0.0,0.03,0.9636832495848008,-1.0,-1.8369701987210297e-16
agent1,2024-12-14 18:15:00+00:00,11,1,1,1,1,14-17-December.csv,0,0,0,0,0,0,0,0,0,0,0,0,0,0,0,0,0,0,11,1,0,26.437454545454546,27.979845476212468,0.0,0.0,0.0,0.0,0.0,0.0,0.0,0.0,0.0,0.0,0.0,0.0,0.0,0.0,0.0,0.0,0.0,0.0,0.03666666666666667,1.0583411284208943,-1.0,-1.8369701987210297e-16
agent1,2024-12-14 19:05:00+00:00,1,1,1,1,1,14-17-December.csv,0,0,0,0,0,0,0,0,0,0,0,0,0,0,0,0,0,0,1,1,0,302.677,,0.0,0.0,0.0,0.0,0.0,0.0,0.0,0.0,0.0,0.0,0.0,0.0,0.0,0.0,0.0,0.0,0.0,0.0,0.0033333333333333335,0.0,-0.9659258262890684,0.2588190451025203
agent1,2024-12-14 19:15:00+00:00,1,1,1,1,1,14-17-December.csv,0,0,0,0,0,0,0,0,0,0,0,0,0,0,0,0,0,0,1,1,0,239.181,,0.0,0.0,0.0,0.0,0.0,0.0,0.0,0.0,0.0,0.0,0.0,0.0,0.0,0.0,0.0,0.0,0.0,0.0,0.0033333333333333335,0.0,-0.9659258262890684,0.2588190451025203
agent1,2024-12-14 19:55:00+00:00,3,1,1,1,1,14-17-December.csv,0,0,0,0,0,0,0,0,0,0,0,0,0,0,0,0,0,0,3,1,0,188.52766666666665,203.19047147032595,0.0,0.0,0.0,0.0,0.0,0.0,0.0,0.0,0.0,0.0,0.0,0.0,0.0,0.0,0.0,0.0,0.0,0.0,0.01,1.0777753475811294,-0.9659258262890684,0.2588190451025203
agent1,2024-12-14 20:40:00+00:00,2,1,1,1,1,14-17-December.csv,0,0,0,0,0,0,0,0,0,0,0,0,0,0,0,0,0,0,2,1,0,525.7885,686.9492881752626,0.0,0.0,0.0,0.0,0.0,0.0,0.0,0.0,0.0,0.0,0.0,0.0,0.0,0.0,0.0,0.0,0.0,0.0,0.006666666666666667,1.3065125771584252,-0.8660254037844386,0.5000000000000001
agent1,2024-12-14 20:55:00+00:00,3,1,1,1,1,14-17-December.csv,0,0,0,0,0,0,0,0,0,0,0,0,0,0,0,0,0,0,3,1,0,209.81333333333336,239.82928036904363,0.0,0.0,0.0,0.0,0.0,0.0,0.0,0.0,0.0,0.0,0.0,0.0,0.0,0.0,0.0,0.0,0.0,0.0,0.01,1.14306024578535,-0.8660254037844386,0.5000000000000001
agent1,2024-12-14 21:05:00+00:00,1,1,1,1,1,14-17-December.csv,0,0,0,0,0,0,0,0,0,0,0,0,0,0,0,0,0,0,1,1,0,312.301,,0.0,0.0,0.0,0.0,0.0,0.0,0.0,0.0,0.0,0.0,0.0,0.0,0.0,0.0,0.0,0.0,0.0,0.0,0.0033333333333333335,0.0,-0.7071067811865477,0.7071067811865474
agent1,2024-12-14 21:20:00+00:00,3,1,1,1,1,14-17-December.csv,0,0,0,0,0,0,0,0,0,0,0,0,0,0,0,0,0,0,3,1,0,94.69500000000001,57.835483234775516,0.0,0.0,0.0,0.0,0.0,0.0,0.0,0.0,0.0,0.0,0.0,0.0,0.0,0.0,0.0,0.0,0.0,0.0,0.01,0.6107554066716882,-0.7071067811865477,0.7071067811865474
agent1,2024-12-14 21:30:00+00:00,2,1,1,1,1,14-17-December.csv,0,0,0,0,0,0,0,0,0,0,0,0,0,0,0,0,0,0,2,1,0,341.4115,239.27998500605938,0.0,0.0,0.0,0.0,0.0,0.0,0.0,0.0,0.0,0.0,0.0,0.0,0.0,0.0,0.0,0.0,0.0,0.0,0.006666666666666667,0.7008550825208272,-0.7071067811865477,0.7071067811865474
agent1,2024-12-14 21:45:00+00:00,4,1,1,1,1,14-17-December.csv,0,0,0,0,0,0,0,0,0,0,0,0,0,0,0,0,0,0,4,1,0,206.21099999999998,271.72197318828177,0.0,0.0,0.0,0.0,0.0,0.0,0.0,0.0,0.0,0.0,0.0,0.0,0.0,0.0,0.0,0.0,0.0,0.0,0.013333333333333334,1.3176890330209434,-0.7071067811865477,0.7071067811865474
agent1,2024-12-14 21:55:00+00:00,1,1,1,1,1,14-17-December.csv,0,0,0,0,0,0,0,0,0,0,0,0,0,0,0,0,0,0,1,1,0,443.873,,0.0,0.0,0.0,0.0,0.0,0.0,0.0,0.0,0.0,0.0,0.0,0.0,0.0,0.0,0.0,0.0,0.0,0.0,0.0033333333333333335,0.0,-0.7071067811865477,0.7071067811865474
agent1,2024-12-14 22:00:00+00:00,3,1,1,1,1,14-17-December.csv,0,0,0,0,0,0,0,0,0,0,0,0,0,0,0,0,0,0,3,1,0,159.57433333333333,174.34250944716075,0.0,0.0,0.0,0.0,0.0,0.0,0.0,0.0,0.0,0.0,0.0,0.0,0.0,0.0,0.0,0.0,0.0,0.0,0.01,1.0925473151310512,-0.5000000000000004,0.8660254037844384
agent1,2024-12-14 22:05:00+00:00,2,1,1,1,1,14-17-December.csv,0,0,0,0,0,0,0,0,0,0,0,0,0,0,0,0,0,0,2,1,0,165.907,194.21819116138425,0.0,0.0,0.0,0.0,0.0,0.0,0.0,0.0,0.0,0.0,0.0,0.0,0.0,0.0,0.0,0.0,0.0,0.0,0.006666666666666667,1.1706449466350681,-0.5000000000000004,0.8660254037844384
agent1,2024-12-14 22:20:00+00:00,2,1,1,1,1,14-17-December.csv,0,0,0,0,0,0,0,0,0,0,0,0,0,0,0,0,0,0,2,1,0,255.1805,358.29454156112956,0.0,0.0,0.0,0.0,0.0,0.0,0.0,0.0,0.0,0.0,0.0,0.0,0.0,0.0,0.0,0.0,0.0,0.0,0.006666666666666667,1.4040827632249704,-0.5000000000000004,0.8660254037844384
agent1,2024-12-14 22:30:00+00:00,3,1,1,1,1,14-17-December.csv,0,0,0,0,0,0,0,0,0,0,0,0,0,0,0,0,0,0,3,1,0,271.25733333333335,418.604997944761,0.0,0.0,0.0,0.0,0.0,0.0,0.0,0.0,0.0,0.0,0.0,0.0,0.0,0.0,0.0,0.0,0.0,0.0,0.01,1.543202511064872,-0.5000000000000004,0.8660254037844384
agent1,2024-12-14 22:40:00+00:00,1,1,1,1,1,14-17-December.csv,0,0,0,0,0,0,0,0,0,0,0,0,0,0,0,0,0,0,1,1,0,508.574,,0.0,0.0,0.0,0.0,0.0,0.0,0.0,0.0,0.0,0.0,0.0,0.0,0.0,0.0,0.0,0.0,0.0,0.0,0.0033333333333333335,0.0,-0.5000000000000004,0.8660254037844384
agent1,2024-12-14 22:55:00+00:00,3,1,1,1,1,14-17-December.csv,0,0,0,0,0,0,0,0,0,0,0,0,0,0,0,0,0,0,3,1,0,227.75733333333335,274.88915899382675,0.0,0.0,0.0,0.0,0.0,0.0,0.0,0.0,0.0,0.0,0.0,0.0,0.0,0.0,0.0,0.0,0.0,0.0,0.01,1.2069387842345072,-0.5000000000000004,0.8660254037844384
agent1,2024-12-14 23:00:00+00:00,2,1,1,1,1,14-17-December.csv,0,0,0,0,0,0,0,0,0,0,0,0,0,0,0,0,0,0,2,1,0,161.53300000000002,96.0010592545728,0.0,0.0,0.0,0.0,0.0,0.0,0.0,0.0,0.0,0.0,0.0,0.0,0.0,0.0,0.0,0.0,0.0,0.0,0.006666666666666667,0.5943123649939813,-0.25881904510252157,0.9659258262890681
agent1,2024-12-14 23:05:00+00:00,1,1,1,1,1,14-17-December.csv,0,0,0,0,0,0,0,0,0,0,0,0,0,0,0,0,0,0,1,1,0,187.032,,0.0,0.0,0.0,0.0,0.0,0.0,0.0,0.0,0.0,0.0,0.0,0.0,0.0,0.0,0.0,0.0,0.0,0.0,0.0033333333333333335,0.0,-0.25881904510252157,0.9659258262890681
agent1,2024-12-14 23:20:00+00:00,116,1,1,1,1,14-17-December.csv,0,0,0,0,0,0,0,0,0,0,0,0,0,0,0,0,0,0,116,1,0,2.763310344827586,18.870575597964713,0.0,0.0,0.0,0.0,0.0,0.0,0.0,0.0,0.0,0.0,0.0,0.0,0.0,0.0,0.0,0.0,0.0,0.0,0.38666666666666666,6.828974397785973,-0.25881904510252157,0.9659258262890681
agent1,2024-12-14 23:25:00+00:00,1,1,1,1,1,14-17-December.csv,0,0,0,0,0,0,0,0,0,0,0,0,0,0,0,0,0,0,1,1,0,91.38,,0.0,0.0,0.0,0.0,0.0,0.0,0.0,0.0,0.0,0.0,0.0,0.0,0.0,0.0,0.0,0.0,0.0,0.0,0.0033333333333333335,0.0,-0.25881904510252157,0.9659258262890681
agent1,2024-12-14 23:30:00+00:00,2,1,1,1,1,14-17-December.csv,0,0,0,0,0,0,0,0,0,0,0,0,0,0,0,0,0,0,2,1,0,209.977,286.6554322387769,0.0,0.0,0.0,0.0,0.0,0.0,0.0,0.0,0.0,0.0,0.0,0.0,0.0,0.0,0.0,0.0,0.0,0.0,0.006666666666666667,1.3651753870127532,-0.25881904510252157,0.9659258262890681
agent1,2024-12-14 23:45:00+00:00,5,1,1,1,1,14-17-December.csv,0,0,0,0,0,0,0,0,0,0,0,0,0,0,0,0,0,0,5,1,0,205.5692,330.70079321601276,0.0,0.0,0.0,0.0,0.0,0.0,0.0,0.0,0.0,0.0,0.0,0.0,0.0,0.0,0.0,0.0,0.0,0.0,0.016666666666666666,1.6087078862787458,-0.25881904510252157,0.9659258262890681
agent1,2024-12-14 23:55:00+00:00,1,1,1,1,1,14-17-December.csv,0,0,0,0,0,0,0,0,0,0,0,0,0,0,0,0,0,0,1,1,0,408.371,,0.0,0.0,0.0,0.0,0.0,0.0,0.0,0.0,0.0,0.0,0.0,0.0,0.0,0.0,0.0,0.0,0.0,0.0,0.0033333333333333335,0.0,-0.25881904510252157,0.9659258262890681
agent1,2024-12-15 00:10:00+00:00,3,1,1,1,1,14-17-December.csv,0,0,0,0,0,0,0,0,0,0,0,0,0,0,0,0,0,0,3,1,0,150.53166666666667,165.90895866508635,0.0,0.0,0.0,0.0,0.0,0.0,0.0,0.0,0.0,0.0,0.0,0.0,0.0,0.0,0.0,0.0,0.0,0.0,0.01,1.1021532036343604,0.0,1.0
agent1,2024-12-15 00:20:00+00:00,1,1,1,1,1,14-17-December.csv,0,0,0,0,0,0,0,0,0,0,0,0,0,0,0,0,0,0,1,1,0,219.931,,0.0,0.0,0.0,0.0,0.0,0.0,0.0,0.0,0.0,0.0,0.0,0.0,0.0,0.0,0.0,0.0,0.0,0.0,0.0033333333333333335,0.0,0.0,1.0
agent1,2024-12-15 00:35:00+00:00,2,1,1,1,1,14-17-December.csv,0,0,0,0,0,0,0,0,0,0,0,0,0,0,0,0,0,0,2,1,0,62.784000000000006,41.64293255763816,0.0,0.0,0.0,0.0,0.0,0.0,0.0,0.0,0.0,0.0,0.0,0.0,0.0,0.0,0.0,0.0,0.0,0.0,0.006666666666666667,0.6632730083721674,0.0,1.0
agent1,2024-12-15 06:35:00+00:00,13,1,1,1,1,14-17-December.csv,0,0,0,0,0,0,0,0,0,0,0,0,0,0,0,0,0,0,13,1,0,1337.2018461538462,4814.071364933305,0.0,0.0,0.0,0.0,0.0,0.0,0.0,0.0,0.0,0.0,0.0,0.0,0.0,0.0,0.0,0.0,0.0,0.0,0.043333333333333335,3.600108225082006,1.0,6.123233995736766e-17
agent1,2024-12-15 06:40:00+00:00,70,1,1,1,1,14-17-December.csv,0,0,0,0,0,0,1,0,0,0,0,0,0,0,0,0,0,0,70,1,0,3.7077857142857145,7.44081458041274,0.0,0.0,0.0,0.0,0.0,0.0,0.0033333333333333335,0.0,0.0,0.0,0.0,0.0,0.0,0.0,0.0,0.0,0.0,0.0,0.23333333333333334,2.0068081474460757,1.0,6.123233995736766e-17
agent1,2024-12-15 06:45:00+00:00,7,1,1,1,1,14-17-December.csv,0,0,0,0,0,0,0,0,0,0,0,0,0,0,0,0,0,0,7,1,0,47.565285714285714,28.139620814279432,0.0,0.0,0.0,0.0,0.0,0.0,0.0,0.0,0.0,0.0,0.0,0.0,0.0,0.0,0.0,0.0,0.0,0.0,0.023333333333333334,0.5915999534473101,1.0,6.123233995736766e-17
agent1,2024-12-15 06:50:00+00:00,7,1,1,1,1,14-17-December.csv,0,0,0,0,0,0,0,0,0,0,0,0,0,0,0,0,0,0,7,1,0,43.86685714285714,52.22157745743475,0.0,0.0,0.0,0.0,0.0,0.0,0.0,0.0,0.0,0.0,0.0,0.0,0.0,0.0,0.0,0.0,0.0,0.0,0.023333333333333334,1.1904563230360807,1.0,6.123233995736766e-17
agent1,2024-12-15 07:00:00+00:00,11,1,1,1,1,14-17-December.csv,0,0,0,0,0,0,0,0,0,0,0,0,0,0,0,0,0,0,11,1,0,51.274818181818176,101.81423135182838,0.0,0.0,0.0,0.0,0.0,0.0,0.0,0.0,0.0,0.0,0.0,0.0,0.0,0.0,0.0,0.0,0.0,0.0,0.03666666666666667,1.9856575793365028,0.9659258262890683,-0.25881904510252063
agent1,2024-12-15 07:05:00+00:00,3,1,1,1,1,14-17-December.csv,0,0,0,0,0,0,0,0,0,0,0,0,0,0,0,0,0,0,3,1,0,104.93700000000001,61.608274598466075,0.0,0.0,0.0,0.0,0.0,0.0,0.0,0.0,0.0,0.0,0.0,0.0,0.0,0.0,0.0,0.0,0.0,0.0,0.01,0.5870977310049464,0.9659258262890683,-0.25881904510252063
agent1,2024-12-15 07:10:00+00:00,9,1,1,1,1,14-17-December.csv,0,0,0,0,0,0,0,0,0,0,0,0,0,0,0,0,0,0,9,1,0,33.97266666666667,46.80559606232998,0.0,0.0,0.0,0.0,0.0,0.0,0.0,0.0,0.0,0.0,0.0,0.0,0.0,0.0,0.0,0.0,0.0,0.0,0.03,1.3777427754370173,0.9659258262890683,-0.25881904510252063
agent1,2024-12-15 07:15:00+00:00,3,1,1,1,1,14-17-December.csv,0,0,0,0,0,0,0,0,0,0,0,0,0,0,0,0,0,0,3,1,0,85.23433333333334,140.02942988291187,0.0,0.0,0.0,0.0,0.0,0.0,0.0,0.0,0.0,0.0,0.0,0.0,0.0,0.0,0.0,0.0,0.0,0.0,0.01,1.642875874153747,0.9659258262890683,-0.25881904510252063
agent1,2024-12-15 07:20:00+00:00,3,1,1,1,1,14-17-December.csv,0,0,0,0,0,0,0,0,0,0,0,0,0,0,0,0,0,0,3,1,0,82.18066666666667,136.44588424109148,0.0,0.0,0.0,0.0,0.0,0.0,0.0,0.0,0.0,0.0,0.0,0.0,0.0,0.0,0.0,0.0,0.0,0.0,0.01,1.6603161032330167,0.9659258262890683,-0.25881904510252063
agent1,2024-12-15 07:25:00+00:00,11,1,1,1,1,14-17-December.csv,0,0,0,0,0,0,0,0,0,0,0,0,0,0,0,0,0,0,11,1,0,35.45463636363636,63.17442089528439,0.0,0.0,0.0,0.0,0.0,0.0,0.0,0.0,0.0,0.0,0.0,0.0,0.0,0.0,0.0,0.0,0.0,0.0,0.03666666666666667,1.781838071820658,0.9659258262890683,-0.25881904510252063
agent1,2024-12-15 07:30:00+00:00,20,1,1,1,1,14-17-December.csv,0,0,0,0,0,0,0,0,0,0,0,0,0,0,0,0,0,0,20,1,0,14.949700000000002,14.422958675594087,0.0,0.0,0.0,0.0,0.0,0.0,0.0,0.0,0.0,0.0,0.0,0.0,0.0,0.0,0.0,0.0,0.0,0.0,0.06666666666666667,0.9647657595533078,0.9659258262890683,-0.25881904510252063
agent1,2024-12-15 07:35:00+00:00,1,1,1,1,1,14-17-December.csv,0,0,0,0,0,0,0,0,0,0,0,0,0,0,0,0,0,0,1,1,0,291.969,,0.0,0.0,0.0,0.0,0.0,0.0,0.0,0.0,0.0,0.0,0.0,0.0,0.0,0.0,0.0,0.0,0.0,0.0,0.0033333333333333335,0.0,0.9659258262890683,-0.25881904510252063
agent1,2024-12-15 07:50:00+00:00,2,1,1,1,1,14-17-December.csv,0,0,0,0,0,0,0,0,0,0,0,0,0,0,0,0,0,0,2,1,0,256.7515,347.34994280192416,0.0,0.0,0.0,0.0,0.0,0.0,0.0,0.0,0.0,0.0,0.0,0.0,0.0,0.0,0.0,0.0,0.0,0.0,0.006666666666666667,1.352864317450625,0.9659258262890683,-0.25881904510252063
agent1,2024-12-15 08:05:00+00:00,1,1,1,1,1,14-17-December.csv,0,0,0,0,0,0,0,0,0,0,0,0,0,0,0,0,0,0,1,1,0,281.817,,0.0,0.0,0.0,0.0,0.0,0.0,0.0,0.0,0.0,0.0,0.0,0.0,0.0,0.0,0.0,0.0,0.0,0.0,0.0033333333333333335,0.0,0.8660254037844387,-0.4999999999999998
agent1,2024-12-15 08:15:00+00:00,1,1,1,1,1,14-17-December.csv,0,0,0,0,0,0,0,0,0,0,0,0,0,0,0,0,0,0,1,1,0,509.689,,0.0,0.0,0.0,0.0,0.0,0.0,0.0,0.0,0.0,0.0,0.0,0.0,0.0,0.0,0.0,0.0,0.0,0.0,0.0033333333333333335,0.0,0.8660254037844387,-0.4999999999999998
agent1,2024-12-15 08:20:00+00:00,2,1,1,1,1,14-17-December.csv,0,0,0,0,0,0,0,0,0,0,0,0,0,0,0,0,0,0,2,1,0,211.2765,253.17746168349979,0.0,0.0,0.0,0.0,0.0,0.0,0.0,0.0,0.0,0.0,0.0,0.0,0.0,0.0,0.0,0.0,0.0,0.0,0.006666666666666667,1.1983228692424372,0.8660254037844387,-0.4999999999999998
agent1,2024-12-15 08:30:00+00:00,1,1,1,1,1,14-17-December.csv,0,0,0,0,0,0,0,0,0,0,0,0,0,0,0,0,0,0,1,1,0,332.452,,0.0,0.0,0.0,0.0,0.0,0.0,0.0,0.0,0.0,0.0,0.0,0.0,0.0,0.0,0.0,0.0,0.0,0.0,0.0033333333333333335,0.0,0.8660254037844387,-0.4999999999999998
agent1,2024-12-15 08:35:00+00:00,2,1,1,1,1,14-17-December.csv,0,0,0,0,0,0,0,0,0,0,0,0,0,0,0,0,0,0,2,1,0,176.86,118.61999097116811,0.0,0.0,0.0,0.0,0.0,0.0,0.0,0.0,0.0,0.0,0.0,0.0,0.0,0.0,0.0,0.0,0.0,0.0,0.006666666666666667,0.6706999376408916,0.8660254037844387,-0.4999999999999998
agent1,2024-12-15 08:40:00+00:00,3,1,1,1,1,14-17-December.csv,0,0,0,0,0,0,0,0,0,0,0,0,0,0,0,0,0,0,3,1,0,101.66966666666667,88.51859720043768,0.0,0.0,0.0,0.0,0.0,0.0,0.0,0.0,0.0,0.0,0.0,0.0,0.0,0.0,0.0,0.0,0.0,0.0,0.01,0.8706490352786739,0.8660254037844387,-0.4999999999999998
agent1,2024-12-15 08:50:00+00:00,1,1,1,1,1,14-17-December.csv,0,0,0,0,0,0,0,0,0,0,0,0,0,0,0,0,0,0,1,1,0,564.889,,0.0,0.0,0.0,0.0,0.0,0.0,0.0,0.0,0.0,0.0,0.0,0.0,0.0,0.0,0.0,0.0,0.0,0.0,0.0033333333333333335,0.0,0.8660254037844387,-0.4999999999999998
agent1,2024-12-15 09:05:00+00:00,3,1,1,1,1,14-17-December.csv,0,0,0,0,0,0,0,0,0,0,0,0,0,0,0,0,0,0,3,1,0,238.311,320.04692010391227,0.0,0.0,0.0,0.0,0.0,0.0,0.0,0.0,0.0,0.0,0.0,0.0,0.0,0.0,0.0,0.0,0.0,0.0,0.01,1.342980055909766,0.7071067811865476,-0.7071067811865475
agent1,2024-12-15 09:15:00+00:00,2,1,1,1,1,14-17-December.csv,0,0,0,0,0,0,0,0,0,0,0,0,0,0,0,0,0,0,2,1,0,378.38599999999997,184.53365668625327,0.0,0.0,0.0,0.0,0.0,0.0,0.0,0.0,0.0,0.0,0.0,0.0,0.0,0.0,0.0,0.0,0.0,0.0,0.006666666666666667,0.4876862692759597,0.7071067811865476,-0.7071067811865475
agent1,2024-12-15 09:20:00+00:00,1,1,1,1,1,14-17-December.csv,0,0,0,0,0,0,0,0,0,0,0,0,0,0,0,0,0,0,1,1,0,273.56,,0.0,0.0,0.0,0.0,0.0,0.0,0.0,0.0,0.0,0.0,0.0,0.0,0.0,0.0,0.0,0.0,0.0,0.0,0.0033333333333333335,0.0,0.7071067811865476,-0.7071067811865475
agent1,2024-12-15 09:25:00+00:00,2,1,1,1,1,14-17-December.csv,0,0,0,0,0,0,0,0,0,0,0,0,0,0,0,0,0,0,2,1,0,120.52449999999999,63.1651416566131,0.0,0.0,0.0,0.0,0.0,0.0,0.0,0.0,0.0,0.0,0.0,0.0,0.0,0.0,0.0,0.0,0.0,0.0,0.006666666666666667,0.5240854901419472,0.7071067811865476,-0.7071067811865475
agent1,2024-12-15 09:35:00+00:00,2,1,1,1,1,14-17-December.csv,0,0,0,0,0,0,0,0,0,0,0,0,0,0,0,0,0,0,2,1,0,168.698,70.45470546386521,0.0,0.0,0.0,0.0,0.0,0.0,0.0,0.0,0.0,0.0,0.0,0.0,0.0,0.0,0.0,0.0,0.0,0.0,0.006666666666666667,0.41763806010661186,0.7071067811865476,-0.7071067811865475
agent1,2024-12-15 09:50:00+00:00,1,1,1,1,1,14-17-December.csv,0,0,0,0,0,0,0,0,0,0,0,0,0,0,0,0,0,0,1,1,0,59.405,,0.0,0.0,0.0,0.0,0.0,0.0,0.0,0.0,0.0,0.0,0.0,0.0,0.0,0.0,0.0,0.0,0.0,0.0,0.0033333333333333335,0.0,0.7071067811865476,-0.7071067811865475
agent1,2024-12-15 10:05:00+00:00,2,1,1,1,1,14-17-December.csv,0,0,0,0,0,0,0,0,0,0,0,0,0,0,0,0,0,0,2,1,0,402.2545,289.59204670104464,0.0,0.0,0.0,0.0,0.0,0.0,0.0,0.0,0.0,0.0,0.0,0.0,0.0,0.0,0.0,0.0,0.0,0.0,0.006666666666666667,0.7199224538222558,0.49999999999999994,-0.8660254037844387
agent1,2024-12-15 10:15:00+00:00,1,1,1,1,1,14-17-December.csv,0,0,0,0,0,0,0,0,0,0,0,0,0,0,0,0,0,0,1,1,0,510.03,,0.0,0.0,0.0,0.0,0.0,0.0,0.0,0.0,0.0,0.0,0.0,0.0,0.0,0.0,0.0,0.0,0.0,0.0,0.0033333333333333335,0.0,0.49999999999999994,-0.8660254037844387
agent1,2024-12-15 10:20:00+00:00,1,1,1,1,1,14-17-December.csv,0,0,0,0,0,0,0,0,0,0,0,0,0,0,0,0,0,0,1,1,0,389.98,,0.0,0.0,0.0,0.0,0.0,0.0,0.0,0.0,0.0,0.0,0.0,0.0,0.0,0.0,0.0,0.0,0.0,0.0,0.0033333333333333335,0.0,0.49999999999999994,-0.8660254037844387
agent1,2024-12-15 10:25:00+00:00,2,1,1,1,1,14-17-December.csv,0,0,0,0,0,0,0,0,0,0,0,0,0,0,0,0,0,0,2,1,0,150.80949999999999,48.3738820077529,0.0,0.0,0.0,0.0,0.0,0.0,0.0,0.0,0.0,0.0,0.0,0.0,0.0,0.0,0.0,0.0,0.0,0.0,0.006666666666666667,0.3207615038028301,0.49999999999999994,-0.8660254037844387
agent1,2024-12-15 10:35:00+00:00,2,1,1,1,1,14-17-December.csv,0,0,0,0,0,0,0,0,0,0,0,0,0,0,0,0,0,0,2,1,0,282.472,150.14846813071387,0.0,0.0,0.0,0.0,0.0,0.0,0.0,0.0,0.0,0.0,0.0,0.0,0.0,0.0,0.0,0.0,0.0,0.0,0.006666666666666667,0.5315516870015926,0.49999999999999994,-0.8660254037844387
agent1,2024-12-15 11:05:00+00:00,2,1,1,1,1,14-17-December.csv,0,0,0,0,0,0,0,0,0,0,0,0,0,0,0,0,0,0,2,1,0,381.153,319.4637726722703,0.0,0.0,0.0,0.0,0.0,0.0,0.0,0.0,0.0,0.0,0.0,0.0,0.0,0.0,0.0,0.0,0.0,0.0,0.006666666666666667,0.8381510119880213,0.258819045102521,-0.9659258262890682
agent1,2024-12-15 11:15:00+00:00,1,1,1,1,1,14-17-December.csv,0,0,0,0,0,0,0,0,0,0,0,0,0,0,0,0,0,0,1,1,0,322.171,,0.0,0.0,0.0,0.0,0.0,0.0,0.0,0.0,0.0,0.0,0.0,0.0,0.0,0.0,0.0,0.0,0.0,0.0,0.0033333333333333335,0.0,0.258819045102521,-0.9659258262890682
agent1,2024-12-15 11:20:00+00:00,1,1,1,1,1,14-17-December.csv,0,0,0,0,0,0,0,0,0,0,0,0,0,0,0,0,0,0,1,1,0,391.43,,0.0,0.0,0.0,0.0,0.0,0.0,0.0,0.0,0.0,0.0,0.0,0.0,0.0,0.0,0.0,0.0,0.0,0.0,0.0033333333333333335,0.0,0.258819045102521,-0.9659258262890682
agent1,2024-12-15 11:30:00+00:00,4,1,1,1,1,14-17-December.csv,0,0,0,0,0,0,0,0,0,0,0,0,0,0,0,0,0,0,4,1,0,100.09525000000001,161.70116375045046,0.0,0.0,0.0,0.0,0.0,0.0,0.0,0.0,0.0,0.0,0.0,0.0,0.0,0.0,0.0,0.0,0.0,0.0,0.013333333333333334,1.6154728995676664,0.258819045102521,-0.9659258262890682
agent1,2024-12-15 11:50:00+00:00,1,1,1,1,1,14-17-December.csv,0,0,0,0,0,0,0,0,0,0,0,0,0,0,0,0,0,0,1,1,0,1034.076,,0.0,0.0,0.0,0.0,0.0,0.0,0.0,0.0,0.0,0.0,0.0,0.0,0.0,0.0,0.0,0.0,0.0,0.0,0.0033333333333333335,0.0,0.258819045102521,-0.9659258262890682
agent1,2024-12-15 12:05:00+00:00,2,1,1,1,1,14-17-December.csv,0,0,0,0,0,0,0,0,0,0,0,0,0,0,0,0,0,0,2,1,0,308.4155,276.3705641064185,0.0,0.0,0.0,0.0,0.0,0.0,0.0,0.0,0.0,0.0,0.0,0.0,0.0,0.0,0.0,0.0,0.0,0.0,0.006666666666666667,0.8960981666174965,1.2246467991473532e-16,-1.0
agent1,2024-12-15 12:20:00+00:00,1,1,1,1,1,14-17-December.csv,0,0,0,0,0,0,0,0,0,0,0,0,0,0,0,0,0,0,1,1,0,607.096,,0.0,0.0,0.0,0.0,0.0,0.0,0.0,0.0,0.0,0.0,0.0,0.0,0.0,0.0,0.0,0.0,0.0,0.0,0.0033333333333333335,0.0,1.2246467991473532e-16,-1.0
agent1,2024-12-15 12:35:00+00:00,2,1,1,1,1,14-17-December.csv,0,0,0,0,0,0,0,0,0,0,0,0,0,0,0,0,0,0,2,1,0,349.47900000000004,364.2420166976897,0.0,0.0,0.0,0.0,0.0,0.0,0.0,0.0,0.0,0.0,0.0,0.0,0.0,0.0,0.0,0.0,0.0,0.0,0.006666666666666667,1.0422429293253375,1.2246467991473532e-16,-1.0
agent1,2024-12-15 12:50:00+00:00,1,1,1,1,1,14-17-December.csv,0,0,0,0,0,0,0,0,0,0,0,0,0,0,0,0,0,0,1,1,0,256.266,,0.0,0.0,0.0,0.0,0.0,0.0,0.0,0.0,0.0,0.0,0.0,0.0,0.0,0.0,0.0,0.0,0.0,0.0,0.0033333333333333335,0.0,1.2246467991473532e-16,-1.0
agent1,2024-12-15 13:05:00+00:00,4,1,1,1,1,14-17-December.csv,0,0,0,0,0,0,0,0,0,0,0,0,0,0,0,0,0,0,4,1,0,266.322,468.72761194536,0.0,0.0,0.0,0.0,0.0,0.0,0.0,0.0,0.0,0.0,0.0,0.0,0.0,0.0,0.0,0.0,0.0,0.0,0.013333333333333334,1.7600033491238427,-0.2588190451025208,-0.9659258262890683
agent1,2024-12-15 13:20:00+00:00,1,1,1,1,1,14-17-December.csv,0,0,0,0,0,0,0,0,0,0,0,0,0,0,0,0,0,0,1,1,0,363.809,,0.0,0.0,0.0,0.0,0.0,0.0,0.0,0.0,0.0,0.0,0.0,0.0,0.0,0.0,0.0,0.0,0.0,0.0,0.0033333333333333335,0.0,-0.2588190451025208,-0.9659258262890683
agent1,2024-12-15 13:30:00+00:00,1,1,1,1,1,14-17-December.csv,0,0,0,0,0,0,0,0,0,0,0,0,0,0,0,0,0,0,1,1,0,541.58,,0.0,0.0,0.0,0.0,0.0,0.0,0.0,0.0,0.0,0.0,0.0,0.0,0.0,0.0,0.0,0.0,0.0,0.0,0.0033333333333333335,0.0,-0.2588190451025208,-0.9659258262890683
agent1,2024-12-15 13:35:00+00:00,5,1,1,1,1,14-17-December.csv,0,0,0,0,0,0,0,0,0,0,0,0,0,0,0,0,0,0,5,1,0,70.3832,93.1512855611773,0.0,0.0,0.0,0.0,0.0,0.0,0.0,0.0,0.0,0.0,0.0,0.0,0.0,0.0,0.0,0.0,0.0,0.0,0.016666666666666666,1.3234875021479173,-0.2588190451025208,-0.9659258262890683
agent1,2024-12-15 13:40:00+00:00,6,1,1,1,1,14-17-December.csv,0,0,0,0,0,0,0,0,0,0,0,0,0,0,0,0,0,0,6,1,0,33.70016666666667,33.03780460876096,0.0,0.0,0.0,0.0,0.0,0.0,0.0,0.0,0.0,0.0,0.0,0.0,0.0,0.0,0.0,0.0,0.0,0.0,0.02,0.9803454367315975,-0.2588190451025208,-0.9659258262890683
agent1,2024-12-15 13:45:00+00:00,10,1,1,1,1,14-17-December.csv,0,0,0,0,0,0,0,0,0,0,0,0,0,0,0,0,0,0,10,1,0,31.2519,51.55393278553591,0.0,0.0,0.0,0.0,0.0,0.0,0.0,0.0,0.0,0.0,0.0,0.0,0.0,0.0,0.0,0.0,0.0,0.0,0.03333333333333333,1.6496255519035936,-0.2588190451025208,-0.9659258262890683
agent1,2024-12-15 13:50:00+00:00,9,1,1,1,1,14-17-December.csv,0,0,0,0,0,0,0,0,0,0,0,0,0,0,0,0,0,0,9,1,0,38.44888888888889,52.51690406774861,0.0,0.0,0.0,0.0,0.0,0.0,0.0,0.0,0.0,0.0,0.0,0.0,0.0,0.0,0.0,0.0,0.0,0.0,0.03,1.3658887313886763,-0.2588190451025208,-0.9659258262890683
agent1,2024-12-15 13:55:00+00:00,3,1,1,1,1,14-17-December.csv,0,0,0,0,0,0,0,0,0,0,0,0,0,0,0,0,0,0,3,1,0,51.877,83.77064601040152,0.0,0.0,0.0,0.0,0.0,0.0,0.0,0.0,0.0,0.0,0.0,0.0,0.0,0.0,0.0,0.0,0.0,0.0,0.01,1.6147935696050566,-0.2588190451025208,-0.9659258262890683
agent1,2024-12-15 14:00:00+00:00,6,1,1,1,1,14-17-December.csv,0,0,0,0,0,0,0,0,0,0,0,0,0,0,0,0,0,0,6,1,0,81.5735,128.6745575329482,0.0,0.0,0.0,0.0,0.0,0.0,0.0,0.0,0.0,0.0,0.0,0.0,0.0,0.0,0.0,0.0,0.0,0.0,0.02,1.5774063578606803,-0.4999999999999997,-0.8660254037844388
agent1,2024-12-15 14:05:00+00:00,4,1,1,1,1,14-17-December.csv,0,0,0,0,0,0,0,0,0,0,0,0,0,0,0,0,0,0,4,1,0,79.53625,86.218980630234,0.0,0.0,0.0,0.0,0.0,0.0,0.0,0.0,0.0,0.0,0.0,0.0,0.0,0.0,0.0,0.0,0.0,0.0,0.013333333333333334,1.0840211932324444,-0.4999999999999997,-0.8660254037844388
agent1,2024-12-15 14:15:00+00:00,6,1,1,1,1,14-17-December.csv,0,0,0,0,0,0,0,0,0,0,0,0,0,0,0,0,0,0,6,1,0,83.09016666666668,148.64167751665974,0.0,0.0,0.0,0.0,0.0,0.0,0.0,0.0,0.0,0.0,0.0,0.0,0.0,0.0,0.0,0.0,0.0,0.0,0.02,1.7889201993415955,-0.4999999999999997,-0.8660254037844388
agent1,2024-12-15 14:20:00+00:00,13,1,1,1,1,14-17-December.csv,0,0,0,0,0,0,0,0,0,0,0,0,0,0,0,0,0,0,13,1,0,23.77769230769231,70.32616717882543,0.0,0.0,0.0,0.0,0.0,0.0,0.0,0.0,0.0,0.0,0.0,0.0,0.0,0.0,0.0,0.0,0.0,0.0,0.043333333333333335,2.9576531762955924,-0.4999999999999997,-0.8660254037844388
agent1,2024-12-15 14:30:00+00:00,18,1,1,1,1,14-17-December.csv,0,0,0,0,0,0,0,0,0,0,0,0,0,0,0,0,0,0,18,1,0,14.267611111111112,35.02444758121506,0.0,0.0,0.0,0.0,0.0,0.0,0.0,0.0,0.0,0.0,0.0,0.0,0.0,0.0,0.0,0.0,0.0,0.0,0.06,2.4548221358472024,-0.4999999999999997,-0.8660254037844388
agent1,2024-12-15 14:35:00+00:00,7,1,1,1,1,14-17-December.csv,0,0,0,0,0,0,0,0,0,0,0,0,0,0,0,0,0,0,7,1,0,58.78885714285714,99.72137150987005,0.0,0.0,0.0,0.0,0.0,0.0,0.0,0.0,0.0,0.0,0.0,0.0,0.0,0.0,0.0,0.0,0.0,0.0,0.023333333333333334,1.6962631416281277,-0.4999999999999997,-0.8660254037844388
agent1,2024-12-15 14:45:00+00:00,12,1,1,1,1,14-17-December.csv,0,0,0,0,0,0,0,0,0,0,0,0,0,0,0,0,0,0,12,1,0,48.648083333333325,163.41525467318374,0.0,0.0,0.0,0.0,0.0,0.0,0.0,0.0,0.0,0.0,0.0,0.0,0.0,0.0,0.0,0.0,0.0,0.0,0.04,3.3591303803990313,-0.4999999999999997,-0.8660254037844388
agent1,2024-12-15 14:55:00+00:00,14,1,1,1,1,14-17-December.csv,0,0,0,0,0,0,0,0,0,0,0,0,0,0,0,0,0,0,14,1,0,36.086,100.40887926335536,0.0,0.0,0.0,0.0,0.0,0.0,0.0,0.0,0.0,0.0,0.0,0.0,0.0,0.0,0.0,0.0,0.0,0.0,0.04666666666666667,2.7824884792815876,-0.4999999999999997,-0.8660254037844388
agent1,2024-12-15 15:00:00+00:00,14,1,1,1,1,14-17-December.csv,0,0,0,0,0,0,0,0,0,0,0,0,0,0,0,0,0,0,14,1,0,28.083714285714287,78.25425223976262,0.0,0.0,0.0,0.0,0.0,0.0,0.0,0.0,0.0,0.0,0.0,0.0,0.0,0.0,0.0,0.0,0.0,0.0,0.04666666666666667,2.7864637648578148,-0.7071067811865471,-0.7071067811865479
agent1,2024-12-15 15:05:00+00:00,14,1,1,1,1,14-17-December.csv,0,0,0,0,0,0,0,0,0,0,0,0,0,0,0,0,0,0,14,1,0,16.775642857142856,58.554201606594496,0.0,0.0,0.0,0.0,0.0,0.0,0.0,0.0,0.0,0.0,0.0,0.0,0.0,0.0,0.0,0.0,0.0,0.0,0.04666666666666667,3.490429672664548,-0.7071067811865471,-0.7071067811865479
agent1,2024-12-15 15:15:00+00:00,34,1,1,1,1,14-17-December.csv,0,0,0,0,0,0,0,0,0,0,0,0,0,0,0,0,0,0,34,1,0,19.07811764705882,69.01677029962934,0.0,0.0,0.0,0.0,0.0,0.0,0.0,0.0,0.0,0.0,0.0,0.0,0.0,0.0,0.0,0.0,0.0,0.0,0.11333333333333333,3.6175880438744077,-0.7071067811865471,-0.7071067811865479
agent1,2024-12-15 15:20:00+00:00,3,1,1,1,1,14-17-December.csv,0,0,0,0,0,0,0,0,0,0,0,0,0,0,0,0,0,0,3,1,0,70.69333333333333,61.37367525522105,0.0,0.0,0.0,0.0,0.0,0.0,0.0,0.0,0.0,0.0,0.0,0.0,0.0,0.0,0.0,0.0,0.0,0.0,0.01,0.8681677940666879,-0.7071067811865471,-0.7071067811865479
agent1,2024-12-16 06:15:00+00:00,12,1,1,1,1,14-17-December.csv,0,0,0,0,0,0,0,0,0,0,0,0,0,0,0,0,0,0,12,1,0,4421.030833333333,15253.151021615242,0.0,0.0,0.0,0.0,0.0,0.0,0.0,0.0,0.0,0.0,0.0,0.0,0.0,0.0,0.0,0.0,0.0,0.0,0.04,3.4501345040642466,1.0,6.123233995736766e-17
agent1,2024-12-16 06:20:00+00:00,17,1,1,1,1,14-17-December.csv,0,0,0,0,0,0,0,0,0,0,0,0,0,0,0,0,0,0,17,1,0,13.39464705882353,15.838853016163988,0.0,0.0,0.0,0.0,0.0,0.0,0.0,0.0,0.0,0.0,0.0,0.0,0.0,0.0,0.0,0.0,0.0,0.0,0.056666666666666664,1.1824763240574057,1.0,6.123233995736766e-17
agent1,2024-12-16 06:25:00+00:00,12,1,1,1,1,14-17-December.csv,0,0,0,0,0,0,0,0,0,0,0,0,0,0,0,0,0,0,12,1,0,30.901916666666665,37.79850797790914,0.0,0.0,0.0,0.0,0.0,0.0,0.0,0.0,0.0,0.0,0.0,0.0,0.0,0.0,0.0,0.0,0.0,0.0,0.04,1.223176814099745,1.0,6.123233995736766e-17
agent1,2024-12-16 06:30:00+00:00,9,1,1,1,1,14-17-December.csv,0,0,0,0,0,0,0,0,0,0,0,0,0,0,0,0,0,0,9,1,0,27.254222222222225,34.27664708579946,0.0,0.0,0.0,0.0,0.0,0.0,0.0,0.0,0.0,0.0,0.0,0.0,0.0,0.0,0.0,0.0,0.0,0.0,0.03,1.2576637412845109,1.0,6.123233995736766e-17
agent1,2024-12-16 06:35:00+00:00,2,1,1,1,1,14-17-December.csv,0,0,0,0,0,0,0,0,0,0,0,0,0,0,0,0,0,0,2,1,0,166.619,17.759693916281318,0.0,0.0,0.0,0.0,0.0,0.0,0.0,0.0,0.0,0.0,0.0,0.0,0.0,0.0,0.0,0.0,0.0,0.0,0.006666666666666667,0.10658864785097329,1.0,6.123233995736766e-17
agent1,2024-12-16 06:45:00+00:00,5,1,1,1,1,14-17-December.csv,0,0,0,0,0,0,0,0,0,0,0,0,0,0,0,0,0,0,5,1,0,26.333999999999996,29.64849248275534,0.0,0.0,0.0,0.0,0.0,0.0,0.0,0.0,0.0,0.0,0.0,0.0,0.0,0.0,0.0,0.0,0.0,0.0,0.016666666666666666,1.1258636167219316,1.0,6.123233995736766e-17
agent1,2024-12-16 06:50:00+00:00,5,1,1,1,1,14-17-December.csv,0,0,0,0,0,0,0,0,0,0,0,0,0,0,0,0,0,0,5,1,0,83.6272,172.7609816703413,0.0,0.0,0.0,0.0,0.0,0.0,0.0,0.0,0.0,0.0,0.0,0.0,0.0,0.0,0.0,0.0,0.0,0.0,0.016666666666666666,2.065846777966275,1.0,6.123233995736766e-17
agent1,2024-12-16 06:55:00+00:00,9,1,1,1,1,14-17-December.csv,0,0,0,0,0,0,0,0,0,0,0,0,0,0,0,0,0,0,9,1,0,39.93011111111111,47.545418479187994,0.0,0.0,0.0,0.0,0.0,0.0,0.0,0.0,0.0,0.0,0.0,0.0,0.0,0.0,0.0,0.0,0.0,0.0,0.03,1.1907159072732412,1.0,6.123233995736766e-17
agent1,2024-12-16 07:00:00+00:00,4,1,1,1,1,14-17-December.csv,0,0,0,0,0,0,0,0,0,0,0,0,0,0,0,0,0,0,4,1,0,56.6045,80.83106737098882,0.0,0.0,0.0,0.0,0.0,0.0,0.0,0.0,0.0,0.0,0.0,0.0,0.0,0.0,0.0,0.0,0.0,0.0,0.013333333333333334,1.4279971975901,0.9659258262890683,-0.25881904510252063
agent1,2024-12-16 07:05:00+00:00,3,1,1,1,1,14-17-December.csv,0,0,0,0,0,0,0,0,0,0,0,0,0,0,0,0,0,0,3,1,0,82.22500000000001,96.41540283585398,0.0,0.0,0.0,0.0,0.0,0.0,0.0,0.0,0.0,0.0,0.0,0.0,0.0,0.0,0.0,0.0,0.0,0.0,0.01,1.172580150025588,0.9659258262890683,-0.25881904510252063
agent1,2024-12-16 07:15:00+00:00,3,1,1,1,1,14-17-December.csv,0,0,0,0,0,0,0,0,0,0,0,0,0,0,0,0,0,0,3,1,0,97.60633333333334,142.27298250312086,0.0,0.0,0.0,0.0,0.0,0.0,0.0,0.0,0.0,0.0,0.0,0.0,0.0,0.0,0.0,0.0,0.0,0.0,0.01,1.4576203986399876,0.9659258262890683,-0.25881904510252063
agent1,2024-12-16 07:25:00+00:00,2,1,1,1,1,14-17-December.csv,0,0,0,0,0,0,0,0,0,0,0,0,0,0,0,0,0,0,2,1,0,334.23199999999997,472.67401316552196,0.0,0.0,0.0,0.0,0.0,0.0,0.0,0.0,0.0,0.0,0.0,0.0,0.0,0.0,0.0,0.0,0.0,0.0,0.006666666666666667,1.414209331139813,0.9659258262890683,-0.25881904510252063
agent1,2024-12-16 07:40:00+00:00,2,1,1,1,1,14-17-December.csv,0,0,0,0,0,0,0,0,0,0,0,0,0,0,0,0,0,0,2,1,0,219.121,266.0715538384365,0.0,0.0,0.0,0.0,0.0,0.0,0.0,0.0,0.0,0.0,0.0,0.0,0.0,0.0,0.0,0.0,0.0,0.0,0.006666666666666667,1.2142677052333481,0.9659258262890683,-0.25881904510252063
agent1,2024-12-16 07:45:00+00:00,2,1,1,1,1,14-17-December.csv,0,0,0,0,0,0,0,0,0,0,0,0,0,0,0,0,0,0,2,1,0,130.606,55.05533398318458,0.0,0.0,0.0,0.0,0.0,0.0,0.0,0.0,0.0,0.0,0.0,0.0,0.0,0.0,0.0,0.0,0.0,0.0,0.006666666666666667,0.4215375555731328,0.9659258262890683,-0.25881904510252063
agent1,2024-12-16 08:10:00+00:00,1,1,1,1,1,14-17-December.csv,0,0,0,0,0,0,0,0,0,0,0,0,0,0,0,0,0,0,1,1,0,430.802,,0.0,0.0,0.0,0.0,0.0,0.0,0.0,0.0,0.0,0.0,0.0,0.0,0.0,0.0,0.0,0.0,0.0,0.0,0.0033333333333333335,0.0,0.8660254037844387,-0.4999999999999998
agent1,2024-12-16 08:15:00+00:00,3,1,1,1,1,14-17-December.csv,0,0,0,0,0,0,0,0,0,0,0,0,0,0,0,0,0,0,3,1,0,59.37633333333334,76.84780585894,0.0,0.0,0.0,0.0,0.0,0.0,0.0,0.0,0.0,0.0,0.0,0.0,0.0,0.0,0.0,0.0,0.0,0.0,0.01,1.2942497716644679,0.8660254037844387,-0.4999999999999998
agent1,2024-12-16 08:20:00+00:00,2,1,1,1,1,14-17-December.csv,0,0,0,0,0,0,0,0,0,0,0,0,0,0,0,0,0,0,2,1,0,113.221,160.1186737454442,0.0,0.0,0.0,0.0,0.0,0.0,0.0,0.0,0.0,0.0,0.0,0.0,0.0,0.0,0.0,0.0,0.0,0.0,0.006666666666666667,1.4142135623730951,0.8660254037844387,-0.4999999999999998
agent1,2024-12-16 08:35:00+00:00,2,1,1,1,1,14-17-December.csv,0,0,0,0,0,0,0,0,0,0,0,0,0,0,0,0,0,0,2,1,0,549.8605,616.4012446162808,0.0,0.0,0.0,0.0,0.0,0.0,0.0,0.0,0.0,0.0,0.0,0.0,0.0,0.0,0.0,0.0,0.0,0.0,0.006666666666666667,1.1210138655464081,0.8660254037844387,-0.4999999999999998
agent1,2024-12-16 08:45:00+00:00,2,1,1,1,1,14-17-December.csv,0,0,0,0,0,0,0,0,0,0,0,0,0,0,0,0,0,0,2,1,0,160.6535,157.1382186627429,0.0,0.0,0.0,0.0,0.0,0.0,0.0,0.0,0.0,0.0,0.0,0.0,0.0,0.0,0.0,0.0,0.0,0.0,0.006666666666666667,0.978118862413473,0.8660254037844387,-0.4999999999999998
agent1,2024-12-16 09:00:00+00:00,2,1,1,1,1,14-17-December.csv,0,0,0,0,0,0,0,0,0,0,0,0,0,0,0,0,0,0,2,1,0,400.63349999999997,522.0237025313122,0.0,0.0,0.0,0.0,0.0,0.0,0.0,0.0,0.0,0.0,0.0,0.0,0.0,0.0,0.0,0.0,0.0,0.0,0.006666666666666667,1.3029956369882005,0.7071067811865476,-0.7071067811865475
agent1,2024-12-16 09:05:00+00:00,2,1,1,1,1,14-17-December.csv,0,0,0,0,0,0,0,0,0,0,0,0,0,0,0,0,0,0,2,1,0,235.2115,181.11196697209158,0.0,0.0,0.0,0.0,0.0,0.0,0.0,0.0,0.0,0.0,0.0,0.0,0.0,0.0,0.0,0.0,0.0,0.0,0.006666666666666667,0.7699962245557364,0.7071067811865476,-0.7071067811865475
agent1,2024-12-16 09:10:00+00:00,1,1,1,1,1,14-17-December.csv,0,0,0,0,0,0,0,0,0,0,0,0,0,0,0,0,0,0,1,1,0,241.891,,0.0,0.0,0.0,0.0,0.0,0.0,0.0,0.0,0.0,0.0,0.0,0.0,0.0,0.0,0.0,0.0,0.0,0.0,0.0033333333333333335,0.0,0.7071067811865476,-0.7071067811865475
agent1,2024-12-16 09:15:00+00:00,2,1,1,1,1,14-17-December.csv,0,0,0,0,0,0,0,0,0,0,0,0,0,0,0,0,0,0,2,1,0,175.4155,116.79919100961274,0.0,0.0,0.0,0.0,0.0,0.0,0.0,0.0,0.0,0.0,0.0,0.0,0.0,0.0,0.0,0.0,0.0,0.0,0.006666666666666667,0.6658430469919291,0.7071067811865476,-0.7071067811865475
agent1,2024-12-16 09:20:00+00:00,1,1,1,1,1,14-17-December.csv,0,0,0,0,0,0,0,0,0,0,0,0,0,0,0,0,0,0,1,1,0,118.168,,0.0,0.0,0.0,0.0,0.0,0.0,0.0,0.0,0.0,0.0,0.0,0.0,0.0,0.0,0.0,0.0,0.0,0.0,0.0033333333333333335,0.0,0.7071067811865476,-0.7071067811865475
agent1,2024-12-16 09:50:00+00:00,2,1,1,1,1,14-17-December.csv,0,0,0,0,0,0,0,0,0,0,0,0,0,0,0,0,0,0,2,1,0,69.18299999999999,53.63122092587487,0.0,0.0,0.0,0.0,0.0,0.0,0.0,0.0,0.0,0.0,0.0,0.0,0.0,0.0,0.0,0.0,0.0,0.0,0.006666666666666667,0.7752080847299897,0.7071067811865476,-0.7071067811865475
agent1,2024-12-16 10:10:00+00:00,2,1,1,1,1,14-17-December.csv,0,0,0,0,0,0,0,0,0,0,0,0,0,0,0,0,0,0,2,1,0,123.44200000000001,128.04572436438477,0.0,0.0,0.0,0.0,0.0,0.0,0.0,0.0,0.0,0.0,0.0,0.0,0.0,0.0,0.0,0.0,0.0,0.0,0.006666666666666667,1.0372946352488193,0.49999999999999994,-0.8660254037844387
agent1,2024-12-16 10:15:00+00:00,3,1,1,1,1,14-17-December.csv,0,0,0,0,0,0,0,0,0,0,0,0,0,0,0,0,0,0,3,1,0,136.93833333333333,123.16890621148397,0.0,0.0,0.0,0.0,0.0,0.0,0.0,0.0,0.0,0.0,0.0,0.0,0.0,0.0,0.0,0.0,0.0,0.0,0.01,0.8994479720420431,0.49999999999999994,-0.8660254037844387
agent1,2024-12-16 10:25:00+00:00,2,1,1,1,1,14-17-December.csv,0,0,0,0,0,0,0,0,0,0,0,0,0,0,0,0,0,0,2,1,0,270.3645,134.76536010600057,0.0,0.0,0.0,0.0,0.0,0.0,0.0,0.0,0.0,0.0,0.0,0.0,0.0,0.0,0.0,0.0,0.0,0.0,0.006666666666666667,0.4984580449948146,0.49999999999999994,-0.8660254037844387
agent1,2024-12-16 10:45:00+00:00,3,1,1,1,1,14-17-December.csv,0,0,0,0,0,0,0,0,0,0,0,0,0,0,0,0,0,0,3,1,0,214.3096666666667,340.3718847706628,0.0,0.0,0.0,0.0,0.0,0.0,0.0,0.0,0.0,0.0,0.0,0.0,0.0,0.0,0.0,0.0,0.0,0.0,0.01,1.5882246007132799,0.49999999999999994,-0.8660254037844387
agent1,2024-12-16 11:05:00+00:00,3,1,1,1,1,14-17-December.csv,0,0,0,0,0,0,0,0,0,0,0,0,0,0,0,0,0,0,3,1,0,392.7343333333333,540.4181880454555,0.0,0.0,0.0,0.0,0.0,0.0,0.0,0.0,0.0,0.0,0.0,0.0,0.0,0.0,0.0,0.0,0.0,0.0,0.01,1.3760400916789097,0.258819045102521,-0.9659258262890682
agent1,2024-12-16 11:15:00+00:00,3,1,1,1,1,14-17-December.csv,0,0,0,0,0,0,0,0,0,0,0,0,0,0,0,0,0,0,3,1,0,205.16,243.4793622239881,0.0,0.0,0.0,0.0,0.0,0.0,0.0,0.0,0.0,0.0,0.0,0.0,0.0,0.0,0.0,0.0,0.0,0.0,0.01,1.1867779402612015,0.258819045102521,-0.9659258262890682
agent1,2024-12-16 11:25:00+00:00,3,1,1,1,1,14-17-December.csv,0,0,0,0,0,0,0,0,0,0,0,0,0,0,0,0,0,0,3,1,0,199.51966666666667,248.91008279564196,0.0,0.0,0.0,0.0,0.0,0.0,0.0,0.0,0.0,0.0,0.0,0.0,0.0,0.0,0.0,0.0,0.0,0.0,0.01,1.247546605074731,0.258819045102521,-0.9659258262890682
agent1,2024-12-16 12:00:00+00:00,3,1,1,1,1,14-17-December.csv,0,0,0,0,0,0,0,0,0,0,0,0,0,0,0,0,0,0,3,1,0,259.35633333333334,305.9175705060652,0.0,0.0,0.0,0.0,0.0,0.0,0.0,0.0,0.0,0.0,0.0,0.0,0.0,0.0,0.0,0.0,0.0,0.0,0.01,1.1795261236705172,1.2246467991473532e-16,-1.0
agent1,2024-12-16 12:15:00+00:00,1,1,1,1,1,14-17-December.csv,0,0,0,0,0,0,0,0,0,0,0,0,0,0,0,0,0,0,1,1,0,1009.422,,0.0,0.0,0.0,0.0,0.0,0.0,0.0,0.0,0.0,0.0,0.0,0.0,0.0,0.0,0.0,0.0,0.0,0.0,0.0033333333333333335,0.0,1.2246467991473532e-16,-1.0
agent1,2024-12-16 12:20:00+00:00,3,1,1,1,1,14-17-December.csv,0,0,0,0,0,0,0,0,0,0,0,0,0,0,0,0,0,0,3,1,0,42.09866666666667,16.04055598579218,0.0,0.0,0.0,0.0,0.0,0.0,0.0,0.0,0.0,0.0,0.0,0.0,0.0,0.0,0.0,0.0,0.0,0.0,0.01,0.38102289824995683,1.2246467991473532e-16,-1.0
agent1,2024-12-16 12:25:00+00:00,1,1,1,1,1,14-17-December.csv,0,0,0,0,0,0,0,0,0,0,0,0,0,0,0,0,0,0,1,1,0,414.444,,0.0,0.0,0.0,0.0,0.0,0.0,0.0,0.0,0.0,0.0,0.0,0.0,0.0,0.0,0.0,0.0,0.0,0.0,0.0033333333333333335,0.0,1.2246467991473532e-16,-1.0
agent1,2024-12-16 12:35:00+00:00,2,1,1,1,1,14-17-December.csv,0,0,0,0,0,0,0,0,0,0,0,0,0,0,0,0,0,0,2,1,0,275.3215,342.504847137234,0.0,0.0,0.0,0.0,0.0,0.0,0.0,0.0,0.0,0.0,0.0,0.0,0.0,0.0,0.0,0.0,0.0,0.0,0.006666666666666667,1.244017801505636,1.2246467991473532e-16,-1.0
agent1,2024-12-16 13:10:00+00:00,2,1,1,1,1,14-17-December.csv,0,0,0,0,0,0,0,0,0,0,0,0,0,0,0,0,0,0,2,1,0,348.1885,447.15099389859347,0.0,0.0,0.0,0.0,0.0,0.0,0.0,0.0,0.0,0.0,0.0,0.0,0.0,0.0,0.0,0.0,0.0,0.0,0.006666666666666667,1.284221029409626,-0.2588190451025208,-0.9659258262890683
agent1,2024-12-16 13:15:00+00:00,1,1,1,1,1,14-17-December.csv,0,0,0,0,0,0,0,0,0,0,0,0,0,0,0,0,0,0,1,1,0,441.753,,0.0,0.0,0.0,0.0,0.0,0.0,0.0,0.0,0.0,0.0,0.0,0.0,0.0,0.0,0.0,0.0,0.0,0.0,0.0033333333333333335,0.0,-0.2588190451025208,-0.9659258262890683
agent1,2024-12-16 13:30:00+00:00,3,1,1,1,1,14-17-December.csv,0,0,0,0,0,0,0,0,0,0,0,0,0,0,0,0,0,0,3,1,0,207.43433333333334,331.53416990158547,0.0,0.0,0.0,0.0,0.0,0.0,0.0,0.0,0.0,0.0,0.0,0.0,0.0,0.0,0.0,0.0,0.0,0.0,0.01,1.598260830664092,-0.2588190451025208,-0.9659258262890683
agent1,2024-12-16 13:40:00+00:00,8,1,1,1,1,14-17-December.csv,0,0,0,0,0,0,0,0,0,0,0,0,0,0,0,0,0,0,8,1,0,54.445,99.94483022147769,0.0,0.0,0.0,0.0,0.0,0.0,0.0,0.0,0.0,0.0,0.0,0.0,0.0,0.0,0.0,0.0,0.0,0.0,0.02666666666666667,1.835702639755307,-0.2588190451025208,-0.9659258262890683
agent1,2024-12-16 13:50:00+00:00,2,1,1,1,1,14-17-December.csv,0,0,0,0,0,0,0,0,0,0,0,0,0,0,0,0,0,0,2,1,0,272.3845,340.643742089151,0.0,0.0,0.0,0.0,0.0,0.0,0.0,0.0,0.0,0.0,0.0,0.0,0.0,0.0,0.0,0.0,0.0,0.0,0.006666666666666667,1.250598848646494,-0.2588190451025208,-0.9659258262890683
agent1,2024-12-16 13:55:00+00:00,1,1,1,1,1,14-17-December.csv,0,0,0,0,0,0,0,0,0,0,0,0,0,0,0,0,0,0,1,1,0,333.077,,0.0,0.0,0.0,0.0,0.0,0.0,0.0,0.0,0.0,0.0,0.0,0.0,0.0,0.0,0.0,0.0,0.0,0.0,0.0033333333333333335,0.0,-0.2588190451025208,-0.9659258262890683
agent1,2024-12-16 14:00:00+00:00,4,1,1,1,1,14-17-December.csv,0,0,0,0,0,0,0,0,0,0,0,0,0,0,0,0,0,0,4,1,0,60.4595,54.52381045928466,0.0,0.0,0.0,0.0,0.0,0.0,0.0,0.0,0.0,0.0,0.0,0.0,0.0,0.0,0.0,0.0,0.0,0.0,0.013333333333333334,0.9018237077594863,-0.4999999999999997,-0.8660254037844388
agent1,2024-12-16 14:15:00+00:00,3,1,1,1,1,14-17-December.csv,0,0,0,0,0,0,0,0,0,0,0,0,0,0,0,0,0,0,3,1,0,320.41266666666667,402.0083285907561,0.0,0.0,0.0,0.0,0.0,0.0,0.0,0.0,0.0,0.0,0.0,0.0,0.0,0.0,0.0,0.0,0.0,0.0,0.01,1.254658040747732,-0.4999999999999997,-0.8660254037844388
agent1,2024-12-16 14:35:00+00:00,2,1,1,1,1,14-17-December.csv,0,0,0,0,0,0,0,0,0,0,0,0,0,0,0,0,0,0,2,1,0,159.579,166.98609480432793,0.0,0.0,0.0,0.0,0.0,0.0,0.0,0.0,0.0,0.0,0.0,0.0,0.0,0.0,0.0,0.0,0.0,0.0,0.006666666666666667,1.0464164758792067,-0.4999999999999997,-0.8660254037844388
agent1,2024-12-16 15:00:00+00:00,2,1,1,1,1,14-17-December.csv,0,0,0,0,0,0,0,0,0,0,0,0,0,0,0,0,0,0,2,1,0,508.47049999999996,509.0185946117292,0.0,0.0,0.0,0.0,0.0,0.0,0.0,0.0,0.0,0.0,0.0,0.0,0.0,0.0,0.0,0.0,0.0,0.0,0.006666666666666667,1.0010779280444573,-0.7071067811865471,-0.7071067811865479
agent1,2024-12-16 15:10:00+00:00,2,1,1,1,1,14-17-December.csv,0,0,0,0,0,0,0,0,0,0,0,0,0,0,0,0,0,0,2,1,0,212.2805,241.38292057330816,0.0,0.0,0.0,0.0,0.0,0.0,0.0,0.0,0.0,0.0,0.0,0.0,0.0,0.0,0.0,0.0,0.0,0.0,0.006666666666666667,1.1370941776249264,-0.7071067811865471,-0.7071067811865479
agent1,2024-12-16 15:25:00+00:00,2,1,1,1,1,14-17-December.csv,0,0,0,0,0,0,0,0,0,0,0,0,0,0,0,0,0,0,2,1,0,238.9185,295.92772346047605,0.0,0.0,0.0,0.0,0.0,0.0,0.0,0.0,0.0,0.0,0.0,0.0,0.0,0.0,0.0,0.0,0.0,0.0,0.006666666666666667,1.2386136839988366,-0.7071067811865471,-0.7071067811865479
agent1,2024-12-16 15:35:00+00:00,1,1,1,1,1,14-17-December.csv,0,0,0,0,0,0,0,0,0,0,0,0,0,0,0,0,0,0,1,1,0,456.579,,0.0,0.0,0.0,0.0,0.0,0.0,0.0,0.0,0.0,0.0,0.0,0.0,0.0,0.0,0.0,0.0,0.0,0.0,0.0033333333333333335,0.0,-0.7071067811865471,-0.7071067811865479
agent1,2024-12-16 16:00:00+00:00,2,1,1,1,1,14-17-December.csv,0,0,0,0,0,0,0,0,0,0,0,0,0,0,0,0,0,0,2,1,0,397.678,432.0351722371687,0.0,0.0,0.0,0.0,0.0,0.0,0.0,0.0,0.0,0.0,0.0,0.0,0.0,0.0,0.0,0.0,0.0,0.0,0.006666666666666667,1.0863944503773624,-0.8660254037844385,-0.5000000000000004
agent1,2024-12-16 16:05:00+00:00,1,1,1,1,1,14-17-December.csv,0,0,0,0,0,0,0,0,0,0,0,0,0,0,0,0,0,0,1,1,0,432.188,,0.0,0.0,0.0,0.0,0.0,0.0,0.0,0.0,0.0,0.0,0.0,0.0,0.0,0.0,0.0,0.0,0.0,0.0,0.0033333333333333335,0.0,-0.8660254037844385,-0.5000000000000004
agent1,2024-12-16 16:10:00+00:00,1,1,1,1,1,14-17-December.csv,0,0,0,0,0,0,0,0,0,0,0,0,0,0,0,0,0,0,1,1,0,58.108,,0.0,0.0,0.0,0.0,0.0,0.0,0.0,0.0,0.0,0.0,0.0,0.0,0.0,0.0,0.0,0.0,0.0,0.0,0.0033333333333333335,0.0,-0.8660254037844385,-0.5000000000000004
agent1,2024-12-16 16:20:00+00:00,1,1,1,1,1,14-17-December.csv,0,0,0,0,0,0,0,0,0,0,0,0,0,0,0,0,0,0,1,1,0,321.272,,0.0,0.0,0.0,0.0,0.0,0.0,0.0,0.0,0.0,0.0,0.0,0.0,0.0,0.0,0.0,0.0,0.0,0.0,0.0033333333333333335,0.0,-0.8660254037844385,-0.5000000000000004
agent1,2024-12-16 16:45:00+00:00,3,1,1,1,1,14-17-December.csv,0,0,0,0,0,0,0,0,0,0,0,0,0,0,0,0,0,0,3,1,0,283.1406666666667,444.9846815524478,0.0,0.0,0.0,0.0,0.0,0.0,0.0,0.0,0.0,0.0,0.0,0.0,0.0,0.0,0.0,0.0,0.0,0.0,0.01,1.5716028601299983,-0.8660254037844385,-0.5000000000000004
agent1,2024-12-16 17:00:00+00:00,2,1,1,1,1,14-17-December.csv,0,0,0,0,0,0,0,0,0,0,0,0,0,0,0,0,0,0,2,1,0,450.53299999999996,479.98691149655315,0.0,0.0,0.0,0.0,0.0,0.0,0.0,0.0,0.0,0.0,0.0,0.0,0.0,0.0,0.0,0.0,0.0,0.0,0.006666666666666667,1.0653757027710582,-0.9659258262890683,-0.25881904510252063
agent1,2024-12-16 17:25:00+00:00,2,1,1,1,1,14-17-December.csv,0,0,0,0,0,0,0,0,0,0,0,0,0,0,0,0,0,0,2,1,0,402.99,511.3428546014894,0.0,0.0,0.0,0.0,0.0,0.0,0.0,0.0,0.0,0.0,0.0,0.0,0.0,0.0,0.0,0.0,0.0,0.0,0.006666666666666667,1.2688723159420567,-0.9659258262890683,-0.25881904510252063
agent1,2024-12-16 17:45:00+00:00,3,1,1,1,1,14-17-December.csv,0,0,0,0,0,0,0,0,0,0,0,0,0,0,0,0,0,0,3,1,0,321.508,515.9133511928142,0.0,0.0,0.0,0.0,0.0,0.0,0.0,0.0,0.0,0.0,0.0,0.0,0.0,0.0,0.0,0.0,0.0,0.0,0.01,1.6046672281648175,-0.9659258262890683,-0.25881904510252063
agent1,2024-12-16 17:50:00+00:00,14,1,1,1,1,14-17-December.csv,0,0,0,0,0,0,1,0,0,0,0,0,0,0,0,0,0,0,14,1,0,24.56157142857143,25.50641815674661,0.0,0.0,0.0,0.0,0.0,0.0,0.0033333333333333335,0.0,0.0,0.0,0.0,0.0,0.0,0.0,0.0,0.0,0.0,0.0,0.04666666666666667,1.0384684966482267,-0.9659258262890683,-0.25881904510252063
agent1,2024-12-16 17:55:00+00:00,9,1,1,1,1,14-17-December.csv,0,0,0,0,0,0,0,0,0,0,0,0,0,0,0,0,0,0,9,1,0,31.03611111111111,36.74095376226794,0.0,0.0,0.0,0.0,0.0,0.0,0.0,0.0,0.0,0.0,0.0,0.0,0.0,0.0,0.0,0.0,0.0,0.0,0.03,1.1838130631358148,-0.9659258262890683,-0.25881904510252063
agent1,2024-12-16 18:00:00+00:00,8,1,1,1,1,14-17-December.csv,0,0,0,0,0,0,0,0,0,0,0,0,0,0,0,0,0,0,8,1,0,42.300375,36.25691660886434,0.0,0.0,0.0,0.0,0.0,0.0,0.0,0.0,0.0,0.0,0.0,0.0,0.0,0.0,0.0,0.0,0.0,0.0,0.02666666666666667,0.8571299098143772,-1.0,-1.8369701987210297e-16
agent1,2024-12-16 18:05:00+00:00,5,1,1,1,1,14-17-December.csv,0,0,0,0,0,0,0,0,0,0,0,0,0,0,0,0,0,0,5,1,0,40.0062,46.30138290807306,0.0,0.0,0.0,0.0,0.0,0.0,0.0,0.0,0.0,0.0,0.0,0.0,0.0,0.0,0.0,0.0,0.0,0.0,0.016666666666666666,1.157355182648516,-1.0,-1.8369701987210297e-16
agent1,2024-12-16 18:15:00+00:00,2,1,1,1,1,14-17-December.csv,0,0,0,0,0,0,0,0,0,0,0,0,0,0,0,0,0,0,2,1,0,338.991,91.23657376293787,0.0,0.0,0.0,0.0,0.0,0.0,0.0,0.0,0.0,0.0,0.0,0.0,0.0,0.0,0.0,0.0,0.0,0.0,0.006666666666666667,0.26914158123058685,-1.0,-1.8369701987210297e-16
agent1,2024-12-16 18:25:00+00:00,2,1,1,1,1,14-17-December.csv,0,0,0,0,0,0,0,0,0,0,0,0,0,0,0,0,0,0,2,1,0,149.4595,131.73470044183497,0.0,0.0,0.0,0.0,0.0,0.0,0.0,0.0,0.0,0.0,0.0,0.0,0.0,0.0,0.0,0.0,0.0,0.0,0.006666666666666667,0.8814073407299969,-1.0,-1.8369701987210297e-16
agent1,2024-12-16 18:35:00+00:00,3,1,1,1,1,14-17-December.csv,0,0,0,0,0,0,0,0,0,0,0,0,0,0,0,0,0,0,3,1,0,188.048,217.9691915638538,0.0,0.0,0.0,0.0,0.0,0.0,0.0,0.0,0.0,0.0,0.0,0.0,0.0,0.0,0.0,0.0,0.0,0.0,0.01,1.1591146492589859,-1.0,-1.8369701987210297e-16
agent1,2024-12-16 18:55:00+00:00,2,1,1,1,1,14-17-December.csv,0,0,0,0,0,0,0,0,0,0,0,0,0,0,0,0,0,0,2,1,0,303.51,224.666209159277,0.0,0.0,0.0,0.0,0.0,0.0,0.0,0.0,0.0,0.0,0.0,0.0,0.0,0.0,0.0,0.0,0.0,0.0,0.006666666666666667,0.7402267113415605,-1.0,-1.8369701987210297e-16
agent1,2024-12-16 19:00:00+00:00,1,1,1,1,1,14-17-December.csv,0,0,0,0,0,0,0,0,0,0,0,0,0,0,0,0,0,0,1,1,0,356.893,,0.0,0.0,0.0,0.0,0.0,0.0,0.0,0.0,0.0,0.0,0.0,0.0,0.0,0.0,0.0,0.0,0.0,0.0,0.0033333333333333335,0.0,-0.9659258262890684,0.2588190451025203
agent1,2024-12-16 19:10:00+00:00,1,1,1,1,1,14-17-December.csv,0,0,0,0,0,0,0,0,0,0,0,0,0,0,0,0,0,0,1,1,0,547.424,,0.0,0.0,0.0,0.0,0.0,0.0,0.0,0.0,0.0,0.0,0.0,0.0,0.0,0.0,0.0,0.0,0.0,0.0,0.0033333333333333335,0.0,-0.9659258262890684,0.2588190451025203
agent1,2024-12-16 19:30:00+00:00,1,1,1,1,1,14-17-December.csv,0,0,0,0,0,0,0,0,0,0,0,0,0,0,0,0,0,0,1,1,0,194.347,,0.0,0.0,0.0,0.0,0.0,0.0,0.0,0.0,0.0,0.0,0.0,0.0,0.0,0.0,0.0,0.0,0.0,0.0,0.0033333333333333335,0.0,-0.9659258262890684,0.2588190451025203
agent1,2024-12-16 19:45:00+00:00,4,1,1,1,1,14-17-December.csv,0,0,0,0,0,0,0,0,0,0,0,0,0,0,0,0,0,0,4,1,0,266.51,502.2886391780461,0.0,0.0,0.0,0.0,0.0,0.0,0.0,0.0,0.0,0.0,0.0,0.0,0.0,0.0,0.0,0.0,0.0,0.0,0.013333333333333334,1.8846896520882748,-0.9659258262890684,0.2588190451025203
agent1,2024-12-16 19:50:00+00:00,3,1,1,1,1,14-17-December.csv,0,0,0,0,0,0,0,0,0,0,0,0,0,0,0,0,0,0,3,1,0,90.75,78.34091117034572,0.0,0.0,0.0,0.0,0.0,0.0,0.0,0.0,0.0,0.0,0.0,0.0,0.0,0.0,0.0,0.0,0.0,0.0,0.01,0.8632607291498151,-0.9659258262890684,0.2588190451025203
agent1,2024-12-16 20:00:00+00:00,1,1,1,1,1,14-17-December.csv,0,0,0,0,0,0,0,0,0,0,0,0,0,0,0,0,0,0,1,1,0,311.954,,0.0,0.0,0.0,0.0,0.0,0.0,0.0,0.0,0.0,0.0,0.0,0.0,0.0,0.0,0.0,0.0,0.0,0.0,0.0033333333333333335,0.0,-0.8660254037844386,0.5000000000000001
agent1,2024-12-16 20:15:00+00:00,2,1,1,1,1,14-17-December.csv,0,0,0,0,0,0,0,0,0,0,0,0,0,0,0,0,0,0,2,1,0,451.0505,438.84390343321394,0.0,0.0,0.0,0.0,0.0,0.0,0.0,0.0,0.0,0.0,0.0,0.0,0.0,0.0,0.0,0.0,0.0,0.0,0.006666666666666667,0.9729374059738631,-0.8660254037844386,0.5000000000000001
agent1,2024-12-16 20:35:00+00:00,3,1,1,1,1,14-17-December.csv,0,0,0,0,0,0,0,0,0,0,0,0,0,0,0,0,0,0,3,1,0,143.91366666666667,214.22833945660255,0.0,0.0,0.0,0.0,0.0,0.0,0.0,0.0,0.0,0.0,0.0,0.0,0.0,0.0,0.0,0.0,0.0,0.0,0.01,1.488589266179973,-0.8660254037844386,0.5000000000000001
agent1,2024-12-16 20:45:00+00:00,2,1,1,1,1,14-17-December.csv,0,0,0,0,0,0,0,0,0,0,0,0,0,0,0,0,0,0,2,1,0,393.1745,550.2556478769663,0.0,0.0,0.0,0.0,0.0,0.0,0.0,0.0,0.0,0.0,0.0,0.0,0.0,0.0,0.0,0.0,0.0,0.0,0.006666666666666667,1.3995201822014558,-0.8660254037844386,0.5000000000000001
agent1,2024-12-16 20:55:00+00:00,3,1,1,1,1,14-17-December.csv,0,0,0,0,0,0,0,0,0,0,0,0,0,0,0,0,0,0,3,1,0,201.10866666666666,321.1434758831843,0.0,0.0,0.0,0.0,0.0,0.0,0.0,0.0,0.0,0.0,0.0,0.0,0.0,0.0,0.0,0.0,0.0,0.0,0.01,1.5968654220927871,-0.8660254037844386,0.5000000000000001
agent1,2024-12-16 21:00:00+00:00,1,1,1,1,1,14-17-December.csv,0,0,0,0,0,0,0,0,0,0,0,0,0,0,0,0,0,0,1,1,0,269.499,,0.0,0.0,0.0,0.0,0.0,0.0,0.0,0.0,0.0,0.0,0.0,0.0,0.0,0.0,0.0,0.0,0.0,0.0,0.0033333333333333335,0.0,-0.7071067811865477,0.7071067811865474
agent1,2024-12-16 21:15:00+00:00,2,1,1,1,1,14-17-December.csv,0,0,0,0,0,0,0,0,0,0,0,0,0,0,0,0,0,0,2,1,0,390.099,506.9644494123824,0.0,0.0,0.0,0.0,0.0,0.0,0.0,0.0,0.0,0.0,0.0,0.0,0.0,0.0,0.0,0.0,0.0,0.0,0.006666666666666667,1.2995789515286695,-0.7071067811865477,0.7071067811865474
agent1,2024-12-16 21:40:00+00:00,1,1,1,1,1,14-17-December.csv,0,0,0,0,0,0,0,0,0,0,0,0,0,0,0,0,0,0,1,1,0,858.404,,0.0,0.0,0.0,0.0,0.0,0.0,0.0,0.0,0.0,0.0,0.0,0.0,0.0,0.0,0.0,0.0,0.0,0.0,0.0033333333333333335,0.0,-0.7071067811865477,0.7071067811865474
agent1,2024-12-16 21:45:00+00:00,3,1,1,1,1,14-17-December.csv,0,0,0,0,0,0,0,0,0,0,0,0,0,0,0,0,0,0,3,1,0,105.894,125.93352465884531,0.0,0.0,0.0,0.0,0.0,0.0,0.0,0.0,0.0,0.0,0.0,0.0,0.0,0.0,0.0,0.0,0.0,0.0,0.01,1.1892413607838528,-0.7071067811865477,0.7071067811865474
agent1,2024-12-16 22:00:00+00:00,3,1,1,1,1,14-17-December.csv,0,0,0,0,0,0,0,0,0,0,0,0,0,0,0,0,0,0,3,1,0,251.67933333333335,299.3754631634552,0.0,0.0,0.0,0.0,0.0,0.0,0.0,0.0,0.0,0.0,0.0,0.0,0.0,0.0,0.0,0.0,0.0,0.0,0.01,1.1895115073550808,-0.5000000000000004,0.8660254037844384
agent1,2024-12-16 22:15:00+00:00,2,1,1,1,1,14-17-December.csv,0,0,0,0,0,0,0,0,0,0,0,0,0,0,0,0,0,0,2,1,0,198.14749999999998,221.3477570351685,0.0,0.0,0.0,0.0,0.0,0.0,0.0,0.0,0.0,0.0,0.0,0.0,0.0,0.0,0.0,0.0,0.0,0.0,0.006666666666666667,1.1170857923272741,-0.5000000000000004,0.8660254037844384
agent1,2024-12-16 22:45:00+00:00,1,1,1,1,1,14-17-December.csv,0,0,0,0,0,0,0,0,0,0,0,0,0,0,0,0,0,0,1,1,0,479.256,,0.0,0.0,0.0,0.0,0.0,0.0,0.0,0.0,0.0,0.0,0.0,0.0,0.0,0.0,0.0,0.0,0.0,0.0,0.0033333333333333335,0.0,-0.5000000000000004,0.8660254037844384
agent1,2024-12-16 22:55:00+00:00,2,1,1,1,1,14-17-December.csv,0,0,0,0,0,0,0,0,0,0,0,0,0,0,0,0,0,0,2,1,0,216.1655,246.60136861846487,0.0,0.0,0.0,0.0,0.0,0.0,0.0,0.0,0.0,0.0,0.0,0.0,0.0,0.0,0.0,0.0,0.0,0.0,0.006666666666666667,1.1407989185067222,-0.5000000000000004,0.8660254037844384
agent1,2024-12-16 23:00:00+00:00,1,1,1,1,1,14-17-December.csv,0,0,0,0,0,0,0,0,0,0,0,0,0,0,0,0,0,0,1,1,0,350.821,,0.0,0.0,0.0,0.0,0.0,0.0,0.0,0.0,0.0,0.0,0.0,0.0,0.0,0.0,0.0,0.0,0.0,0.0,0.0033333333333333335,0.0,-0.25881904510252157,0.9659258262890681
agent1,2024-12-16 23:45:00+00:00,2,1,1,1,1,14-17-December.csv,0,0,0,0,0,0,0,0,0,0,0,0,0,0,0,0,0,0,2,1,0,277.092,332.755965945015,0.0,0.0,0.0,0.0,0.0,0.0,0.0,0.0,0.0,0.0,0.0,0.0,0.0,0.0,0.0,0.0,0.0,0.0,0.006666666666666667,1.200886225315112,-0.25881904510252157,0.9659258262890681
agent1,2024-12-17 00:00:00+00:00,1,1,1,1,1,14-17-December.csv,0,0,0,0,0,0,0,0,0,0,0,0,0,0,0,0,0,0,1,1,0,741.484,,0.0,0.0,0.0,0.0,0.0,0.0,0.0,0.0,0.0,0.0,0.0,0.0,0.0,0.0,0.0,0.0,0.0,0.0,0.0033333333333333335,0.0,0.0,1.0
agent1,2024-12-17 00:15:00+00:00,2,1,1,1,1,14-17-December.csv,0,0,0,0,0,0,0,0,0,0,0,0,0,0,0,0,0,0,2,1,0,291.4555,352.8031502984348,0.0,0.0,0.0,0.0,0.0,0.0,0.0,0.0,0.0,0.0,0.0,0.0,0.0,0.0,0.0,0.0,0.0,0.0,0.006666666666666667,1.2104871937514812,0.0,1.0
agent1,2024-12-17 00:25:00+00:00,2,1,1,1,1,14-17-December.csv,0,0,0,0,0,0,0,0,0,0,0,0,0,0,0,0,0,0,2,1,0,228.2355,279.7151791814309,0.0,0.0,0.0,0.0,0.0,0.0,0.0,0.0,0.0,0.0,0.0,0.0,0.0,0.0,0.0,0.0,0.0,0.0,0.006666666666666667,1.2255550919179135,0.0,1.0
agent1,2024-12-17 00:45:00+00:00,1,1,1,1,1,14-17-December.csv,0,0,0,0,0,0,0,0,0,0,0,0,0,0,0,0,0,0,1,1,0,812.518,,0.0,0.0,0.0,0.0,0.0,0.0,0.0,0.0,0.0,0.0,0.0,0.0,0.0,0.0,0.0,0.0,0.0,0.0,0.0033333333333333335,0.0,0.0,1.0
agent1,2024-12-17 01:00:00+00:00,3,1,1,1,1,14-17-December.csv,0,0,0,0,0,0,0,0,0,0,0,0,0,0,0,0,0,0,3,1,0,246.24799999999996,250.810692190345,0.0,0.0,0.0,0.0,0.0,0.0,0.0,0.0,0.0,0.0,0.0,0.0,0.0,0.0,0.0,0.0,0.0,0.0,0.01,1.0185288497382519,0.25881904510252074,0.9659258262890683
agent1,2024-12-17 01:20:00+00:00,3,1,1,1,1,14-17-December.csv,0,0,0,0,0,0,0,0,0,0,0,0,0,0,0,0,0,0,3,1,0,342.15166666666664,546.7864529616048,0.0,0.0,0.0,0.0,0.0,0.0,0.0,0.0,0.0,0.0,0.0,0.0,0.0,0.0,0.0,0.0,0.0,0.0,0.01,1.598082097008456,0.25881904510252074,0.9659258262890683
agent1,2024-12-17 01:30:00+00:00,3,1,1,1,1,14-17-December.csv,0,0,0,0,0,0,0,0,0,0,0,0,0,0,0,0,0,0,3,1,0,186.886,233.87686347306783,0.0,0.0,0.0,0.0,0.0,0.0,0.0,0.0,0.0,0.0,0.0,0.0,0.0,0.0,0.0,0.0,0.0,0.0,0.01,1.2514413250487881,0.25881904510252074,0.9659258262890683
agent1,2024-12-17 12:55:00+00:00,33,1,1,1,1,14-17-December.csv,0,0,0,0,0,0,0,0,0,0,0,0,0,0,0,0,0,0,33,1,0,1242.6094242424244,7133.360747757141,0.0,0.0,0.0,0.0,0.0,0.0,0.0,0.0,0.0,0.0,0.0,0.0,0.0,0.0,0.0,0.0,0.0,0.0,0.11,5.740629846024307,1.2246467991473532e-16,-1.0
agent1,2024-12-17 13:00:00+00:00,47,1,1,1,1,14-17-December.csv,0,0,0,0,0,0,0,0,0,0,0,0,0,0,0,0,0,0,47,1,0,3.2982340425531915,8.208579963017398,0.0,0.0,0.0,0.0,0.0,0.0,0.0,0.0,0.0,0.0,0.0,0.0,0.0,0.0,0.0,0.0,0.0,0.0,0.15666666666666668,2.4887803161060895,-0.2588190451025208,-0.9659258262890683
agent1,2024-12-22 09:00:00+00:00,31,1,0,1,1,22-December.csv,0,0,0,0,0,0,1,0,0,0,0,0,0,0,0,0,0,0,0,1,0,13451.318161290323,74847.9085164103,0.0,0.0,0.0,0.0,0.0,0.0,0.0033333333333333335,0.0,0.0,0.0,0.0,0.0,0.0,0.0,0.0,0.0,0.0,0.0,0.0,5.564354929303857,0.7071067811865476,-0.7071067811865475
agent1,2024-12-22 09:05:00+00:00,13,1,0,1,1,22-December.csv,0,0,0,0,0,0,0,0,0,0,0,0,0,0,0,0,0,0,0,1,0,24.005692307692307,23.264918559154736,0.0,0.0,0.0,0.0,0.0,0.0,0.0,0.0,0.0,0.0,0.0,0.0,0.0,0.0,0.0,0.0,0.0,0.0,0.0,0.9691417460891057,0.7071067811865476,-0.7071067811865475
agent1,2024-12-22 09:15:00+00:00,15,1,0,1,1,22-December.csv,0,0,0,0,0,0,0,0,0,0,0,0,0,0,0,0,0,0,0,1,0,19.123,26.980690603254974,0.0,0.0,0.0,0.0,0.0,0.0,0.0,0.0,0.0,0.0,0.0,0.0,0.0,0.0,0.0,0.0,0.0,0.0,0.0,1.41090260959342,0.7071067811865476,-0.7071067811865475
agent1,2024-12-22 09:20:00+00:00,15,1,0,1,1,22-December.csv,0,0,0,0,0,0,0,0,0,0,0,0,0,0,0,0,0,0,0,1,0,19.5014,26.73744526956263,0.0,0.0,0.0,0.0,0.0,0.0,0.0,0.0,0.0,0.0,0.0,0.0,0.0,0.0,0.0,0.0,0.0,0.0,0.0,1.3710526049187561,0.7071067811865476,-0.7071067811865475
agent1,2024-12-22 09:30:00+00:00,10,1,0,1,1,22-December.csv,0,0,0,0,0,0,0,0,0,0,0,0,0,0,0,0,0,0,0,1,0,34.487700000000004,39.87903545320245,0.0,0.0,0.0,0.0,0.0,0.0,0.0,0.0,0.0,0.0,0.0,0.0,0.0,0.0,0.0,0.0,0.0,0.0,0.0,1.156326326580272,0.7071067811865476,-0.7071067811865475
agent1,2024-12-22 09:35:00+00:00,19,1,0,1,1,22-December.csv,0,0,0,0,0,0,0,0,0,0,0,0,0,0,0,0,0,0,0,1,0,16.409736842105264,25.800074588268803,0.0,0.0,0.0,0.0,0.0,0.0,0.0,0.0,0.0,0.0,0.0,0.0,0.0,0.0,0.0,0.0,0.0,0.0,0.0,1.5722418242606515,0.7071067811865476,-0.7071067811865475
agent1,2024-12-22 09:45:00+00:00,3,1,0,1,1,22-December.csv,0,0,0,0,0,0,0,0,0,0,0,0,0,0,0,0,0,0,0,1,0,131.40066666666667,89.8605737480756,0.0,0.0,0.0,0.0,0.0,0.0,0.0,0.0,0.0,0.0,0.0,0.0,0.0,0.0,0.0,0.0,0.0,0.0,0.0,0.6838669546177513,0.7071067811865476,-0.7071067811865475
agent1,2024-12-22 10:00:00+00:00,4,1,0,1,1,22-December.csv,0,0,0,0,0,0,0,0,0,0,0,0,0,0,0,0,0,0,0,1,0,194.47224999999997,278.54882666105414,0.0,0.0,0.0,0.0,0.0,0.0,0.0,0.0,0.0,0.0,0.0,0.0,0.0,0.0,0.0,0.0,0.0,0.0,0.0,1.4323319993523713,0.49999999999999994,-0.8660254037844387
agent1,2024-12-22 10:15:00+00:00,1,1,0,1,1,22-December.csv,0,0,0,0,0,0,0,0,0,0,0,0,0,0,0,0,0,0,0,1,0,666.501,,0.0,0.0,0.0,0.0,0.0,0.0,0.0,0.0,0.0,0.0,0.0,0.0,0.0,0.0,0.0,0.0,0.0,0.0,0.0,0.0,0.49999999999999994,-0.8660254037844387
agent1,2024-12-22 10:25:00+00:00,2,1,0,1,1,22-December.csv,0,0,0,0,0,0,0,0,0,0,0,0,0,0,0,0,0,0,0,1,0,177.3335,246.61268232696386,0.0,0.0,0.0,0.0,0.0,0.0,0.0,0.0,0.0,0.0,0.0,0.0,0.0,0.0,0.0,0.0,0.0,0.0,0.0,1.3906717136184865,0.49999999999999994,-0.8660254037844387
agent1,2024-12-22 10:30:00+00:00,3,1,0,1,1,22-December.csv,0,0,0,0,0,0,0,0,0,0,0,0,0,0,0,0,0,0,0,1,0,128.016,111.04857337219603,0.0,0.0,0.0,0.0,0.0,0.0,0.0,0.0,0.0,0.0,0.0,0.0,0.0,0.0,0.0,0.0,0.0,0.0,0.0,0.8674585471518875,0.49999999999999994,-0.8660254037844387
agent1,2024-12-22 10:40:00+00:00,2,1,0,1,1,22-December.csv,0,0,0,0,0,0,0,0,0,0,0,0,0,0,0,0,0,0,0,1,0,302.8995,425.0171374338922,0.0,0.0,0.0,0.0,0.0,0.0,0.0,0.0,0.0,0.0,0.0,0.0,0.0,0.0,0.0,0.0,0.0,0.0,0.0,1.4031622285077796,0.49999999999999994,-0.8660254037844387
agent1,2024-12-22 10:45:00+00:00,2,1,0,1,1,22-December.csv,0,0,0,0,0,0,0,0,0,0,0,0,0,0,0,0,0,0,0,1,0,154.2405,88.07792777137753,0.0,0.0,0.0,0.0,0.0,0.0,0.0,0.0,0.0,0.0,0.0,0.0,0.0,0.0,0.0,0.0,0.0,0.0,0.0,0.5710428050439251,0.49999999999999994,-0.8660254037844387
agent1,2024-12-22 11:00:00+00:00,26,1,0,1,1,22-December.csv,0,0,0,0,0,0,0,0,0,0,0,0,0,0,0,0,0,0,0,1,0,34.77011538461539,142.14221990058462,0.0,0.0,0.0,0.0,0.0,0.0,0.0,0.0,0.0,0.0,0.0,0.0,0.0,0.0,0.0,0.0,0.0,0.0,0.0,4.088057181526576,0.258819045102521,-0.9659258262890682
agent1,2024-12-22 11:05:00+00:00,23,1,0,1,1,22-December.csv,0,0,0,0,0,0,0,0,0,0,0,0,0,0,0,0,0,0,0,1,0,4.598173913043478,11.007519350021907,0.0,0.0,0.0,0.0,0.0,0.0,0.0,0.0,0.0,0.0,0.0,0.0,0.0,0.0,0.0,0.0,0.0,0.0,0.0,2.3938893043599903,0.258819045102521,-0.9659258262890682
agent1,2024-12-22 11:10:00+00:00,94,1,0,1,1,22-December.csv,0,0,0,0,0,0,0,0,0,0,0,0,0,0,0,0,0,0,0,1,0,5.6553297872340424,32.741009879718646,0.0,0.0,0.0,0.0,0.0,0.0,0.0,0.0,0.0,0.0,0.0,0.0,0.0,0.0,0.0,0.0,0.0,0.0,0.0,5.789407711222426,0.258819045102521,-0.9659258262890682
agent1,2024-12-22 11:15:00+00:00,15,1,0,1,1,22-December.csv,0,0,0,0,0,0,0,0,0,0,0,0,0,0,0,0,0,0,0,1,0,18.134800000000002,39.04646659192462,0.0,0.0,0.0,0.0,0.0,0.0,0.0,0.0,0.0,0.0,0.0,0.0,0.0,0.0,0.0,0.0,0.0,0.0,0.0,2.153123640289643,0.258819045102521,-0.9659258262890682
agent1,2024-12-22 11:20:00+00:00,32,1,0,1,1,22-December.csv,0,0,0,0,0,0,0,0,0,0,0,0,0,0,0,0,0,0,0,1,0,10.3963125,33.758375501197314,0.0,0.0,0.0,0.0,0.0,0.0,0.0,0.0,0.0,0.0,0.0,0.0,0.0,0.0,0.0,0.0,0.0,0.0,0.0,3.247148977216423,0.258819045102521,-0.9659258262890682
agent1,2024-12-22 11:25:00+00:00,19,1,0,1,1,22-December.csv,0,0,0,0,0,0,0,0,0,0,0,0,0,0,0,0,0,0,0,1,0,15.760947368421052,49.375696276917544,0.0,0.0,0.0,0.0,0.0,0.0,0.0,0.0,0.0,0.0,0.0,0.0,0.0,0.0,0.0,0.0,0.0,0.0,0.0,3.13278733332031,0.258819045102521,-0.9659258262890682
agent1,2024-12-22 11:30:00+00:00,22,1,0,1,1,22-December.csv,0,0,0,0,0,0,1,0,0,0,0,0,0,0,0,0,0,0,0,1,0,11.932727272727272,14.097236761260355,0.0,0.0,0.0,0.0,0.0,0.0,0.0033333333333333335,0.0,0.0,0.0,0.0,0.0,0.0,0.0,0.0,0.0,0.0,0.0,0.0,1.1813926891197921,0.258819045102521,-0.9659258262890682
agent1,2024-12-22 11:35:00+00:00,2,1,0,1,1,22-December.csv,0,0,0,0,0,0,0,0,0,0,0,0,0,0,0,0,0,0,0,1,0,165.70350000000002,22.95622165122128,0.0,0.0,0.0,0.0,0.0,0.0,0.0,0.0,0.0,0.0,0.0,0.0,0.0,0.0,0.0,0.0,0.0,0.0,0.0,0.138537940666439,0.258819045102521,-0.9659258262890682
agent1,2024-12-22 11:45:00+00:00,1,1,0,1,1,22-December.csv,0,0,0,0,0,0,0,0,0,0,0,0,0,0,0,0,0,0,0,1,0,295.805,,0.0,0.0,0.0,0.0,0.0,0.0,0.0,0.0,0.0,0.0,0.0,0.0,0.0,0.0,0.0,0.0,0.0,0.0,0.0,0.0,0.258819045102521,-0.9659258262890682
agent1,2024-12-22 11:55:00+00:00,12,1,0,1,1,22-December.csv,0,0,0,0,0,0,0,0,0,0,0,0,0,0,0,0,0,0,0,1,0,29.4245,81.4314217223749,0.0,0.0,0.0,0.0,0.0,0.0,0.0,0.0,0.0,0.0,0.0,0.0,0.0,0.0,0.0,0.0,0.0,0.0,0.0,2.7674700240403376,0.258819045102521,-0.9659258262890682
agent1,2024-12-22 12:00:00+00:00,6,1,0,1,1,22-December.csv,0,0,0,0,0,0,0,0,0,0,0,0,0,0,0,0,0,0,0,1,0,50.26149999999999,44.68922025164457,0.0,0.0,0.0,0.0,0.0,0.0,0.0,0.0,0.0,0.0,0.0,0.0,0.0,0.0,0.0,0.0,0.0,0.0,0.0,0.8891342329943313,1.2246467991473532e-16,-1.0
agent1,2024-12-22 12:25:00+00:00,1,1,0,1,1,22-December.csv,0,0,0,0,0,0,0,0,0,0,0,0,0,0,0,0,0,0,0,1,0,392.032,,0.0,0.0,0.0,0.0,0.0,0.0,0.0,0.0,0.0,0.0,0.0,0.0,0.0,0.0,0.0,0.0,0.0,0.0,0.0,0.0,1.2246467991473532e-16,-1.0
agent1,2024-12-22 12:50:00+00:00,3,1,0,1,1,22-December.csv,0,0,0,0,0,0,0,0,0,0,0,0,0,0,0,0,0,0,0,1,0,447.47066666666666,664.6237987194961,0.0,0.0,0.0,0.0,0.0,0.0,0.0,0.0,0.0,0.0,0.0,0.0,0.0,0.0,0.0,0.0,0.0,0.0,0.0,1.485290206105494,1.2246467991473532e-16,-1.0
agent1,2024-12-22 12:55:00+00:00,2,1,0,1,1,22-December.csv,0,0,0,0,0,0,0,0,0,0,0,0,0,0,0,0,0,0,0,1,0,57.280499999999996,53.69132500227573,0.0,0.0,0.0,0.0,0.0,0.0,0.0,0.0,0.0,0.0,0.0,0.0,0.0,0.0,0.0,0.0,0.0,0.0,0.0,0.9373403689261744,1.2246467991473532e-16,-1.0
agent1,2024-12-22 13:00:00+00:00,3,1,0,1,1,22-December.csv,0,0,0,0,0,0,0,0,0,0,0,0,0,0,0,0,0,0,0,1,0,150.86333333333334,124.9234818372164,0.0,0.0,0.0,0.0,0.0,0.0,0.0,0.0,0.0,0.0,0.0,0.0,0.0,0.0,0.0,0.0,0.0,0.0,0.0,0.8280572825551805,-0.2588190451025208,-0.9659258262890683
agent1,2024-12-22 13:10:00+00:00,2,1,0,1,1,22-December.csv,0,0,0,0,0,0,0,0,0,0,0,0,0,0,0,0,0,0,0,1,0,223.496,268.7896723053176,0.0,0.0,0.0,0.0,0.0,0.0,0.0,0.0,0.0,0.0,0.0,0.0,0.0,0.0,0.0,0.0,0.0,0.0,0.0,1.2026598789478002,-0.2588190451025208,-0.9659258262890683
agent1,2024-12-22 13:15:00+00:00,2,1,0,1,1,22-December.csv,0,0,0,0,0,0,0,0,0,0,0,0,0,0,0,0,0,0,0,1,0,201.839,239.59464752368737,0.0,0.0,0.0,0.0,0.0,0.0,0.0,0.0,0.0,0.0,0.0,0.0,0.0,0.0,0.0,0.0,0.0,0.0,0.0,1.1870582371280445,-0.2588190451025208,-0.9659258262890683
agent1,2024-12-22 13:30:00+00:00,4,1,0,1,1,22-December.csv,0,0,0,0,0,0,0,0,0,0,0,0,0,0,0,0,0,0,0,1,0,174.38125,290.5972573010913,0.0,0.0,0.0,0.0,0.0,0.0,0.0,0.0,0.0,0.0,0.0,0.0,0.0,0.0,0.0,0.0,0.0,0.0,0.0,1.6664478394385367,-0.2588190451025208,-0.9659258262890683
agent1,2024-12-22 13:55:00+00:00,3,1,0,1,1,22-December.csv,0,0,0,0,0,0,0,0,0,0,0,0,0,0,0,0,0,0,0,1,0,91.91466666666666,120.6556057227899,0.0,0.0,0.0,0.0,0.0,0.0,0.0,0.0,0.0,0.0,0.0,0.0,0.0,0.0,0.0,0.0,0.0,0.0,0.0,1.3126915442162648,-0.2588190451025208,-0.9659258262890683
agent1,2024-12-22 14:00:00+00:00,5,1,0,1,1,22-December.csv,0,0,0,0,0,0,0,0,0,0,0,0,0,0,0,0,0,0,0,1,0,58.5542,45.957642777888424,0.0,0.0,0.0,0.0,0.0,0.0,0.0,0.0,0.0,0.0,0.0,0.0,0.0,0.0,0.0,0.0,0.0,0.0,0.0,0.78487354925673,-0.4999999999999997,-0.8660254037844388
agent1,2024-12-22 14:10:00+00:00,2,1,0,1,1,22-December.csv,0,0,0,0,0,0,0,0,0,0,0,0,0,0,0,0,0,0,0,1,0,241.3755,282.0302467830357,0.0,0.0,0.0,0.0,0.0,0.0,0.0,0.0,0.0,0.0,0.0,0.0,0.0,0.0,0.0,0.0,0.0,0.0,0.0,1.1684294668805895,-0.4999999999999997,-0.8660254037844388
agent1,2024-12-22 14:15:00+00:00,3,1,0,1,1,22-December.csv,0,0,0,0,0,0,0,0,0,0,0,0,0,0,0,0,0,0,0,1,0,117.46133333333334,167.81767370075576,0.0,0.0,0.0,0.0,0.0,0.0,0.0,0.0,0.0,0.0,0.0,0.0,0.0,0.0,0.0,0.0,0.0,0.0,0.0,1.428705676484367,-0.4999999999999997,-0.8660254037844388
wazuh-agent,2024-11-07 07:20:00+00:00,400,1,1,1,1,1-11-November.csv,0,0,0,0,0,0,0,0,0,0,0,0,0,0,0,0,0,0,400,1,0,0.13850375939849624,1.1264837114319537,0.0,0.0,0.0,0.0,0.0,0.0,0.0,0.0,0.0,0.0,0.0,0.0,0.0,0.0,0.0,0.0,0.0,0.0,1.3333333333333333,8.133235634354804,0.9659258262890683,-0.25881904510252063
wazuh-agent,2024-11-07 08:20:00+00:00,32,7,1,2,1,1-11-November.csv,29,0,0,0,0,0,0,1,0,0,0,0,0,0,0,0,0,0,32,7,0,14.79628125,82.03270567682307,0.09666666666666666,0.0,0.0,0.0,0.0,0.0,0.0,0.0033333333333333335,0.0,0.0,0.0,0.0,0.0,0.0,0.0,0.0,0.0,0.0,0.10666666666666667,5.544143443260317,0.8660254037844387,-0.4999999999999998
wazuh-agent,2024-11-07 08:25:00+00:00,23,10,1,5,1,1-11-November.csv,19,0,0,0,0,0,0,4,0,0,0,0,0,0,3,0,2,0,23,12,0,12.565521739130435,25.148985347089898,0.06333333333333334,0.0,0.0,0.0,0.0,0.0,0.0,0.013333333333333334,0.0,0.0,0.0,0.0,0.0,0.0,0.01,0.0,0.006666666666666667,0.0,0.07666666666666666,2.0014278650104242,0.8660254037844387,-0.4999999999999998
wazuh-agent,2024-11-07 08:30:00+00:00,14,5,1,6,1,1-11-November.csv,7,0,0,0,0,0,0,5,0,0,0,0,0,2,0,0,5,0,14,6,0,24.02528571428571,31.483401227236627,0.023333333333333334,0.0,0.0,0.0,0.0,0.0,0.0,0.016666666666666666,0.0,0.0,0.0,0.0,0.0,0.006666666666666667,0.0,0.0,0.016666666666666666,0.0,0.04666666666666667,1.3104277552260797,0.8660254037844387,-0.4999999999999998
wazuh-agent,2024-11-07 08:40:00+00:00,14,8,1,5,1,1-11-November.csv,9,0,0,0,0,0,0,4,0,0,0,0,0,0,0,0,4,0,14,8,0,23.718357142857144,24.13899083865751,0.03,0.0,0.0,0.0,0.0,0.0,0.0,0.013333333333333334,0.0,0.0,0.0,0.0,0.0,0.0,0.0,0.0,0.013333333333333334,0.0,0.04666666666666667,1.0177345207033885,0.8660254037844387,-0.4999999999999998
wazuh-agent,2024-11-07 09:05:00+00:00,15,4,1,10,1,1-11-November.csv,4,0,0,0,0,0,0,11,0,0,0,0,0,0,0,0,10,0,15,5,0,19.6446,28.40744911563062,0.013333333333333334,0.0,0.0,0.0,0.0,0.0,0.0,0.03666666666666667,0.0,0.0,0.0,0.0,0.0,0.0,0.0,0.0,0.03333333333333333,0.0,0.05,1.446069103755262,0.7071067811865476,-0.7071067811865475
wazuh-agent,2024-11-07 09:10:00+00:00,28,11,1,7,1,1-11-November.csv,16,0,0,0,0,0,0,6,2,0,0,0,0,3,3,0,3,2,28,13,0,10.986214285714285,21.353519011502605,0.05333333333333334,0.0,0.0,0.0,0.0,0.0,0.0,0.02,0.006666666666666667,0.0,0.0,0.0,0.0,0.01,0.01,0.0,0.01,0.006666666666666667,0.09333333333333334,1.9436648927619453,0.7071067811865476,-0.7071067811865475
wazuh-agent,2024-11-07 09:15:00+00:00,12,7,1,7,1,1-11-November.csv,4,0,0,0,0,0,0,6,1,0,0,0,0,1,0,0,5,1,12,8,0,25.6705,27.561378008497197,0.013333333333333334,0.0,0.0,0.0,0.0,0.0,0.0,0.02,0.0033333333333333335,0.0,0.0,0.0,0.0,0.0033333333333333335,0.0,0.0,0.016666666666666666,0.0033333333333333335,0.04,1.0736595706549228,0.7071067811865476,-0.7071067811865475
wazuh-agent,2024-11-07 09:30:00+00:00,32,12,1,17,1,1-11-November.csv,15,0,0,0,0,0,0,16,0,0,0,0,0,3,4,0,14,0,32,14,0,7.5028125,17.75701763762892,0.05,0.0,0.0,0.0,0.0,0.0,0.0,0.05333333333333334,0.0,0.0,0.0,0.0,0.0,0.01,0.013333333333333334,0.0,0.04666666666666667,0.0,0.10666666666666667,2.366714833621248,0.7071067811865476,-0.7071067811865475
wazuh-agent,2024-11-07 09:40:00+00:00,11,6,1,4,1,1-11-November.csv,7,0,0,0,0,0,0,3,0,0,0,0,0,0,0,0,3,0,11,6,0,26.74,25.015568716301452,0.023333333333333334,0.0,0.0,0.0,0.0,0.0,0.0,0.01,0.0,0.0,0.0,0.0,0.0,0.0,0.0,0.0,0.01,0.0,0.03666666666666667,0.9355111711406676,0.7071067811865476,-0.7071067811865475
wazuh-agent,2024-11-07 09:45:00+00:00,6,3,1,6,1,1-11-November.csv,1,0,0,0,0,0,0,5,0,0,0,0,0,0,0,0,4,0,6,3,0,49.017833333333336,28.099078272546,0.0033333333333333335,0.0,0.0,0.0,0.0,0.0,0.0,0.016666666666666666,0.0,0.0,0.0,0.0,0.0,0.0,0.0,0.0,0.013333333333333334,0.0,0.02,0.5732419481184602,0.7071067811865476,-0.7071067811865475
wazuh-agent,2024-11-07 10:30:00+00:00,15,5,1,6,1,1-11-November.csv,10,0,0,0,0,0,0,5,0,0,0,0,0,0,6,0,4,0,15,6,0,19.272,28.188426130493443,0.03333333333333333,0.0,0.0,0.0,0.0,0.0,0.0,0.016666666666666666,0.0,0.0,0.0,0.0,0.0,0.0,0.02,0.0,0.013333333333333334,0.0,0.05,1.4626622110052638,0.49999999999999994,-0.8660254037844387
wazuh-agent,2024-11-07 10:35:00+00:00,13,7,1,6,1,1-11-November.csv,8,0,0,0,0,0,0,5,0,0,0,0,0,2,0,0,5,0,13,8,0,25.456846153846154,27.72905928457892,0.02666666666666667,0.0,0.0,0.0,0.0,0.0,0.0,0.016666666666666666,0.0,0.0,0.0,0.0,0.0,0.006666666666666667,0.0,0.0,0.016666666666666666,0.0,0.043333333333333335,1.0892574483500765,0.49999999999999994,-0.8660254037844387
wazuh-agent,2024-11-07 11:25:00+00:00,30,11,1,16,1,1-11-November.csv,14,0,0,0,0,0,0,15,0,0,0,0,0,3,3,0,11,0,30,13,0,10.007033333333334,26.23770843847265,0.04666666666666667,0.0,0.0,0.0,0.0,0.0,0.0,0.05,0.0,0.0,0.0,0.0,0.0,0.01,0.01,0.0,0.03666666666666667,0.0,0.1,2.6219267553626597,0.258819045102521,-0.9659258262890682
wazuh-agent,2024-11-07 11:30:00+00:00,10,4,1,7,1,1-11-November.csv,4,0,0,0,0,0,0,6,0,0,0,0,0,2,0,0,5,0,10,5,0,30.1113,29.182252951827493,0.013333333333333334,0.0,0.0,0.0,0.0,0.0,0.0,0.02,0.0,0.0,0.0,0.0,0.0,0.006666666666666667,0.0,0.0,0.016666666666666666,0.0,0.03333333333333333,0.9691462325381998,0.258819045102521,-0.9659258262890682
wazuh-agent,2024-11-07 12:05:00+00:00,19,6,1,10,1,1-11-November.csv,7,0,0,0,0,0,0,11,0,0,0,0,0,1,0,0,10,0,19,9,0,16.478105263157897,23.72726153814248,0.023333333333333334,0.0,0.0,0.0,0.0,0.0,0.0,0.03666666666666667,0.0,0.0,0.0,0.0,0.0,0.0033333333333333335,0.0,0.0,0.03333333333333333,0.0,0.06333333333333334,1.439926566751118,1.2246467991473532e-16,-1.0
wazuh-agent,2024-11-07 12:10:00+00:00,9,2,1,9,1,1-11-November.csv,1,0,0,0,0,0,0,8,0,0,0,0,0,1,0,0,7,0,9,3,0,34.577333333333335,26.395162108803195,0.0033333333333333335,0.0,0.0,0.0,0.0,0.0,0.0,0.02666666666666667,0.0,0.0,0.0,0.0,0.0,0.0033333333333333335,0.0,0.0,0.023333333333333334,0.0,0.03,0.7633660425559092,1.2246467991473532e-16,-1.0
wazuh-agent,2024-11-07 12:15:00+00:00,9,4,1,6,1,1-11-November.csv,4,0,0,0,0,0,0,5,0,0,0,0,0,1,0,0,3,0,9,5,0,31.599999999999998,35.23042408203455,0.013333333333333334,0.0,0.0,0.0,0.0,0.0,0.0,0.016666666666666666,0.0,0.0,0.0,0.0,0.0,0.0033333333333333335,0.0,0.0,0.01,0.0,0.03,1.1148868380390682,1.2246467991473532e-16,-1.0
wazuh-agent,2024-11-07 12:25:00+00:00,14,5,1,7,1,1-11-November.csv,2,0,0,0,0,0,0,6,0,0,0,0,0,0,0,0,6,0,14,5,0,18.500928571428574,20.58606296451852,0.006666666666666667,0.0,0.0,0.0,0.0,0.0,0.0,0.02,0.0,0.0,0.0,0.0,0.0,0.0,0.0,0.0,0.02,0.0,0.04666666666666667,1.112704310220951,1.2246467991473532e-16,-1.0
wazuh-agent,2024-11-07 12:55:00+00:00,18,7,2,5,1,1-11-November.csv,6,2,0,0,0,0,0,4,0,0,0,0,0,0,0,0,4,0,16,7,1,16.442166666666665,22.029582168075727,0.02,0.006666666666666667,0.0,0.0,0.0,0.0,0.0,0.013333333333333334,0.0,0.0,0.0,0.0,0.0,0.0,0.0,0.0,0.013333333333333334,0.0,0.05333333333333334,1.3398223369634412,1.2246467991473532e-16,-1.0
wazuh-agent,2024-11-07 13:05:00+00:00,32,2,1,28,1,1-11-November.csv,0,0,0,0,0,0,0,27,0,0,0,0,0,0,0,0,0,0,32,2,0,10.2150625,42.755122292586556,0.0,0.0,0.0,0.0,0.0,0.0,0.0,0.09,0.0,0.0,0.0,0.0,0.0,0.0,0.0,0.0,0.0,0.0,0.10666666666666667,4.185497865782667,-0.2588190451025208,-0.9659258262890683
wazuh-agent,2024-11-07 13:20:00+00:00,26,9,1,8,1,1-11-November.csv,12,0,0,0,0,0,0,8,0,0,0,0,0,2,3,0,6,0,26,11,0,27.82023076923077,91.54180309751723,0.04,0.0,0.0,0.0,0.0,0.0,0.0,0.02666666666666667,0.0,0.0,0.0,0.0,0.0,0.006666666666666667,0.01,0.0,0.02,0.0,0.08666666666666667,3.2904760516495304,-0.2588190451025208,-0.9659258262890683
wazuh-agent,2024-11-07 13:25:00+00:00,12,6,1,5,1,1-11-November.csv,7,0,0,0,0,0,0,4,0,0,0,0,0,2,0,0,3,0,12,7,0,23.664083333333334,24.558691623642158,0.023333333333333334,0.0,0.0,0.0,0.0,0.0,0.0,0.013333333333333334,0.0,0.0,0.0,0.0,0.0,0.006666666666666667,0.0,0.0,0.01,0.0,0.04,1.0378044768397463,-0.2588190451025208,-0.9659258262890683
wazuh-agent,2024-11-07 15:05:00+00:00,1,1,1,1,1,1-11-November.csv,0,0,0,0,0,0,0,0,0,0,0,0,0,0,0,0,0,0,1,1,0,700.989,,0.0,0.0,0.0,0.0,0.0,0.0,0.0,0.0,0.0,0.0,0.0,0.0,0.0,0.0,0.0,0.0,0.0,0.0,0.0033333333333333335,0.0,-0.7071067811865471,-0.7071067811865479
wazuh-agent,2024-11-07 16:50:00+00:00,16,6,1,9,1,1-11-November.csv,6,0,0,0,0,0,0,9,0,0,0,0,0,0,0,0,7,0,16,8,0,40.9049375,101.03943264123419,0.02,0.0,0.0,0.0,0.0,0.0,0.0,0.03,0.0,0.0,0.0,0.0,0.0,0.0,0.0,0.0,0.023333333333333334,0.0,0.05333333333333334,2.4701035820243993,-0.8660254037844385,-0.5000000000000004
wazuh-agent,2024-11-07 17:00:00+00:00,18,5,1,7,1,1-11-November.csv,11,0,0,0,0,0,0,7,0,0,0,0,0,1,0,0,5,0,18,7,0,14.691666666666666,23.947718867173478,0.03666666666666667,0.0,0.0,0.0,0.0,0.0,0.0,0.023333333333333334,0.0,0.0,0.0,0.0,0.0,0.0033333333333333335,0.0,0.0,0.016666666666666666,0.0,0.06,1.630020569518331,-0.9659258262890683,-0.25881904510252063
wazuh-agent,2024-11-07 17:05:00+00:00,33,12,1,14,1,1-11-November.csv,17,0,0,0,0,0,0,13,0,0,0,0,0,2,6,0,10,0,33,14,0,10.192060606060608,19.996263983772366,0.056666666666666664,0.0,0.0,0.0,0.0,0.0,0.0,0.043333333333333335,0.0,0.0,0.0,0.0,0.0,0.006666666666666667,0.02,0.0,0.03333333333333333,0.0,0.11,1.9619451607147809,-0.9659258262890683,-0.25881904510252063
wazuh-agent,2024-11-07 17:25:00+00:00,8,3,1,8,1,1-11-November.csv,0,0,0,0,0,0,0,7,0,0,0,0,0,0,0,0,6,0,8,3,0,37.025,22.064493545707574,0.0,0.0,0.0,0.0,0.0,0.0,0.0,0.023333333333333334,0.0,0.0,0.0,0.0,0.0,0.0,0.0,0.0,0.02,0.0,0.02666666666666667,0.595935004610603,-0.9659258262890683,-0.25881904510252063
wazuh-agent,2024-11-07 18:00:00+00:00,14,2,1,4,1,1-11-November.csv,0,0,0,0,0,0,0,3,0,0,0,0,0,0,0,0,2,0,14,2,0,88.27964285714286,314.0530104857623,0.0,0.0,0.0,0.0,0.0,0.0,0.0,0.01,0.0,0.0,0.0,0.0,0.0,0.0,0.0,0.0,0.006666666666666667,0.0,0.04666666666666667,3.5574793952663994,-1.0,-1.8369701987210297e-16
wazuh-agent,2024-11-07 19:10:00+00:00,4,1,1,1,1,1-11-November.csv,0,0,0,0,0,0,0,0,0,0,0,0,0,0,0,0,0,0,4,1,0,334.9115,588.9680409544023,0.0,0.0,0.0,0.0,0.0,0.0,0.0,0.0,0.0,0.0,0.0,0.0,0.0,0.0,0.0,0.0,0.0,0.0,0.013333333333333334,1.758578134684543,-0.9659258262890684,0.2588190451025203
wazuh-agent,2024-11-07 20:15:00+00:00,13,6,1,3,1,1-11-November.csv,9,0,0,0,0,0,0,2,0,0,0,0,0,0,0,0,2,0,13,6,0,15.543461538461539,23.420513884254635,0.03,0.0,0.0,0.0,0.0,0.0,0.0,0.006666666666666667,0.0,0.0,0.0,0.0,0.0,0.0,0.0,0.0,0.006666666666666667,0.0,0.043333333333333335,1.5067759408868941,-0.8660254037844386,0.5000000000000001
wazuh-agent,2024-11-07 20:20:00+00:00,49,3,1,1,1,1-11-November.csv,23,0,0,0,0,0,0,0,0,0,0,0,0,0,0,0,0,0,49,3,0,8.363918367346939,48.76902779635382,0.07666666666666666,0.0,0.0,0.0,0.0,0.0,0.0,0.0,0.0,0.0,0.0,0.0,0.0,0.0,0.0,0.0,0.0,0.0,0.16333333333333333,5.8308828056894955,-0.8660254037844386,0.5000000000000001
wazuh-agent,2024-11-07 20:25:00+00:00,276,2,1,1,1,1-11-November.csv,2,0,0,0,0,0,0,0,0,0,0,0,0,0,0,0,0,0,276,2,0,0.7555543478260869,4.166135829053884,0.006666666666666667,0.0,0.0,0.0,0.0,0.0,0.0,0.0,0.0,0.0,0.0,0.0,0.0,0.0,0.0,0.0,0.0,0.0,0.92,5.514012117117541,-0.8660254037844386,0.5000000000000001
wazuh-agent,2024-11-07 21:45:00+00:00,9,1,1,1,1,1-11-November.csv,0,0,0,0,0,0,0,0,0,0,0,0,0,0,0,0,0,0,9,1,0,28.58311111111111,38.317890633633674,0.0,0.0,0.0,0.0,0.0,0.0,0.0,0.0,0.0,0.0,0.0,0.0,0.0,0.0,0.0,0.0,0.0,0.0,0.03,1.3405780247181829,-0.7071067811865477,0.7071067811865474
wazuh-agent,2024-11-08 07:00:00+00:00,27,7,1,9,1,1-11-November.csv,13,0,0,0,0,0,0,9,0,0,0,0,0,1,0,0,6,0,27,9,0,11.50974074074074,17.71608282713455,0.043333333333333335,0.0,0.0,0.0,0.0,0.0,0.0,0.03,0.0,0.0,0.0,0.0,0.0,0.0033333333333333335,0.0,0.0,0.02,0.0,0.09,1.5392251855357069,0.9659258262890683,-0.25881904510252063
wazuh-agent,2024-11-08 07:20:00+00:00,24,7,1,13,1,1-11-November.csv,11,0,0,0,0,0,0,13,0,0,0,0,0,0,3,0,11,0,24,10,0,12.15725,20.48375086289236,0.03666666666666667,0.0,0.0,0.0,0.0,0.0,0.0,0.043333333333333335,0.0,0.0,0.0,0.0,0.0,0.0,0.01,0.0,0.03666666666666667,0.0,0.08,1.6849000277934862,0.9659258262890683,-0.25881904510252063
wazuh-agent,2024-11-08 07:30:00+00:00,10,5,1,5,1,1-11-November.csv,6,0,0,0,0,0,0,4,0,0,0,0,0,2,0,0,3,0,10,7,0,30.777499999999996,36.578069666126446,0.02,0.0,0.0,0.0,0.0,0.0,0.0,0.013333333333333334,0.0,0.0,0.0,0.0,0.0,0.006666666666666667,0.0,0.0,0.01,0.0,0.03333333333333333,1.188467863410818,0.9659258262890683,-0.25881904510252063
wazuh-agent,2024-11-08 07:35:00+00:00,37,10,1,17,1,1-11-November.csv,19,0,0,0,0,0,0,17,0,0,0,0,0,2,3,0,14,0,37,12,0,8.608945945945946,18.059798571452603,0.06333333333333334,0.0,0.0,0.0,0.0,0.0,0.0,0.056666666666666664,0.0,0.0,0.0,0.0,0.0,0.006666666666666667,0.01,0.0,0.04666666666666667,0.0,0.12333333333333334,2.0977943972289865,0.9659258262890683,-0.25881904510252063
wazuh-agent,2024-11-08 07:40:00+00:00,9,5,1,6,1,1-11-November.csv,4,0,0,0,0,0,0,5,0,0,0,0,0,0,1,0,4,0,9,5,0,28.919888888888888,22.69273315096952,0.013333333333333334,0.0,0.0,0.0,0.0,0.0,0.0,0.016666666666666666,0.0,0.0,0.0,0.0,0.0,0.0,0.0033333333333333335,0.0,0.013333333333333334,0.0,0.03,0.7846756686429781,0.9659258262890683,-0.25881904510252063
wazuh-agent,2024-11-08 08:20:00+00:00,3,2,1,1,1,1-11-November.csv,2,0,0,0,0,0,0,0,0,0,0,0,0,0,0,0,0,0,3,2,0,102.97300000000001,153.0544252447475,0.006666666666666667,0.0,0.0,0.0,0.0,0.0,0.0,0.0,0.0,0.0,0.0,0.0,0.0,0.0,0.0,0.0,0.0,0.0,0.01,1.4863549206563613,0.8660254037844387,-0.4999999999999998
wazuh-agent,2024-11-08 08:25:00+00:00,17,2,1,1,1,1-11-November.csv,10,0,0,0,0,0,0,0,0,0,0,0,0,0,0,0,0,0,17,2,0,17.860529411764706,14.535330711397862,0.03333333333333333,0.0,0.0,0.0,0.0,0.0,0.0,0.0,0.0,0.0,0.0,0.0,0.0,0.0,0.0,0.0,0.0,0.0,0.056666666666666664,0.8138241804760535,0.8660254037844387,-0.4999999999999998
wazuh-agent,2024-11-08 08:30:00+00:00,8,2,1,1,1,1-11-November.csv,4,0,0,0,0,0,0,0,0,0,0,0,0,0,0,0,0,0,8,2,0,38.382375,47.87868236323224,0.013333333333333334,0.0,0.0,0.0,0.0,0.0,0.0,0.0,0.0,0.0,0.0,0.0,0.0,0.0,0.0,0.0,0.0,0.0,0.02666666666666667,1.2474132297241176,0.8660254037844387,-0.4999999999999998
wazuh-agent,2024-11-08 08:35:00+00:00,11,1,1,1,1,1-11-November.csv,0,0,0,0,0,0,0,0,0,0,0,0,0,0,0,0,0,0,11,1,0,27.281909090909092,7.901241730950212,0.0,0.0,0.0,0.0,0.0,0.0,0.0,0.0,0.0,0.0,0.0,0.0,0.0,0.0,0.0,0.0,0.0,0.0,0.03666666666666667,0.28961469318813443,0.8660254037844387,-0.4999999999999998
wazuh-agent,2024-11-08 08:45:00+00:00,11,1,1,1,1,1-11-November.csv,0,0,0,0,0,0,0,0,0,0,0,0,0,0,0,0,0,0,11,1,0,29.70209090909091,25.63414088068701,0.0,0.0,0.0,0.0,0.0,0.0,0.0,0.0,0.0,0.0,0.0,0.0,0.0,0.0,0.0,0.0,0.0,0.0,0.03666666666666667,0.8630416275791943,0.8660254037844387,-0.4999999999999998
wazuh-agent,2024-11-08 09:05:00+00:00,1,1,1,1,1,1-11-November.csv,0,0,0,0,0,0,0,0,0,0,0,0,0,0,0,0,0,0,1,1,0,1181.977,,0.0,0.0,0.0,0.0,0.0,0.0,0.0,0.0,0.0,0.0,0.0,0.0,0.0,0.0,0.0,0.0,0.0,0.0,0.0033333333333333335,0.0,0.7071067811865476,-0.7071067811865475
wazuh-agent,2024-11-08 09:25:00+00:00,1,1,1,1,1,1-11-November.csv,0,0,0,0,0,0,0,0,0,0,0,0,0,0,0,0,0,0,1,1,0,280.555,,0.0,0.0,0.0,0.0,0.0,0.0,0.0,0.0,0.0,0.0,0.0,0.0,0.0,0.0,0.0,0.0,0.0,0.0,0.0033333333333333335,0.0,0.7071067811865476,-0.7071067811865475
wazuh-agent,2024-11-08 13:10:00+00:00,8,4,1,6,1,1-11-November.csv,1,0,0,0,0,0,1,5,0,1,0,0,0,0,0,0,4,0,8,4,0,36.01875,29.877347442741396,0.0033333333333333335,0.0,0.0,0.0,0.0,0.0,0.0033333333333333335,0.016666666666666666,0.0,0.0033333333333333335,0.0,0.0,0.0,0.0,0.0,0.0,0.013333333333333334,0.0,0.02666666666666667,0.8294942895781058,-0.2588190451025208,-0.9659258262890683
wazuh-agent,2024-11-08 13:25:00+00:00,42,5,1,23,1,1-11-November.csv,18,0,0,0,0,0,0,22,0,1,0,0,0,11,1,0,21,0,42,8,0,6.5419761904761895,14.958065510910416,0.06,0.0,0.0,0.0,0.0,0.0,0.0,0.07333333333333333,0.0,0.0033333333333333335,0.0,0.0,0.0,0.03666666666666667,0.0033333333333333335,0.0,0.07,0.0,0.14,2.286475076550473,-0.2588190451025208,-0.9659258262890683
wazuh-agent,2024-11-08 14:40:00+00:00,17,1,1,1,1,1-11-November.csv,0,0,0,0,0,0,0,0,0,0,0,0,0,0,0,0,0,0,17,1,0,18.599529411764706,43.98282079135791,0.0,0.0,0.0,0.0,0.0,0.0,0.0,0.0,0.0,0.0,0.0,0.0,0.0,0.0,0.0,0.0,0.0,0.0,0.056666666666666664,2.3647276131372217,-0.4999999999999997,-0.8660254037844388
wazuh-agent,2024-11-08 15:10:00+00:00,15,1,1,1,1,1-11-November.csv,0,0,0,0,0,0,0,0,0,0,0,0,0,0,0,0,0,0,15,1,0,64.84306666666666,209.45539798332337,0.0,0.0,0.0,0.0,0.0,0.0,0.0,0.0,0.0,0.0,0.0,0.0,0.0,0.0,0.0,0.0,0.0,0.0,0.05,3.2301895753952117,-0.7071067811865471,-0.7071067811865479
wazuh-agent,2024-11-08 19:00:00+00:00,24,1,1,1,1,1-11-November.csv,0,0,0,0,0,0,0,0,0,0,0,0,0,0,0,0,0,0,24,1,0,520.6222916666667,2487.4476289383974,0.0,0.0,0.0,0.0,0.0,0.0,0.0,0.0,0.0,0.0,0.0,0.0,0.0,0.0,0.0,0.0,0.0,0.0,0.08,4.777835426476531,-0.9659258262890684,0.2588190451025203
wazuh-agent,2024-11-09 06:10:00+00:00,607,14,1,38,1,1-11-November.csv,51,0,0,0,0,0,0,37,1,0,0,0,0,6,3,0,9,1,607,16,0,63.462667215815486,1556.2357924261,0.17,0.0,0.0,0.0,0.0,0.0,0.0,0.12333333333333334,0.0033333333333333335,0.0,0.0,0.0,0.0,0.02,0.01,0.0,0.03,0.0033333333333333335,2.0233333333333334,24.522067235747564,1.0,6.123233995736766e-17
wazuh-agent,2024-11-09 06:15:00+00:00,19,7,1,4,1,1-11-November.csv,12,0,0,0,0,0,0,3,0,0,0,0,0,0,0,0,3,0,19,8,0,14.018684210526317,18.56702855138835,0.04,0.0,0.0,0.0,0.0,0.0,0.0,0.01,0.0,0.0,0.0,0.0,0.0,0.0,0.0,0.0,0.01,0.0,0.06333333333333334,1.3244487337439832,1.0,6.123233995736766e-17
wazuh-agent,2024-11-09 06:25:00+00:00,19,3,1,12,1,1-11-November.csv,0,0,0,0,0,0,0,11,0,0,0,0,0,0,0,0,0,0,19,3,0,28.675210526315794,92.35700910270783,0.0,0.0,0.0,0.0,0.0,0.0,0.0,0.03666666666666667,0.0,0.0,0.0,0.0,0.0,0.0,0.0,0.0,0.0,0.0,0.06333333333333334,3.2207962001865695,1.0,6.123233995736766e-17
wazuh-agent,2024-11-09 06:45:00+00:00,2,1,1,1,1,1-11-November.csv,0,0,0,0,0,0,0,0,0,0,0,0,0,0,0,0,0,0,2,1,0,131.9015,2.469923986684607,0.0,0.0,0.0,0.0,0.0,0.0,0.0,0.0,0.0,0.0,0.0,0.0,0.0,0.0,0.0,0.0,0.0,0.0,0.006666666666666667,0.01872551856259866,1.0,6.123233995736766e-17
wazuh-agent,2024-11-09 06:55:00+00:00,5,1,1,1,1,1-11-November.csv,0,0,0,0,0,0,0,0,0,0,0,0,0,0,0,0,0,0,5,1,0,127.21979999999999,255.37751932521388,0.0,0.0,0.0,0.0,0.0,0.0,0.0,0.0,0.0,0.0,0.0,0.0,0.0,0.0,0.0,0.0,0.0,0.0,0.016666666666666666,2.00737243200519,1.0,6.123233995736766e-17
wazuh-agent,2024-11-09 07:10:00+00:00,11,4,1,4,1,1-11-November.csv,5,0,0,0,0,0,0,3,0,0,0,0,0,0,0,0,3,0,11,4,0,59.506,167.27720967603446,0.016666666666666666,0.0,0.0,0.0,0.0,0.0,0.0,0.01,0.0,0.0,0.0,0.0,0.0,0.0,0.0,0.0,0.01,0.0,0.03666666666666667,2.8110982031397582,0.9659258262890683,-0.25881904510252063
wazuh-agent,2024-11-09 07:15:00+00:00,12,5,1,10,1,1-11-November.csv,3,0,0,0,0,0,0,9,0,0,0,0,0,1,0,0,8,0,12,6,0,26.340833333333332,28.16702511426932,0.01,0.0,0.0,0.0,0.0,0.0,0.0,0.03,0.0,0.0,0.0,0.0,0.0,0.0033333333333333335,0.0,0.0,0.02666666666666667,0.0,0.04,1.0693293092829,0.9659258262890683,-0.25881904510252063
wazuh-agent,2024-11-09 07:20:00+00:00,11,5,1,6,1,1-11-November.csv,6,0,0,0,0,0,0,5,0,0,0,0,0,0,0,0,4,0,11,6,0,27.41909090909091,26.448553603002736,0.02,0.0,0.0,0.0,0.0,0.0,0.0,0.016666666666666666,0.0,0.0,0.0,0.0,0.0,0.0,0.0,0.0,0.013333333333333334,0.0,0.03666666666666667,0.9646035928285869,0.9659258262890683,-0.25881904510252063
wazuh-agent,2024-11-09 07:35:00+00:00,18,3,1,12,1,1-11-November.csv,7,0,0,0,0,0,0,11,0,0,0,0,0,5,1,0,10,0,18,6,0,18.081166666666668,29.15412115606219,0.023333333333333334,0.0,0.0,0.0,0.0,0.0,0.0,0.03666666666666667,0.0,0.0,0.0,0.0,0.0,0.016666666666666666,0.0033333333333333335,0.0,0.03333333333333333,0.0,0.06,1.612402655953,0.9659258262890683,-0.25881904510252063
wazuh-agent,2024-11-09 07:50:00+00:00,15,5,1,10,1,1-11-November.csv,4,0,0,0,0,0,0,10,0,0,0,0,0,2,0,0,9,0,15,8,0,41.08506666666666,97.20030464345754,0.013333333333333334,0.0,0.0,0.0,0.0,0.0,0.0,0.03333333333333333,0.0,0.0,0.0,0.0,0.0,0.006666666666666667,0.0,0.0,0.03,0.0,0.05,2.365830520175803,0.9659258262890683,-0.25881904510252063
wazuh-agent,2024-11-09 07:55:00+00:00,15,10,1,5,1,1-11-November.csv,7,0,0,0,0,0,0,4,1,0,0,0,0,1,2,0,3,1,15,11,0,19.741333333333333,25.560877675146635,0.023333333333333334,0.0,0.0,0.0,0.0,0.0,0.0,0.013333333333333334,0.0033333333333333335,0.0,0.0,0.0,0.0,0.0033333333333333335,0.006666666666666667,0.0,0.01,0.0033333333333333335,0.05,1.2947898322544897,0.9659258262890683,-0.25881904510252063
wazuh-agent,2024-11-09 08:00:00+00:00,35,10,1,6,1,1-11-November.csv,17,0,0,0,0,0,0,6,0,0,0,0,0,1,0,0,5,0,35,12,0,9.744685714285716,19.813094804983407,0.056666666666666664,0.0,0.0,0.0,0.0,0.0,0.0,0.02,0.0,0.0,0.0,0.0,0.0,0.0033333333333333335,0.0,0.0,0.016666666666666666,0.0,0.11666666666666667,2.0332205045810148,0.8660254037844387,-0.4999999999999998
wazuh-agent,2024-11-09 08:55:00+00:00,8,3,1,6,1,1-11-November.csv,3,0,0,0,0,0,0,5,0,0,0,0,0,2,0,0,4,0,8,5,0,44.991375000000005,79.54648211299838,0.01,0.0,0.0,0.0,0.0,0.0,0.0,0.016666666666666666,0.0,0.0,0.0,0.0,0.0,0.006666666666666667,0.0,0.0,0.013333333333333334,0.0,0.02666666666666667,1.768038476552414,0.8660254037844387,-0.4999999999999998
wazuh-agent,2024-11-09 09:00:00+00:00,21,9,1,8,1,1-11-November.csv,10,0,0,0,0,0,0,8,0,0,0,0,0,2,3,0,7,0,21,11,0,16.194238095238095,23.28972458382615,0.03333333333333333,0.0,0.0,0.0,0.0,0.0,0.0,0.02666666666666667,0.0,0.0,0.0,0.0,0.0,0.006666666666666667,0.01,0.0,0.023333333333333334,0.0,0.07,1.43814883089032,0.7071067811865476,-0.7071067811865475
wazuh-agent,2024-11-09 09:05:00+00:00,14,8,1,4,1,1-11-November.csv,11,0,0,0,0,0,0,3,0,0,0,0,0,2,0,0,2,0,14,10,0,20.096785714285716,28.419752762900586,0.03666666666666667,0.0,0.0,0.0,0.0,0.0,0.0,0.01,0.0,0.0,0.0,0.0,0.0,0.006666666666666667,0.0,0.0,0.006666666666666667,0.0,0.04666666666666667,1.4141441903666478,0.7071067811865476,-0.7071067811865475
wazuh-agent,2024-11-09 09:10:00+00:00,14,5,1,7,1,1-11-November.csv,7,0,0,0,0,0,0,7,0,0,0,0,0,1,0,0,6,0,14,6,0,19.635785714285714,40.10197482798566,0.023333333333333334,0.0,0.0,0.0,0.0,0.0,0.0,0.023333333333333334,0.0,0.0,0.0,0.0,0.0,0.0033333333333333335,0.0,0.0,0.02,0.0,0.04666666666666667,2.0422903066623954,0.7071067811865476,-0.7071067811865475
wazuh-agent,2024-11-09 09:45:00+00:00,22,10,1,10,1,1-11-November.csv,10,0,0,0,0,0,0,11,0,0,0,0,0,0,2,0,9,0,22,12,0,14.727227272727275,24.165572465077982,0.03333333333333333,0.0,0.0,0.0,0.0,0.0,0.0,0.03666666666666667,0.0,0.0,0.0,0.0,0.0,0.0,0.006666666666666667,0.0,0.03,0.0,0.07333333333333333,1.64087726885489,0.7071067811865476,-0.7071067811865475
wazuh-agent,2024-11-09 10:15:00+00:00,11,6,1,5,1,1-11-November.csv,5,0,0,0,0,0,0,4,0,0,0,0,0,0,0,0,4,0,11,6,0,31.257818181818184,25.600020577406504,0.016666666666666666,0.0,0.0,0.0,0.0,0.0,0.0,0.013333333333333334,0.0,0.0,0.0,0.0,0.0,0.0,0.0,0.0,0.013333333333333334,0.0,0.03666666666666667,0.8189957606285309,0.49999999999999994,-0.8660254037844387
wazuh-agent,2024-11-09 11:05:00+00:00,45,6,1,23,1,1-11-November.csv,19,0,0,0,0,0,0,22,0,0,0,0,0,13,0,0,22,0,45,7,0,23.70093333333333,126.20825739434873,0.06333333333333334,0.0,0.0,0.0,0.0,0.0,0.0,0.07333333333333333,0.0,0.0,0.0,0.0,0.0,0.043333333333333335,0.0,0.0,0.07333333333333333,0.0,0.15,5.3250332220819185,0.258819045102521,-0.9659258262890682
wazuh-agent,2024-11-09 11:20:00+00:00,13,5,1,8,1,1-11-November.csv,5,0,0,0,0,0,0,8,0,0,0,0,0,1,0,0,7,0,13,7,0,20.68676923076923,27.692135370154723,0.016666666666666666,0.0,0.0,0.0,0.0,0.0,0.0,0.02666666666666667,0.0,0.0,0.0,0.0,0.0,0.0033333333333333335,0.0,0.0,0.023333333333333334,0.0,0.043333333333333335,1.3386399326660348,0.258819045102521,-0.9659258262890682
wazuh-agent,2024-11-09 11:25:00+00:00,13,4,1,7,1,1-11-November.csv,2,0,0,0,0,0,0,6,0,0,0,0,0,0,1,0,5,0,13,4,0,23.745,25.268343653670694,0.006666666666666667,0.0,0.0,0.0,0.0,0.0,0.0,0.02,0.0,0.0,0.0,0.0,0.0,0.0,0.0033333333333333335,0.0,0.016666666666666666,0.0,0.043333333333333335,1.0641542915843627,0.258819045102521,-0.9659258262890682
wazuh-agent,2024-11-09 11:30:00+00:00,16,5,1,6,1,1-11-November.csv,9,0,0,0,0,0,0,5,0,0,0,0,0,4,2,0,5,0,16,6,0,15.728375,22.505884907063752,0.03,0.0,0.0,0.0,0.0,0.0,0.0,0.016666666666666666,0.0,0.0,0.0,0.0,0.0,0.013333333333333334,0.006666666666666667,0.0,0.016666666666666666,0.0,0.05333333333333334,1.4309097352437077,0.258819045102521,-0.9659258262890682
wazuh-agent,2024-11-09 11:40:00+00:00,3,2,1,1,1,1-11-November.csv,2,0,0,0,0,0,0,0,0,0,0,0,0,0,0,0,0,0,3,2,0,133.49300000000002,205.68844481885708,0.006666666666666667,0.0,0.0,0.0,0.0,0.0,0.0,0.0,0.0,0.0,0.0,0.0,0.0,0.0,0.0,0.0,0.0,0.0,0.01,1.5408182063393365,0.258819045102521,-0.9659258262890682
wazuh-agent,2024-11-09 11:45:00+00:00,31,3,1,10,1,1-11-November.csv,15,0,0,0,0,0,0,9,0,0,0,0,0,5,0,0,9,0,31,3,0,9.716064516129032,12.61808978130336,0.05,0.0,0.0,0.0,0.0,0.0,0.0,0.03,0.0,0.0,0.0,0.0,0.0,0.016666666666666666,0.0,0.0,0.03,0.0,0.10333333333333333,1.298683202479446,0.258819045102521,-0.9659258262890682
wazuh-agent,2024-11-09 11:50:00+00:00,23,9,1,6,1,1-11-November.csv,9,0,0,0,0,0,0,5,0,0,0,0,0,0,2,0,4,0,23,9,0,13.318478260869565,13.625608799975158,0.03,0.0,0.0,0.0,0.0,0.0,0.0,0.016666666666666666,0.0,0.0,0.0,0.0,0.0,0.0,0.006666666666666667,0.0,0.013333333333333334,0.0,0.07666666666666666,1.0230604828186685,0.258819045102521,-0.9659258262890682
wazuh-agent,2024-11-09 13:45:00+00:00,2,1,1,1,1,1-11-November.csv,0,0,0,0,0,0,0,0,0,0,0,0,0,0,0,0,0,0,2,1,0,80.1315,74.87765838018707,0.0,0.0,0.0,0.0,0.0,0.0,0.0,0.0,0.0,0.0,0.0,0.0,0.0,0.0,0.0,0.0,0.0,0.0,0.006666666666666667,0.9344347526277066,-0.2588190451025208,-0.9659258262890683
wazuh-agent,2024-11-09 13:50:00+00:00,129,8,1,4,1,1-11-November.csv,28,0,0,0,0,0,0,3,13,1,0,0,0,0,1,0,2,13,129,8,0,3.7373100775193797,20.928259413783092,0.09333333333333334,0.0,0.0,0.0,0.0,0.0,0.0,0.01,0.043333333333333335,0.0033333333333333335,0.0,0.0,0.0,0.0,0.0033333333333333335,0.0,0.006666666666666667,0.043333333333333335,0.43,5.599818848232715,-0.2588190451025208,-0.9659258262890683
wazuh-agent,2024-11-09 14:00:00+00:00,41,4,1,29,1,1-11-November.csv,1,0,0,0,0,0,0,28,0,0,0,0,0,0,0,0,27,0,41,4,0,9.867024390243902,54.93833565120434,0.0033333333333333335,0.0,0.0,0.0,0.0,0.0,0.0,0.09333333333333334,0.0,0.0,0.0,0.0,0.0,0.0,0.0,0.0,0.09,0.0,0.13666666666666666,5.567872691743323,-0.4999999999999997,-0.8660254037844388
wazuh-agent,2024-11-09 14:05:00+00:00,2,1,1,1,1,1-11-November.csv,0,0,0,0,0,0,0,0,0,0,0,0,0,0,0,0,0,0,2,1,0,193.0375,94.79827061977448,0.0,0.0,0.0,0.0,0.0,0.0,0.0,0.0,0.0,0.0,0.0,0.0,0.0,0.0,0.0,0.0,0.0,0.0,0.006666666666666667,0.4910873308024321,-0.4999999999999997,-0.8660254037844388
wazuh-agent,2024-11-09 14:10:00+00:00,13,1,1,1,1,1-11-November.csv,0,0,0,0,0,0,0,0,0,0,0,0,0,0,0,0,0,0,13,1,0,1.6476923076923076,4.505494375104974,0.0,0.0,0.0,0.0,0.0,0.0,0.0,0.0,0.0,0.0,0.0,0.0,0.0,0.0,0.0,0.0,0.0,0.0,0.043333333333333335,2.7344270250403673,-0.4999999999999997,-0.8660254037844388
wazuh-agent,2024-11-09 19:45:00+00:00,9,3,1,6,1,1-11-November.csv,2,0,0,0,0,0,1,5,0,1,0,0,0,1,0,0,5,0,9,4,0,33.096111111111114,26.11989824561174,0.006666666666666667,0.0,0.0,0.0,0.0,0.0,0.0033333333333333335,0.016666666666666666,0.0,0.0033333333333333335,0.0,0.0,0.0,0.0033333333333333335,0.0,0.0,0.016666666666666666,0.0,0.03,0.7892135168969353,-0.9659258262890684,0.2588190451025203
wazuh-agent,2024-11-09 20:45:00+00:00,26,9,1,6,1,1-11-November.csv,13,0,0,0,0,0,0,5,0,0,0,0,0,1,0,0,5,0,26,10,0,45.65746153846154,228.7218528393351,0.043333333333333335,0.0,0.0,0.0,0.0,0.0,0.0,0.016666666666666666,0.0,0.0,0.0,0.0,0.0,0.0033333333333333335,0.0,0.0,0.016666666666666666,0.0,0.08666666666666667,5.00951750562526,-0.8660254037844386,0.5000000000000001
wazuh-agent,2024-11-10 07:15:00+00:00,320,7,1,18,1,1-11-November.csv,42,0,0,0,0,0,0,17,0,1,0,0,0,8,0,0,16,0,320,8,0,118.7792125,2122.6462184311467,0.14,0.0,0.0,0.0,0.0,0.0,0.0,0.056666666666666664,0.0,0.0033333333333333335,0.0,0.0,0.0,0.02666666666666667,0.0,0.0,0.05333333333333334,0.0,1.0666666666666667,17.870519375864248,0.9659258262890683,-0.25881904510252063
wazuh-agent,2024-11-11 17:30:00+00:00,2,1,0,1,1,11-16-November.csv,0,0,0,0,0,0,0,0,0,0,0,0,0,0,0,0,0,0,0,1,0,137.14100000000002,191.6938199525483,0.0,0.0,0.0,0.0,0.0,0.0,0.0,0.0,0.0,0.0,0.0,0.0,0.0,0.0,0.0,0.0,0.0,0.0,0.0,1.3977863655110307,-0.9659258262890683,-0.25881904510252063
wazuh-agent,2024-11-11 17:50:00+00:00,5444,1,0,1,1,11-16-November.csv,0,0,0,0,0,0,0,0,0,0,0,0,0,0,0,0,0,0,0,1,0,0.17221160911094782,10.82918749975607,0.0,0.0,0.0,0.0,0.0,0.0,0.0,0.0,0.0,0.0,0.0,0.0,0.0,0.0,0.0,0.0,0.0,0.0,0.0,62.88302836064516,-0.9659258262890683,-0.25881904510252063
wazuh-agent,2024-11-11 21:15:00+00:00,9,1,0,1,1,11-16-November.csv,0,0,0,0,0,0,0,0,0,0,0,0,0,0,0,0,0,0,0,1,0,38.971666666666664,97.39403574141487,0.0,0.0,0.0,0.0,0.0,0.0,0.0,0.0,0.0,0.0,0.0,0.0,0.0,0.0,0.0,0.0,0.0,0.0,0.0,2.4990985521468128,-0.7071067811865477,0.7071067811865474
wazuh-agent,2024-11-12 00:45:00+00:00,3,1,0,1,1,11-16-November.csv,0,0,0,0,0,0,0,0,0,0,0,0,0,0,0,0,0,0,0,1,0,143.62233333333333,202.0645232403089,0.0,0.0,0.0,0.0,0.0,0.0,0.0,0.0,0.0,0.0,0.0,0.0,0.0,0.0,0.0,0.0,0.0,0.0,0.0,1.4069157529375114,0.0,1.0
wazuh-agent,2024-11-12 01:10:00+00:00,7,1,0,1,1,11-16-November.csv,0,0,0,0,0,0,0,0,0,0,0,0,0,0,0,0,0,0,0,1,0,113.09085714285713,285.93766965863296,0.0,0.0,0.0,0.0,0.0,0.0,0.0,0.0,0.0,0.0,0.0,0.0,0.0,0.0,0.0,0.0,0.0,0.0,0.0,2.5283889156259076,0.25881904510252074,0.9659258262890683
wazuh-agent,2024-11-12 03:35:00+00:00,94,5,0,2,1,11-16-November.csv,27,0,0,0,0,0,0,1,0,0,0,0,0,0,0,0,0,0,0,5,0,3.0697446808510644,27.76715310986318,0.09,0.0,0.0,0.0,0.0,0.0,0.0,0.0033333333333333335,0.0,0.0,0.0,0.0,0.0,0.0,0.0,0.0,0.0,0.0,0.0,9.045427550725469,0.7071067811865476,0.7071067811865476
wazuh-agent,2024-11-12 05:00:00+00:00,12,1,0,1,1,11-16-November.csv,0,0,0,0,0,0,0,0,0,0,0,0,0,0,0,0,0,0,0,1,0,60.048750000000005,198.24158859749662,0.0,0.0,0.0,0.0,0.0,0.0,0.0,0.0,0.0,0.0,0.0,0.0,0.0,0.0,0.0,0.0,0.0,0.0,0.0,3.301344134515649,0.9659258262890683,0.25881904510252074
wazuh-agent,2024-11-12 05:35:00+00:00,3,1,0,1,1,11-16-November.csv,0,0,0,0,0,0,0,0,0,0,0,0,0,0,0,0,0,0,0,1,0,213.68733333333333,340.81522944600545,0.0,0.0,0.0,0.0,0.0,0.0,0.0,0.0,0.0,0.0,0.0,0.0,0.0,0.0,0.0,0.0,0.0,0.0,0.0,1.594924809672101,0.9659258262890683,0.25881904510252074
wazuh-agent,2024-11-12 06:00:00+00:00,21,1,0,1,1,11-16-November.csv,0,0,0,0,0,0,0,0,0,0,0,0,0,0,0,0,0,0,0,1,0,62.938857142857145,268.987765849543,0.0,0.0,0.0,0.0,0.0,0.0,0.0,0.0,0.0,0.0,0.0,0.0,0.0,0.0,0.0,0.0,0.0,0.0,0.0,4.273794886980563,1.0,6.123233995736766e-17
wazuh-agent,2024-11-12 06:10:00+00:00,14,1,0,1,1,11-16-November.csv,0,0,0,0,0,0,0,0,0,0,0,0,0,0,0,0,0,0,0,1,0,46.74578571428572,135.90780024661436,0.0,0.0,0.0,0.0,0.0,0.0,0.0,0.0,0.0,0.0,0.0,0.0,0.0,0.0,0.0,0.0,0.0,0.0,0.0,2.907380808128771,1.0,6.123233995736766e-17
wazuh-agent,2024-11-12 06:20:00+00:00,14,1,0,1,1,11-16-November.csv,0,0,0,0,0,0,0,0,0,0,0,0,0,0,0,0,0,0,0,1,0,37.46357142857143,96.95663699241597,0.0,0.0,0.0,0.0,0.0,0.0,0.0,0.0,0.0,0.0,0.0,0.0,0.0,0.0,0.0,0.0,0.0,0.0,0.0,2.588024400644099,1.0,6.123233995736766e-17
wazuh-agent,2024-11-30 07:45:00+00:00,33,6,0,3,1,30-November.csv,28,0,0,0,0,0,0,2,0,0,0,0,0,0,1,0,1,0,0,6,0,47264.194272727276,271508.7001030392,0.09333333333333334,0.0,0.0,0.0,0.0,0.0,0.0,0.006666666666666667,0.0,0.0,0.0,0.0,0.0,0.0,0.0033333333333333335,0.0,0.0033333333333333335,0.0,0.0,5.7444901850301315,0.9659258262890683,-0.25881904510252063
wazuh-agent,2024-11-30 07:50:00+00:00,57,6,0,29,1,30-November.csv,5,0,0,0,0,0,0,28,1,0,0,0,0,0,3,0,0,1,0,6,0,3.9887543859649117,9.490233662787801,0.016666666666666666,0.0,0.0,0.0,0.0,0.0,0.0,0.09333333333333334,0.0033333333333333335,0.0,0.0,0.0,0.0,0.0,0.01,0.0,0.0,0.0033333333333333335,0.0,2.3792474402988435,0.9659258262890683,-0.25881904510252063
wazuh-agent,2024-11-30 07:55:00+00:00,18,1,0,1,1,30-November.csv,0,0,0,0,0,0,0,0,0,0,0,0,0,0,0,0,0,0,0,1,0,20.744,56.390631400656495,0.0,0.0,0.0,0.0,0.0,0.0,0.0,0.0,0.0,0.0,0.0,0.0,0.0,0.0,0.0,0.0,0.0,0.0,0.0,2.7184068357431785,0.9659258262890683,-0.25881904510252063
wazuh-agent,2024-11-30 08:00:00+00:00,38,8,0,5,1,30-November.csv,4,0,0,0,0,0,0,4,0,0,0,0,0,0,1,0,0,0,0,8,0,7.478289473684211,13.709170453953872,0.013333333333333334,0.0,0.0,0.0,0.0,0.0,0.0,0.013333333333333334,0.0,0.0,0.0,0.0,0.0,0.0,0.0033333333333333335,0.0,0.0,0.0,0.0,1.8331960139007553,0.8660254037844387,-0.4999999999999998
wazuh-agent,2024-11-30 13:45:00+00:00,25,3,0,2,1,30-November.csv,0,0,0,0,0,0,0,1,13,0,0,0,0,0,0,0,1,13,0,3,0,72.53219999999999,341.14171285320214,0.0,0.0,0.0,0.0,0.0,0.0,0.0,0.0033333333333333335,0.043333333333333335,0.0,0.0,0.0,0.0,0.0,0.0,0.0,0.0033333333333333335,0.043333333333333335,0.0,4.703314015750276,-0.2588190451025208,-0.9659258262890683
wazuh-agent,2024-11-30 13:55:00+00:00,50,4,0,39,1,30-November.csv,0,0,0,0,0,0,0,38,0,0,0,0,0,0,0,0,28,0,0,4,0,4.98848,19.89986447727415,0.0,0.0,0.0,0.0,0.0,0.0,0.0,0.12666666666666668,0.0,0.0,0.0,0.0,0.0,0.0,0.0,0.0,0.09333333333333334,0.0,0.0,3.989163929147586,-0.2588190451025208,-0.9659258262890683
wazuh-agent,2024-12-01 07:00:00+00:00,10,6,2,3,1,01-03-December.csv,7,1,0,0,0,0,0,2,0,0,0,0,0,0,0,0,2,0,10,7,1,26.707800000000002,28.28639434545638,0.023333333333333334,0.0033333333333333335,0.0,0.0,0.0,0.0,0.0,0.006666666666666667,0.0,0.0,0.0,0.0,0.0,0.0,0.0,0.0,0.006666666666666667,0.0,0.03333333333333333,1.0591061167694973,0.9659258262890683,-0.25881904510252063
wazuh-agent,2024-12-01 07:05:00+00:00,18,4,1,12,1,01-03-December.csv,5,0,0,0,0,0,0,13,0,0,0,0,0,1,0,0,12,0,18,6,0,17.121388888888887,25.310959405292003,0.016666666666666666,0.0,0.0,0.0,0.0,0.0,0.0,0.043333333333333335,0.0,0.0,0.0,0.0,0.0,0.0033333333333333335,0.0,0.0,0.04,0.0,0.06,1.4783239589702812,0.9659258262890683,-0.25881904510252063
wazuh-agent,2024-12-01 07:35:00+00:00,7,4,1,4,1,01-03-December.csv,4,0,0,0,0,0,0,3,0,0,0,0,0,0,0,0,3,0,7,4,0,42.30642857142857,31.68663242787166,0.013333333333333334,0.0,0.0,0.0,0.0,0.0,0.0,0.01,0.0,0.0,0.0,0.0,0.0,0.0,0.0,0.0,0.01,0.0,0.023333333333333334,0.748979138581106,0.9659258262890683,-0.25881904510252063
wazuh-agent,2024-12-01 08:45:00+00:00,24,11,1,5,1,01-03-December.csv,19,0,0,0,0,0,0,4,0,0,0,0,0,0,3,0,2,0,24,13,0,13.422916666666666,28.891778169902256,0.06333333333333334,0.0,0.0,0.0,0.0,0.0,0.0,0.013333333333333334,0.0,0.0,0.0,0.0,0.0,0.0,0.01,0.0,0.006666666666666667,0.0,0.08,2.1524217789155804,0.8660254037844387,-0.4999999999999998
wazuh-agent,2024-12-01 09:10:00+00:00,17,4,1,12,1,01-03-December.csv,4,0,0,0,0,0,0,13,0,0,0,0,0,1,0,0,12,0,17,6,0,16.079,26.091145761062315,0.013333333333333334,0.0,0.0,0.0,0.0,0.0,0.0,0.043333333333333335,0.0,0.0,0.0,0.0,0.0,0.0033333333333333335,0.0,0.0,0.04,0.0,0.056666666666666664,1.6226846048300463,0.7071067811865476,-0.7071067811865475
wazuh-agent,2024-12-01 09:35:00+00:00,27,10,1,15,1,01-03-December.csv,13,0,0,0,0,0,0,14,0,0,0,0,0,2,4,0,12,0,27,11,0,9.347296296296296,23.93531576307408,0.043333333333333335,0.0,0.0,0.0,0.0,0.0,0.0,0.04666666666666667,0.0,0.0,0.0,0.0,0.0,0.006666666666666667,0.013333333333333334,0.0,0.04,0.0,0.09,2.5606672779334096,0.7071067811865476,-0.7071067811865475
wazuh-agent,2024-12-01 09:40:00+00:00,9,4,1,3,1,01-03-December.csv,7,0,0,0,0,0,0,2,0,0,0,0,0,0,0,0,2,0,9,4,0,39.760444444444445,33.09608836823134,0.023333333333333334,0.0,0.0,0.0,0.0,0.0,0.0,0.006666666666666667,0.0,0.0,0.0,0.0,0.0,0.0,0.0,0.0,0.006666666666666667,0.0,0.03,0.8323872841631607,0.7071067811865476,-0.7071067811865475
wazuh-agent,2024-12-01 09:50:00+00:00,8,5,1,4,1,01-03-December.csv,5,0,0,0,0,0,0,3,0,0,0,0,0,0,0,0,2,0,8,5,0,38.325625,35.79630019564073,0.016666666666666666,0.0,0.0,0.0,0.0,0.0,0.0,0.01,0.0,0.0,0.0,0.0,0.0,0.0,0.0,0.0,0.006666666666666667,0.0,0.02666666666666667,0.9340043429335002,0.7071067811865476,-0.7071067811865475
wazuh-agent,2024-12-01 10:10:00+00:00,9,5,1,5,1,01-03-December.csv,5,0,0,0,0,0,0,4,0,0,0,0,0,0,0,0,2,0,9,5,0,32.778666666666666,31.255914352326986,0.016666666666666666,0.0,0.0,0.0,0.0,0.0,0.0,0.013333333333333334,0.0,0.0,0.0,0.0,0.0,0.0,0.0,0.0,0.006666666666666667,0.0,0.03,0.9535444095446323,0.49999999999999994,-0.8660254037844387
wazuh-agent,2024-12-01 10:15:00+00:00,8,6,1,5,1,01-03-December.csv,3,0,0,0,0,0,0,4,0,0,0,0,0,0,0,0,3,0,8,6,0,37.604875,41.70817453428216,0.01,0.0,0.0,0.0,0.0,0.0,0.0,0.013333333333333334,0.0,0.0,0.0,0.0,0.0,0.0,0.0,0.0,0.01,0.0,0.02666666666666667,1.1091161593884347,0.49999999999999994,-0.8660254037844387
wazuh-agent,2024-12-01 10:35:00+00:00,9,3,1,8,1,01-03-December.csv,2,0,0,0,0,0,0,7,0,0,0,0,0,1,0,0,6,0,9,4,0,33.89655555555556,26.541422583911697,0.006666666666666667,0.0,0.0,0.0,0.0,0.0,0.0,0.023333333333333334,0.0,0.0,0.0,0.0,0.0,0.0033333333333333335,0.0,0.0,0.02,0.0,0.03,0.7830123783642561,0.49999999999999994,-0.8660254037844387
wazuh-agent,2024-12-01 11:10:00+00:00,21,4,2,3,1,01-03-December.csv,6,2,0,0,0,0,0,2,0,0,0,0,0,1,0,0,2,0,19,4,1,13.257809523809524,24.15749501214695,0.02,0.006666666666666667,0.0,0.0,0.0,0.0,0.0,0.006666666666666667,0.0,0.0,0.0,0.0,0.0,0.0033333333333333335,0.0,0.0,0.006666666666666667,0.0,0.06333333333333334,1.8221332090163782,0.258819045102521,-0.9659258262890682
wazuh-agent,2024-12-01 11:15:00+00:00,10,5,1,5,1,01-03-December.csv,6,0,0,0,0,0,0,4,0,0,0,0,0,1,0,0,3,0,10,6,0,32.0831,28.006364159478707,0.02,0.0,0.0,0.0,0.0,0.0,0.0,0.013333333333333334,0.0,0.0,0.0,0.0,0.0,0.0033333333333333335,0.0,0.0,0.01,0.0,0.03333333333333333,0.8729319847358487,0.258819045102521,-0.9659258262890682
wazuh-agent,2024-12-01 12:10:00+00:00,21,5,1,14,1,01-03-December.csv,6,0,0,0,0,0,0,15,0,0,0,0,0,1,0,0,14,0,21,7,0,14.73352380952381,21.082406225616296,0.02,0.0,0.0,0.0,0.0,0.0,0.0,0.05,0.0,0.0,0.0,0.0,0.0,0.0033333333333333335,0.0,0.0,0.04666666666666667,0.0,0.07,1.4309140500379511,1.2246467991473532e-16,-1.0
wazuh-agent,2024-12-01 14:05:00+00:00,32,2,1,28,1,01-03-December.csv,0,0,0,0,0,0,0,27,0,0,0,0,0,0,0,0,27,0,32,2,0,18.970375,87.39353721870272,0.0,0.0,0.0,0.0,0.0,0.0,0.0,0.09,0.0,0.0,0.0,0.0,0.0,0.0,0.0,0.0,0.09,0.0,0.10666666666666667,4.606842891545513,-0.4999999999999997,-0.8660254037844388
wazuh-agent,2024-12-01 14:10:00+00:00,2,1,1,1,1,01-03-December.csv,0,0,0,0,0,0,0,0,0,0,0,0,0,0,0,0,0,0,2,1,0,60.254,3.3375440072005036,0.0,0.0,0.0,0.0,0.0,0.0,0.0,0.0,0.0,0.0,0.0,0.0,0.0,0.0,0.0,0.0,0.0,0.0,0.006666666666666667,0.05539124385435828,-0.4999999999999997,-0.8660254037844388
wazuh-agent,2024-12-01 14:20:00+00:00,8,1,1,1,1,01-03-December.csv,0,0,0,0,0,0,0,0,0,0,0,0,0,0,0,0,0,0,8,1,0,94.78887499999999,247.18992415690494,0.0,0.0,0.0,0.0,0.0,0.0,0.0,0.0,0.0,0.0,0.0,0.0,0.0,0.0,0.0,0.0,0.0,0.0,0.02666666666666667,2.6077946822019458,-0.4999999999999997,-0.8660254037844388
wazuh-agent,2024-12-01 17:35:00+00:00,4,2,1,3,1,01-03-December.csv,0,0,0,0,0,0,0,2,0,0,0,0,0,0,0,0,2,0,4,2,0,650.0287500000001,1288.362205274944,0.0,0.0,0.0,0.0,0.0,0.0,0.0,0.006666666666666667,0.0,0.0,0.0,0.0,0.0,0.0,0.0,0.0,0.006666666666666667,0.0,0.013333333333333334,1.982008034682995,-0.9659258262890683,-0.25881904510252063
wazuh-agent,2024-12-01 17:50:00+00:00,6,4,1,5,1,01-03-December.csv,2,0,0,0,0,0,0,4,0,0,0,0,0,1,0,0,3,0,6,5,0,19.492166666666666,30.31423622931422,0.006666666666666667,0.0,0.0,0.0,0.0,0.0,0.0,0.013333333333333334,0.0,0.0,0.0,0.0,0.0,0.0033333333333333335,0.0,0.0,0.01,0.0,0.02,1.5552009557333741,-0.9659258262890683,-0.25881904510252063
wazuh-agent,2024-12-01 18:15:00+00:00,5,2,1,2,1,01-03-December.csv,0,0,0,0,0,0,0,1,0,0,0,0,0,0,0,0,0,0,5,2,0,97.4016,125.93502236193076,0.0,0.0,0.0,0.0,0.0,0.0,0.0,0.0033333333333333335,0.0,0.0,0.0,0.0,0.0,0.0,0.0,0.0,0.0,0.0,0.016666666666666666,1.2929461360175887,-1.0,-1.8369701987210297e-16
wazuh-agent,2024-12-01 18:40:00+00:00,11,4,1,7,1,01-03-December.csv,5,0,0,0,0,0,0,6,0,0,0,0,0,1,1,0,5,0,11,6,0,26.361818181818183,25.792049747230955,0.016666666666666666,0.0,0.0,0.0,0.0,0.0,0.0,0.02,0.0,0.0,0.0,0.0,0.0,0.0033333333333333335,0.0033333333333333335,0.0,0.016666666666666666,0.0,0.03666666666666667,0.9783866032814004,-1.0,-1.8369701987210297e-16
wazuh-agent,2024-12-01 19:10:00+00:00,19,10,1,7,1,01-03-December.csv,12,0,0,0,0,0,0,7,0,0,0,0,0,0,3,0,5,0,19,12,0,18.216368421052632,30.782290291317626,0.04,0.0,0.0,0.0,0.0,0.0,0.0,0.023333333333333334,0.0,0.0,0.0,0.0,0.0,0.0,0.01,0.0,0.016666666666666666,0.0,0.06333333333333334,1.6898148730755014,-0.9659258262890684,0.2588190451025203
wazuh-agent,2024-12-01 19:40:00+00:00,6,4,1,4,1,01-03-December.csv,3,0,0,0,0,0,0,3,0,0,0,0,0,0,0,0,3,0,6,4,0,45.356833333333334,38.672092260009244,0.01,0.0,0.0,0.0,0.0,0.0,0.0,0.01,0.0,0.0,0.0,0.0,0.0,0.0,0.0,0.0,0.01,0.0,0.02,0.852618876097521,-0.9659258262890684,0.2588190451025203
wazuh-agent,2024-12-01 19:55:00+00:00,14,6,1,8,1,01-03-December.csv,6,0,0,0,0,0,0,7,0,0,0,0,0,3,0,0,6,0,14,8,0,21.776214285714286,28.701833589721893,0.02,0.0,0.0,0.0,0.0,0.0,0.0,0.023333333333333334,0.0,0.0,0.0,0.0,0.0,0.01,0.0,0.0,0.02,0.0,0.04666666666666667,1.318035964063367,-0.9659258262890684,0.2588190451025203
wazuh-agent,2024-12-01 20:00:00+00:00,39,9,1,4,1,01-03-December.csv,13,0,0,0,0,0,0,3,0,0,0,0,0,3,1,0,2,0,39,11,0,8.10628205128205,19.573658752125755,0.043333333333333335,0.0,0.0,0.0,0.0,0.0,0.0,0.01,0.0,0.0,0.0,0.0,0.0,0.01,0.0033333333333333335,0.0,0.006666666666666667,0.0,0.13,2.4146283867621015,-0.8660254037844386,0.5000000000000001
wazuh-agent,2024-12-01 20:05:00+00:00,10,6,1,3,1,01-03-December.csv,7,0,0,0,0,0,0,2,0,0,0,0,0,0,0,0,1,0,10,6,0,29.2993,24.76777984510431,0.023333333333333334,0.0,0.0,0.0,0.0,0.0,0.0,0.006666666666666667,0.0,0.0,0.0,0.0,0.0,0.0,0.0,0.0,0.0033333333333333335,0.0,0.03333333333333333,0.8453369140253969,-0.8660254037844386,0.5000000000000001
wazuh-agent,2024-12-01 20:15:00+00:00,12,6,1,7,1,01-03-December.csv,6,0,0,0,0,0,0,6,0,0,0,0,0,1,0,0,4,0,12,8,0,23.258499999999998,29.228047661294607,0.02,0.0,0.0,0.0,0.0,0.0,0.0,0.02,0.0,0.0,0.0,0.0,0.0,0.0033333333333333335,0.0,0.0,0.013333333333333334,0.0,0.04,1.256660905101129,-0.8660254037844386,0.5000000000000001
wazuh-agent,2024-12-01 20:30:00+00:00,16,9,1,4,1,01-03-December.csv,12,0,0,0,0,0,0,3,0,0,0,0,0,2,1,0,2,0,16,10,0,19.008,24.607576773560346,0.04,0.0,0.0,0.0,0.0,0.0,0.0,0.01,0.0,0.0,0.0,0.0,0.0,0.006666666666666667,0.0033333333333333335,0.0,0.006666666666666667,0.0,0.05333333333333334,1.2945905289120554,-0.8660254037844386,0.5000000000000001
wazuh-agent,2024-12-01 20:40:00+00:00,12,5,1,10,1,01-03-December.csv,2,0,0,0,0,0,0,9,0,0,0,0,0,0,0,0,8,0,12,5,0,24.175083333333333,22.259536805841357,0.006666666666666667,0.0,0.0,0.0,0.0,0.0,0.0,0.03,0.0,0.0,0.0,0.0,0.0,0.0,0.0,0.0,0.02666666666666667,0.0,0.04,0.9207636018838139,-0.8660254037844386,0.5000000000000001
wazuh-agent,2024-12-01 20:45:00+00:00,14,5,2,6,1,01-03-December.csv,3,1,0,0,0,0,1,5,0,1,0,0,0,0,0,0,4,0,14,6,1,23.87371428571429,23.69697237535297,0.01,0.0033333333333333335,0.0,0.0,0.0,0.0,0.0033333333333333335,0.016666666666666666,0.0,0.0033333333333333335,0.0,0.0,0.0,0.0,0.0,0.0,0.013333333333333334,0.0,0.04666666666666667,0.9925967987952725,-0.8660254037844386,0.5000000000000001
wazuh-agent,2024-12-01 20:55:00+00:00,32,5,1,5,1,01-03-December.csv,3,0,0,0,0,0,0,4,0,0,0,0,0,0,0,0,4,0,32,5,0,10.41840625,15.127075870042571,0.01,0.0,0.0,0.0,0.0,0.0,0.0,0.013333333333333334,0.0,0.0,0.0,0.0,0.0,0.0,0.0,0.0,0.013333333333333334,0.0,0.10666666666666667,1.4519568067373616,-0.8660254037844386,0.5000000000000001
wazuh-agent,2024-12-01 21:00:00+00:00,10,4,1,4,1,01-03-December.csv,7,0,0,0,0,0,0,3,0,0,0,0,0,0,0,0,2,0,10,4,0,29.514,26.242487703891356,0.023333333333333334,0.0,0.0,0.0,0.0,0.0,0.0,0.01,0.0,0.0,0.0,0.0,0.0,0.0,0.0,0.0,0.006666666666666667,0.0,0.03333333333333333,0.8891538830348769,-0.7071067811865477,0.7071067811865474
wazuh-agent,2024-12-01 21:15:00+00:00,18,8,1,7,1,01-03-December.csv,10,0,0,0,0,0,0,7,0,0,0,0,0,2,0,1,6,0,18,10,0,18.52711111111111,25.134648325717954,0.03333333333333333,0.0,0.0,0.0,0.0,0.0,0.0,0.023333333333333334,0.0,0.0,0.0,0.0,0.0,0.006666666666666667,0.0,0.0033333333333333335,0.02,0.0,0.06,1.3566415279198147,-0.7071067811865477,0.7071067811865474
wazuh-agent,2024-12-01 21:20:00+00:00,30,10,1,17,1,01-03-December.csv,11,0,0,0,0,0,0,16,0,0,0,0,0,3,4,0,14,0,30,12,0,9.1056,17.948688369329677,0.03666666666666667,0.0,0.0,0.0,0.0,0.0,0.0,0.05333333333333334,0.0,0.0,0.0,0.0,0.0,0.01,0.013333333333333334,0.0,0.04666666666666667,0.0,0.1,1.9711703094062638,-0.7071067811865477,0.7071067811865474
wazuh-agent,2024-12-01 21:25:00+00:00,11,5,1,7,1,01-03-December.csv,5,0,0,0,0,0,0,6,0,0,0,0,0,2,0,0,5,0,11,5,0,29.587454545454545,25.324176829123726,0.016666666666666666,0.0,0.0,0.0,0.0,0.0,0.0,0.02,0.0,0.0,0.0,0.0,0.0,0.006666666666666667,0.0,0.0,0.016666666666666666,0.0,0.03666666666666667,0.855909277028842,-0.7071067811865477,0.7071067811865474
wazuh-agent,2024-12-02 06:50:00+00:00,18,6,1,11,1,01-03-December.csv,4,0,0,0,0,0,0,12,0,0,0,0,0,1,0,0,11,0,18,8,0,19.21377777777778,31.534105049007337,0.013333333333333334,0.0,0.0,0.0,0.0,0.0,0.0,0.04,0.0,0.0,0.0,0.0,0.0,0.0033333333333333335,0.0,0.0,0.03666666666666667,0.0,0.06,1.6412235747557657,1.0,6.123233995736766e-17
wazuh-agent,2024-12-02 06:55:00+00:00,28,5,1,13,1,01-03-December.csv,2,0,0,0,0,0,0,21,0,0,0,0,0,0,0,0,2,0,28,5,0,9.605642857142856,24.215666741173504,0.006666666666666667,0.0,0.0,0.0,0.0,0.0,0.0,0.07,0.0,0.0,0.0,0.0,0.0,0.0,0.0,0.0,0.006666666666666667,0.0,0.09333333333333334,2.5209834574649506,1.0,6.123233995736766e-17
wazuh-agent,2024-12-02 07:00:00+00:00,36,6,1,21,1,01-03-December.csv,8,0,0,0,0,0,0,25,0,0,0,0,0,2,0,0,23,0,36,8,0,8.367861111111111,18.6454441714749,0.02666666666666667,0.0,0.0,0.0,0.0,0.0,0.0,0.08333333333333333,0.0,0.0,0.0,0.0,0.0,0.006666666666666667,0.0,0.0,0.07666666666666666,0.0,0.12,2.2282210380758936,0.9659258262890683,-0.25881904510252063
wazuh-agent,2024-12-02 07:35:00+00:00,35,10,1,11,1,01-03-December.csv,20,0,0,0,0,0,0,14,0,0,0,0,0,0,6,0,10,0,35,12,0,8.203457142857141,14.448240563235,0.06666666666666667,0.0,0.0,0.0,0.0,0.0,0.0,0.04666666666666667,0.0,0.0,0.0,0.0,0.0,0.0,0.02,0.0,0.03333333333333333,0.0,0.11666666666666667,1.7612380136361503,0.9659258262890683,-0.25881904510252063
wazuh-agent,2024-12-02 08:05:00+00:00,17,5,1,9,1,01-03-December.csv,8,0,0,0,0,0,0,8,0,0,0,0,0,0,0,0,8,0,17,5,0,17.840000000000003,16.739564566469465,0.02666666666666667,0.0,0.0,0.0,0.0,0.0,0.0,0.02666666666666667,0.0,0.0,0.0,0.0,0.0,0.0,0.0,0.0,0.02666666666666667,0.0,0.056666666666666664,0.9383163994657769,0.8660254037844387,-0.4999999999999998
wazuh-agent,2024-12-02 08:25:00+00:00,30,6,1,12,1,01-03-December.csv,12,0,0,0,0,0,0,12,0,0,0,0,0,8,0,0,11,0,30,8,0,12.071866666666667,24.712291156194027,0.04,0.0,0.0,0.0,0.0,0.0,0.0,0.04,0.0,0.0,0.0,0.0,0.0,0.02666666666666667,0.0,0.0,0.03666666666666667,0.0,0.1,2.047097755348029,0.8660254037844387,-0.4999999999999998
wazuh-agent,2024-12-02 08:30:00+00:00,26,8,1,4,1,01-03-December.csv,22,0,0,0,0,0,0,4,0,0,0,0,0,2,0,0,2,0,26,9,0,10.388000000000002,17.61608393940038,0.07333333333333333,0.0,0.0,0.0,0.0,0.0,0.0,0.013333333333333334,0.0,0.0,0.0,0.0,0.0,0.006666666666666667,0.0,0.0,0.006666666666666667,0.0,0.08666666666666667,1.6958109298614148,0.8660254037844387,-0.4999999999999998
wazuh-agent,2024-12-02 08:35:00+00:00,16,5,1,4,1,01-03-December.csv,12,0,0,0,0,0,0,3,0,0,0,0,0,0,0,0,2,0,16,5,0,20.363125,17.034134490780566,0.04,0.0,0.0,0.0,0.0,0.0,0.0,0.01,0.0,0.0,0.0,0.0,0.0,0.0,0.0,0.0,0.006666666666666667,0.0,0.05333333333333334,0.8365186822150611,0.8660254037844387,-0.4999999999999998
wazuh-agent,2024-12-02 08:40:00+00:00,40,8,1,12,1,01-03-December.csv,10,0,0,0,0,0,0,14,0,0,0,0,0,0,0,0,12,0,40,8,0,7.579625,15.516458305391366,0.03333333333333333,0.0,0.0,0.0,0.0,0.0,0.0,0.04666666666666667,0.0,0.0,0.0,0.0,0.0,0.0,0.0,0.0,0.04,0.0,0.13333333333333333,2.0471274377546864,0.8660254037844387,-0.4999999999999998
wazuh-agent,2024-12-02 08:45:00+00:00,124,6,1,109,1,01-03-December.csv,6,0,0,0,0,0,0,108,0,0,0,0,0,2,0,0,2,0,124,7,0,2.3323225806451613,9.372775541882477,0.02,0.0,0.0,0.0,0.0,0.0,0.0,0.36,0.0,0.0,0.0,0.0,0.0,0.006666666666666667,0.0,0.0,0.006666666666666667,0.0,0.41333333333333333,4.018644599020177,0.8660254037844387,-0.4999999999999998
wazuh-agent,2024-12-02 18:05:00+00:00,3,2,1,1,1,01-03-December.csv,1,0,0,0,0,0,0,0,0,0,0,0,0,0,0,0,0,0,3,2,0,229.87099999999998,396.4025101787323,0.0033333333333333335,0.0,0.0,0.0,0.0,0.0,0.0,0.0,0.0,0.0,0.0,0.0,0.0,0.0,0.0,0.0,0.0,0.0,0.01,1.7244563697844981,-1.0,-1.8369701987210297e-16
wazuh-agent,2024-12-02 20:10:00+00:00,33,5,1,3,1,01-03-December.csv,27,0,0,0,0,0,0,2,0,0,0,0,0,0,0,0,1,0,33,5,0,227.87163636363633,1296.7211128104227,0.09,0.0,0.0,0.0,0.0,0.0,0.0,0.006666666666666667,0.0,0.0,0.0,0.0,0.0,0.0,0.0,0.0,0.0033333333333333335,0.0,0.11,5.690577087624552,-0.8660254037844386,0.5000000000000001
wazuh-agent,2024-12-02 20:20:00+00:00,4,2,1,2,1,01-03-December.csv,0,0,0,0,0,0,0,1,0,0,0,0,0,0,0,0,0,0,4,2,0,122.9305,195.83695063921587,0.0,0.0,0.0,0.0,0.0,0.0,0.0,0.0033333333333333335,0.0,0.0,0.0,0.0,0.0,0.0,0.0,0.0,0.0,0.0,0.013333333333333334,1.5930704799802806,-0.8660254037844386,0.5000000000000001
wazuh-agent,2024-12-02 20:25:00+00:00,11,3,1,8,1,01-03-December.csv,1,0,0,0,0,0,0,9,0,0,0,0,0,0,0,0,9,0,11,4,0,34.461363636363636,67.49392015177771,0.0033333333333333335,0.0,0.0,0.0,0.0,0.0,0.0,0.03,0.0,0.0,0.0,0.0,0.0,0.0,0.0,0.0,0.03,0.0,0.03666666666666667,1.958538868745116,-0.8660254037844386,0.5000000000000001
wazuh-agent,2024-12-02 20:30:00+00:00,14,6,1,8,1,03-04-December.csv,5,0,0,0,0,0,0,8,0,0,0,0,0,1,0,0,7,0,14,8,0,17.663500000000003,24.312279966969527,0.016666666666666666,0.0,0.0,0.0,0.0,0.0,0.0,0.02666666666666667,0.0,0.0,0.0,0.0,0.0,0.0033333333333333335,0.0,0.0,0.023333333333333334,0.0,0.04666666666666667,1.3764135062116525,-0.8660254037844386,0.5000000000000001
wazuh-agent,2024-12-02 20:45:00+00:00,25,6,1,18,1,03-04-December.csv,6,0,0,0,0,0,0,19,0,0,0,0,0,1,0,0,18,0,25,8,0,14.98344,26.838845966993436,0.02,0.0,0.0,0.0,0.0,0.0,0.0,0.06333333333333334,0.0,0.0,0.0,0.0,0.0,0.0033333333333333335,0.0,0.0,0.06,0.0,0.08333333333333333,1.7912339200472946,-0.8660254037844386,0.5000000000000001
wazuh-agent,2024-12-02 21:05:00+00:00,19,8,1,10,1,03-04-December.csv,10,0,0,0,0,0,0,9,0,0,0,0,0,0,3,0,7,0,19,9,0,14.038947368421054,18.585655653019927,0.03333333333333333,0.0,0.0,0.0,0.0,0.0,0.0,0.03,0.0,0.0,0.0,0.0,0.0,0.0,0.01,0.0,0.023333333333333334,0.0,0.06333333333333334,1.3238639027044259,-0.7071067811865477,0.7071067811865474
wazuh-agent,2024-12-02 21:20:00+00:00,20,9,1,8,1,03-04-December.csv,11,0,0,0,0,0,0,8,0,0,0,0,0,1,3,0,7,0,20,12,0,16.4184,26.711022807270528,0.03666666666666667,0.0,0.0,0.0,0.0,0.0,0.0,0.02666666666666667,0.0,0.0,0.0,0.0,0.0,0.0033333333333333335,0.01,0.0,0.023333333333333334,0.0,0.06666666666666667,1.6268956053738812,-0.7071067811865477,0.7071067811865474
wazuh-agent,2024-12-02 21:25:00+00:00,32,9,1,13,1,03-04-December.csv,17,0,0,0,0,0,0,13,0,0,0,0,0,4,0,0,12,0,32,13,0,9.3025,12.913265357513119,0.056666666666666664,0.0,0.0,0.0,0.0,0.0,0.0,0.043333333333333335,0.0,0.0,0.0,0.0,0.0,0.013333333333333334,0.0,0.0,0.04,0.0,0.10666666666666667,1.3881499981201955,-0.7071067811865477,0.7071067811865474
wazuh-agent,2024-12-02 21:35:00+00:00,18,7,1,6,1,03-04-December.csv,9,0,0,0,0,0,0,5,0,0,0,0,0,0,1,0,5,0,18,8,0,16.188444444444443,28.753336870746224,0.03,0.0,0.0,0.0,0.0,0.0,0.0,0.016666666666666666,0.0,0.0,0.0,0.0,0.0,0.0,0.0033333333333333335,0.0,0.016666666666666666,0.0,0.06,1.7761642861623932,-0.7071067811865477,0.7071067811865474
wazuh-agent,2024-12-02 21:50:00+00:00,46,12,1,16,1,03-04-December.csv,29,0,0,0,0,0,0,15,0,0,0,0,0,6,1,0,14,0,46,15,0,7.216434782608696,13.618883198872847,0.09666666666666666,0.0,0.0,0.0,0.0,0.0,0.0,0.05,0.0,0.0,0.0,0.0,0.0,0.02,0.0033333333333333335,0.0,0.04666666666666667,0.0,0.15333333333333332,1.8872038075773625,-0.7071067811865477,0.7071067811865474
wazuh-agent,2024-12-02 22:00:00+00:00,22,6,1,12,1,03-04-December.csv,8,0,0,0,0,0,0,13,0,0,0,0,0,2,0,0,11,0,22,7,0,13.229681818181819,14.880129525762309,0.02666666666666667,0.0,0.0,0.0,0.0,0.0,0.0,0.043333333333333335,0.0,0.0,0.0,0.0,0.0,0.006666666666666667,0.0,0.0,0.03666666666666667,0.0,0.07333333333333333,1.1247533939412093,-0.5000000000000004,0.8660254037844384
wazuh-agent,2024-12-02 22:05:00+00:00,19,5,1,7,1,03-04-December.csv,10,0,0,0,0,0,0,7,0,0,0,0,0,0,1,0,5,0,19,7,0,16.275736842105264,17.89412440452671,0.03333333333333333,0.0,0.0,0.0,0.0,0.0,0.0,0.023333333333333334,0.0,0.0,0.0,0.0,0.0,0.0,0.0033333333333333335,0.0,0.016666666666666666,0.0,0.06333333333333334,1.0994355941068477,-0.5000000000000004,0.8660254037844384
wazuh-agent,2024-12-02 22:15:00+00:00,30,7,1,9,1,03-04-December.csv,14,0,0,0,0,0,0,9,0,0,0,0,0,4,6,0,7,0,30,8,0,8.382533333333333,13.57825565642599,0.04666666666666667,0.0,0.0,0.0,0.0,0.0,0.0,0.03,0.0,0.0,0.0,0.0,0.0,0.013333333333333334,0.02,0.0,0.023333333333333334,0.0,0.1,1.619827218870905,-0.5000000000000004,0.8660254037844384
wazuh-agent,2024-12-02 22:35:00+00:00,28,7,1,5,1,03-04-December.csv,24,0,0,0,0,0,0,4,0,0,0,0,0,4,2,0,3,0,28,7,0,10.264750000000001,15.348469805802456,0.08,0.0,0.0,0.0,0.0,0.0,0.0,0.013333333333333334,0.0,0.0,0.0,0.0,0.0,0.013333333333333334,0.006666666666666667,0.0,0.01,0.0,0.09333333333333334,1.495259972800356,-0.5000000000000004,0.8660254037844384
wazuh-agent,2024-12-02 22:50:00+00:00,10,2,1,9,1,03-04-December.csv,0,0,0,0,0,0,0,10,0,0,0,0,0,0,0,0,8,0,10,2,0,32.2184,26.010585307609755,0.0,0.0,0.0,0.0,0.0,0.0,0.0,0.03333333333333333,0.0,0.0,0.0,0.0,0.0,0.0,0.0,0.0,0.02666666666666667,0.0,0.03333333333333333,0.8073208262238272,-0.5000000000000004,0.8660254037844384
wazuh-agent,2024-12-02 22:55:00+00:00,18,2,1,11,1,03-04-December.csv,0,0,0,0,0,0,2,10,0,2,0,0,0,0,0,0,10,0,18,2,0,16.351055555555558,24.375443338284303,0.0,0.0,0.0,0.0,0.0,0.0,0.006666666666666667,0.03333333333333333,0.0,0.006666666666666667,0.0,0.0,0.0,0.0,0.0,0.0,0.03333333333333333,0.0,0.06,1.4907565603617754,-0.5000000000000004,0.8660254037844384
wazuh-agent,2024-12-02 23:00:00+00:00,15,4,1,2,1,03-04-December.csv,11,0,0,0,0,0,0,1,0,0,0,0,0,0,0,0,0,0,15,4,0,19.8308,27.849062944481886,0.03666666666666667,0.0,0.0,0.0,0.0,0.0,0.0,0.0033333333333333335,0.0,0.0,0.0,0.0,0.0,0.0,0.0,0.0,0.0,0.0,0.05,1.4043338112674166,-0.25881904510252157,0.9659258262890681
wazuh-agent,2024-12-02 23:20:00+00:00,18,5,1,5,1,03-04-December.csv,12,0,0,0,0,0,0,5,0,0,0,0,0,0,0,0,3,0,18,5,0,17.38988888888889,26.441374091928,0.04,0.0,0.0,0.0,0.0,0.0,0.0,0.016666666666666666,0.0,0.0,0.0,0.0,0.0,0.0,0.0,0.0,0.01,0.0,0.06,1.5205027623162373,-0.25881904510252157,0.9659258262890681
wazuh-agent,2024-12-03 06:35:00+00:00,77,9,1,5,1,03-04-December.csv,33,0,0,0,0,0,0,4,13,0,0,0,0,0,4,0,3,13,77,10,0,10.150441558441559,57.115392463644554,0.11,0.0,0.0,0.0,0.0,0.0,0.0,0.013333333333333334,0.043333333333333335,0.0,0.0,0.0,0.0,0.0,0.013333333333333334,0.0,0.01,0.043333333333333335,0.25666666666666665,5.6268874742838015,1.0,6.123233995736766e-17
wazuh-agent,2024-12-03 06:40:00+00:00,3,2,1,2,1,03-04-December.csv,0,0,0,0,0,0,0,1,0,0,0,0,0,0,0,0,0,0,3,2,0,71.788,65.17925278031345,0.0,0.0,0.0,0.0,0.0,0.0,0.0,0.0033333333333333335,0.0,0.0,0.0,0.0,0.0,0.0,0.0,0.0,0.0,0.0,0.01,0.9079407809148249,1.0,6.123233995736766e-17
wazuh-agent,2024-12-03 06:45:00+00:00,19,4,1,11,1,03-04-December.csv,2,0,0,0,0,0,0,12,0,0,0,0,0,0,0,0,11,0,19,5,0,14.827421052631578,33.45122774912719,0.006666666666666667,0.0,0.0,0.0,0.0,0.0,0.0,0.04,0.0,0.0,0.0,0.0,0.0,0.0,0.0,0.0,0.03666666666666667,0.0,0.06333333333333334,2.2560381626979056,1.0,6.123233995736766e-17
wazuh-agent,2024-12-03 08:10:00+00:00,15,2,1,10,1,03-04-December.csv,3,0,0,0,0,0,0,12,0,0,0,0,0,0,0,0,12,0,15,3,0,21.69993333333333,64.58216968269036,0.01,0.0,0.0,0.0,0.0,0.0,0.0,0.04,0.0,0.0,0.0,0.0,0.0,0.0,0.0,0.0,0.04,0.0,0.05,2.9761459950425517,0.8660254037844387,-0.4999999999999998
wazuh-agent,2024-12-03 08:15:00+00:00,16,2,1,10,1,03-04-December.csv,0,0,0,0,0,0,0,9,0,0,0,0,0,0,0,0,0,0,16,2,0,15.65575,44.388378512849506,0.0,0.0,0.0,0.0,0.0,0.0,0.0,0.03,0.0,0.0,0.0,0.0,0.0,0.0,0.0,0.0,0.0,0.0,0.05333333333333334,2.835276400865465,0.8660254037844387,-0.4999999999999998
wazuh-agent,2024-12-03 08:20:00+00:00,2,2,1,2,1,03-04-December.csv,0,0,0,0,0,0,0,1,0,0,0,0,0,0,0,0,0,0,2,2,0,85.3115,27.792832034537252,0.0,0.0,0.0,0.0,0.0,0.0,0.0,0.0033333333333333335,0.0,0.0,0.0,0.0,0.0,0.0,0.0,0.0,0.0,0.0,0.006666666666666667,0.32578060442656914,0.8660254037844387,-0.4999999999999998
wazuh-agent,2024-12-03 08:55:00+00:00,80,8,1,19,1,03-04-December.csv,27,0,0,0,0,0,0,19,1,0,0,0,0,0,0,0,2,1,80,8,0,18.70925,160.26661384251028,0.09,0.0,0.0,0.0,0.0,0.0,0.0,0.06333333333333334,0.0033333333333333335,0.0,0.0,0.0,0.0,0.0,0.0,0.0,0.006666666666666667,0.0033333333333333335,0.26666666666666666,8.566169880808172,0.8660254037844387,-0.4999999999999998
wazuh-agent,2024-12-03 09:00:00+00:00,82,7,1,29,1,03-04-December.csv,0,0,0,0,0,0,0,29,20,0,0,0,0,0,0,0,1,20,82,7,0,4.1211219512195125,10.781632757760573,0.0,0.0,0.0,0.0,0.0,0.0,0.0,0.09666666666666666,0.06666666666666667,0.0,0.0,0.0,0.0,0.0,0.0,0.0,0.0033333333333333335,0.06666666666666667,0.2733333333333333,2.61618871884393,0.7071067811865476,-0.7071067811865475
wazuh-agent,2024-12-03 09:05:00+00:00,14,1,1,1,1,03-04-December.csv,0,0,0,0,0,0,0,0,0,0,0,0,0,0,0,0,0,0,14,1,0,18.729000000000003,19.539438977065373,0.0,0.0,0.0,0.0,0.0,0.0,0.0,0.0,0.0,0.0,0.0,0.0,0.0,0.0,0.0,0.0,0.0,0.0,0.04666666666666667,1.0432718766119584,0.7071067811865476,-0.7071067811865475
wazuh-agent,2024-12-03 09:10:00+00:00,29,2,1,13,1,03-04-December.csv,0,0,0,0,0,0,0,12,0,0,0,0,0,0,0,0,0,0,29,2,0,11.917724137931035,19.548439055142254,0.0,0.0,0.0,0.0,0.0,0.0,0.0,0.04,0.0,0.0,0.0,0.0,0.0,0.0,0.0,0.0,0.0,0.0,0.09666666666666666,1.6402828953662911,0.7071067811865476,-0.7071067811865475
wazuh-agent,2024-12-03 09:15:00+00:00,37,3,1,35,1,03-04-December.csv,0,0,0,0,0,0,0,34,0,0,0,0,0,0,0,0,0,0,37,3,0,5.951054054054055,15.090159455283628,0.0,0.0,0.0,0.0,0.0,0.0,0.0,0.11333333333333333,0.0,0.0,0.0,0.0,0.0,0.0,0.0,0.0,0.0,0.0,0.12333333333333334,2.535712046675784,0.7071067811865476,-0.7071067811865475
wazuh-agent,2024-12-03 09:20:00+00:00,4,1,1,1,1,03-04-December.csv,0,0,0,0,0,0,0,0,0,0,0,0,0,0,0,0,0,0,4,1,0,87.40825000000001,76.04714395853404,0.0,0.0,0.0,0.0,0.0,0.0,0.0,0.0,0.0,0.0,0.0,0.0,0.0,0.0,0.0,0.0,0.0,0.0,0.013333333333333334,0.8700224974019504,0.7071067811865476,-0.7071067811865475
wazuh-agent,2024-12-03 09:30:00+00:00,2,1,1,1,1,03-04-December.csv,0,0,0,0,0,0,0,0,0,0,0,0,0,0,0,0,0,0,2,1,0,271.0165,363.58652871152964,0.0,0.0,0.0,0.0,0.0,0.0,0.0,0.0,0.0,0.0,0.0,0.0,0.0,0.0,0.0,0.0,0.0,0.0,0.006666666666666667,1.341566025358344,0.7071067811865476,-0.7071067811865475
wazuh-agent,2024-12-03 09:35:00+00:00,9,1,1,1,1,03-04-December.csv,0,0,0,0,0,0,0,0,0,0,0,0,0,0,0,0,0,0,9,1,0,40.63955555555555,38.29611950025456,0.0,0.0,0.0,0.0,0.0,0.0,0.0,0.0,0.0,0.0,0.0,0.0,0.0,0.0,0.0,0.0,0.0,0.0,0.03,0.9423360806173817,0.7071067811865476,-0.7071067811865475
wazuh-agent,2024-12-03 09:40:00+00:00,4,1,1,1,1,03-04-December.csv,0,0,0,0,0,0,0,0,0,0,0,0,0,0,0,0,0,0,4,1,0,57.95675,78.07830937537433,0.0,0.0,0.0,0.0,0.0,0.0,0.0,0.0,0.0,0.0,0.0,0.0,0.0,0.0,0.0,0.0,0.0,0.0,0.013333333333333334,1.3471823277767359,0.7071067811865476,-0.7071067811865475
wazuh-agent,2024-12-03 10:05:00+00:00,8,1,1,1,1,03-04-December.csv,0,0,0,0,0,0,0,0,0,0,0,0,0,0,0,0,0,0,8,1,0,40.42,58.81536642020397,0.0,0.0,0.0,0.0,0.0,0.0,0.0,0.0,0.0,0.0,0.0,0.0,0.0,0.0,0.0,0.0,0.0,0.0,0.02666666666666667,1.4551055522069265,0.49999999999999994,-0.8660254037844387
wazuh-agent,2024-12-03 10:20:00+00:00,2,1,1,1,1,03-04-December.csv,0,0,0,0,0,0,0,0,0,0,0,0,0,0,0,0,0,0,2,1,0,272.8565,337.91996676802034,0.0,0.0,0.0,0.0,0.0,0.0,0.0,0.0,0.0,0.0,0.0,0.0,0.0,0.0,0.0,0.0,0.0,0.0,0.006666666666666667,1.2384530578088495,0.49999999999999994,-0.8660254037844387
wazuh-agent,2024-12-03 10:35:00+00:00,1,1,1,1,1,03-04-December.csv,0,0,0,0,0,0,0,0,0,0,0,0,0,0,0,0,0,0,1,1,0,96.532,,0.0,0.0,0.0,0.0,0.0,0.0,0.0,0.0,0.0,0.0,0.0,0.0,0.0,0.0,0.0,0.0,0.0,0.0,0.0033333333333333335,0.0,0.49999999999999994,-0.8660254037844387
wazuh-agent,2024-12-03 10:50:00+00:00,1,1,1,1,1,03-04-December.csv,0,0,0,0,0,0,0,0,0,0,0,0,0,0,0,0,0,0,1,1,0,449.424,,0.0,0.0,0.0,0.0,0.0,0.0,0.0,0.0,0.0,0.0,0.0,0.0,0.0,0.0,0.0,0.0,0.0,0.0,0.0033333333333333335,0.0,0.49999999999999994,-0.8660254037844387
wazuh-agent,2024-12-03 11:05:00+00:00,68,5,1,52,1,03-04-December.csv,1,0,0,0,0,0,0,51,3,0,0,0,0,0,1,0,0,3,68,5,0,4.812661764705882,20.797621438061235,0.0033333333333333335,0.0,0.0,0.0,0.0,0.0,0.0,0.17,0.01,0.0,0.0,0.0,0.0,0.0,0.0033333333333333335,0.0,0.0,0.01,0.22666666666666666,4.32143841700711,0.258819045102521,-0.9659258262890682
wazuh-agent,2024-12-03 11:10:00+00:00,46,5,1,18,1,03-04-December.csv,0,0,0,0,0,0,0,32,1,0,0,0,0,0,0,0,0,1,46,5,0,6.428108695652173,14.180709941839632,0.0,0.0,0.0,0.0,0.0,0.0,0.0,0.10666666666666667,0.0033333333333333335,0.0,0.0,0.0,0.0,0.0,0.0,0.0,0.0,0.0033333333333333335,0.15333333333333332,2.2060470059305537,0.258819045102521,-0.9659258262890682
wazuh-agent,2024-12-03 11:20:00+00:00,32,3,1,10,1,03-04-December.csv,0,0,0,0,0,0,0,27,0,0,0,0,0,0,0,0,0,0,32,3,0,9.36384375,25.326895673545735,0.0,0.0,0.0,0.0,0.0,0.0,0.0,0.09,0.0,0.0,0.0,0.0,0.0,0.0,0.0,0.0,0.0,0.0,0.10666666666666667,2.704754196004791,0.258819045102521,-0.9659258262890682
wazuh-agent,2024-12-03 11:45:00+00:00,10,2,1,10,1,03-04-December.csv,0,0,0,0,0,0,0,9,0,0,0,0,0,0,0,0,0,0,10,2,0,2.6794000000000002,7.768746405380414,0.0,0.0,0.0,0.0,0.0,0.0,0.0,0.03,0.0,0.0,0.0,0.0,0.0,0.0,0.0,0.0,0.0,0.0,0.03333333333333333,2.8994350994179343,0.258819045102521,-0.9659258262890682
wazuh-agent,2024-12-03 12:10:00+00:00,11,2,1,10,1,03-04-December.csv,0,0,0,0,0,0,0,9,0,0,0,0,0,0,0,0,0,0,11,2,0,37.345,100.95659159757724,0.0,0.0,0.0,0.0,0.0,0.0,0.0,0.03,0.0,0.0,0.0,0.0,0.0,0.0,0.0,0.0,0.0,0.0,0.03666666666666667,2.703349621035674,1.2246467991473532e-16,-1.0
wazuh-agent,2024-12-03 12:35:00+00:00,3,1,1,1,1,03-04-December.csv,0,0,0,0,0,0,0,0,0,0,0,0,0,0,0,0,0,0,3,1,0,405.9253333333333,641.4264561563806,0.0,0.0,0.0,0.0,0.0,0.0,0.0,0.0,0.0,0.0,0.0,0.0,0.0,0.0,0.0,0.0,0.0,0.0,0.01,1.5801587225147662,1.2246467991473532e-16,-1.0
wazuh-agent,2024-12-03 12:50:00+00:00,1,1,1,1,1,03-04-December.csv,0,0,0,0,0,0,0,0,0,0,0,0,0,0,0,0,0,0,1,1,0,360.349,,0.0,0.0,0.0,0.0,0.0,0.0,0.0,0.0,0.0,0.0,0.0,0.0,0.0,0.0,0.0,0.0,0.0,0.0,0.0033333333333333335,0.0,1.2246467991473532e-16,-1.0
wazuh-agent,2024-12-03 12:55:00+00:00,4,1,1,1,1,03-04-December.csv,0,0,0,0,0,0,0,0,0,0,0,0,0,0,0,0,0,0,4,1,0,110.34049999999999,173.22368286986625,0.0,0.0,0.0,0.0,0.0,0.0,0.0,0.0,0.0,0.0,0.0,0.0,0.0,0.0,0.0,0.0,0.0,0.0,0.013333333333333334,1.5699011955706768,1.2246467991473532e-16,-1.0
wazuh-agent,2024-12-03 14:40:00+00:00,2,1,1,1,1,03-04-December.csv,0,0,0,0,0,0,0,0,0,0,0,0,0,0,0,0,0,0,2,1,0,315.143,389.38107698243374,0.0,0.0,0.0,0.0,0.0,0.0,0.0,0.0,0.0,0.0,0.0,0.0,0.0,0.0,0.0,0.0,0.0,0.0,0.006666666666666667,1.2355694937930837,-0.4999999999999997,-0.8660254037844388
wazuh-agent,2024-12-03 14:50:00+00:00,4,1,1,1,1,03-04-December.csv,0,0,0,0,0,0,0,0,0,0,0,0,0,0,0,0,0,0,4,1,0,155.80425,226.7696137366071,0.0,0.0,0.0,0.0,0.0,0.0,0.0,0.0,0.0,0.0,0.0,0.0,0.0,0.0,0.0,0.0,0.0,0.0,0.013333333333333334,1.4554777147388926,-0.4999999999999997,-0.8660254037844388
wazuh-agent,2024-12-03 15:00:00+00:00,3,1,1,1,1,03-04-December.csv,0,0,0,0,0,0,0,0,0,0,0,0,0,0,0,0,0,0,3,1,0,189.22666666666666,277.2933510424174,0.0,0.0,0.0,0.0,0.0,0.0,0.0,0.0,0.0,0.0,0.0,0.0,0.0,0.0,0.0,0.0,0.0,0.0,0.01,1.4654031375550525,-0.7071067811865471,-0.7071067811865479
wazuh-agent,2024-12-03 15:15:00+00:00,2,1,1,1,1,03-04-December.csv,0,0,0,0,0,0,0,0,0,0,0,0,0,0,0,0,0,0,2,1,0,246.0255,295.7693315414903,0.0,0.0,0.0,0.0,0.0,0.0,0.0,0.0,0.0,0.0,0.0,0.0,0.0,0.0,0.0,0.0,0.0,0.0,0.006666666666666667,1.2021897386307123,-0.7071067811865471,-0.7071067811865479
wazuh-agent,2024-12-03 15:20:00+00:00,10,1,1,1,1,03-04-December.csv,0,0,0,0,0,0,0,0,0,0,0,0,0,0,0,0,0,0,10,1,0,37.3219,69.05784079459124,0.0,0.0,0.0,0.0,0.0,0.0,0.0,0.0,0.0,0.0,0.0,0.0,0.0,0.0,0.0,0.0,0.0,0.0,0.03333333333333333,1.8503302563532738,-0.7071067811865471,-0.7071067811865479
wazuh-agent,2024-12-03 15:35:00+00:00,12,2,1,10,1,03-04-December.csv,0,0,0,0,0,0,0,9,0,0,0,0,0,0,0,0,0,0,12,2,0,60.52975000000001,192.08208627474633,0.0,0.0,0.0,0.0,0.0,0.0,0.0,0.03,0.0,0.0,0.0,0.0,0.0,0.0,0.0,0.0,0.0,0.0,0.04,3.173350067937606,-0.7071067811865471,-0.7071067811865479
wazuh-agent,2024-12-03 15:45:00+00:00,25,2,1,10,1,03-04-December.csv,0,0,0,0,0,0,0,9,0,0,0,0,0,0,0,0,0,0,25,2,0,21.820439999999998,69.18245024455264,0.0,0.0,0.0,0.0,0.0,0.0,0.0,0.03,0.0,0.0,0.0,0.0,0.0,0.0,0.0,0.0,0.0,0.0,0.08333333333333333,3.1705341525905366,-0.7071067811865471,-0.7071067811865479
wazuh-agent,2024-12-03 15:50:00+00:00,4,1,1,1,1,03-04-December.csv,0,0,0,0,0,0,0,0,0,0,0,0,0,0,0,0,0,0,4,1,0,76.905,128.63539207128548,0.0,0.0,0.0,0.0,0.0,0.0,0.0,0.0,0.0,0.0,0.0,0.0,0.0,0.0,0.0,0.0,0.0,0.0,0.013333333333333334,1.6726531704217604,-0.7071067811865471,-0.7071067811865479
wazuh-agent,2024-12-03 16:00:00+00:00,4,1,1,1,1,03-04-December.csv,0,0,0,0,0,0,0,0,0,0,0,0,0,0,0,0,0,0,4,1,0,154.21724999999998,270.4458961399057,0.0,0.0,0.0,0.0,0.0,0.0,0.0,0.0,0.0,0.0,0.0,0.0,0.0,0.0,0.0,0.0,0.0,0.0,0.013333333333333334,1.7536682578628897,-0.8660254037844385,-0.5000000000000004
wazuh-agent,2024-12-03 16:15:00+00:00,15,2,1,10,1,03-04-December.csv,0,0,0,0,0,0,0,9,0,0,0,0,0,0,0,0,0,0,15,2,0,56.620866666666664,198.51054085789815,0.0,0.0,0.0,0.0,0.0,0.0,0.0,0.03,0.0,0.0,0.0,0.0,0.0,0.0,0.0,0.0,0.0,0.0,0.05,3.5059608328949072,-0.8660254037844385,-0.5000000000000004
wazuh-agent,2024-12-03 16:25:00+00:00,2,1,1,1,1,03-04-December.csv,0,0,0,0,0,0,0,0,0,0,0,0,0,0,0,0,0,0,2,1,0,189.1865,226.0797156148689,0.0,0.0,0.0,0.0,0.0,0.0,0.0,0.0,0.0,0.0,0.0,0.0,0.0,0.0,0.0,0.0,0.0,0.0,0.006666666666666667,1.19500976874602,-0.8660254037844385,-0.5000000000000004
wazuh-agent,2024-12-03 16:35:00+00:00,4,1,1,1,1,03-04-December.csv,0,0,0,0,0,0,0,0,0,0,0,0,0,0,0,0,0,0,4,1,0,87.52125,121.99940486296099,0.0,0.0,0.0,0.0,0.0,0.0,0.0,0.0,0.0,0.0,0.0,0.0,0.0,0.0,0.0,0.0,0.0,0.0,0.013333333333333334,1.3939403843405,-0.8660254037844385,-0.5000000000000004
wazuh-agent,2024-12-03 16:40:00+00:00,3,1,1,1,1,03-04-December.csv,0,0,0,0,0,0,0,0,0,0,0,0,0,0,0,0,0,0,3,1,0,100.524,125.37431115264403,0.0,0.0,0.0,0.0,0.0,0.0,0.0,0.0,0.0,0.0,0.0,0.0,0.0,0.0,0.0,0.0,0.0,0.0,0.01,1.2472077429533646,-0.8660254037844385,-0.5000000000000004
wazuh-agent,2024-12-03 16:50:00+00:00,3,1,1,1,1,03-04-December.csv,0,0,0,0,0,0,0,0,0,0,0,0,0,0,0,0,0,0,3,1,0,176.41333333333333,193.09594437567387,0.0,0.0,0.0,0.0,0.0,0.0,0.0,0.0,0.0,0.0,0.0,0.0,0.0,0.0,0.0,0.0,0.0,0.0,0.01,1.094565477150294,-0.8660254037844385,-0.5000000000000004
wazuh-agent,2024-12-03 16:55:00+00:00,16,1,1,1,1,03-04-December.csv,0,0,0,0,0,0,0,0,0,0,0,0,0,0,0,0,0,0,16,1,0,20.8173125,56.25825720101746,0.0,0.0,0.0,0.0,0.0,0.0,0.0,0.0,0.0,0.0,0.0,0.0,0.0,0.0,0.0,0.0,0.0,0.0,0.05333333333333334,2.7024745485766934,-0.8660254037844385,-0.5000000000000004
wazuh-agent,2024-12-03 17:00:00+00:00,8,1,1,1,1,03-04-December.csv,0,0,0,0,0,0,0,0,0,0,0,0,0,0,0,0,0,0,8,1,0,40.136250000000004,38.826597329849626,0.0,0.0,0.0,0.0,0.0,0.0,0.0,0.0,0.0,0.0,0.0,0.0,0.0,0.0,0.0,0.0,0.0,0.0,0.02666666666666667,0.9673698297636083,-0.9659258262890683,-0.25881904510252063
wazuh-agent,2024-12-03 17:05:00+00:00,2,1,1,1,1,03-04-December.csv,0,0,0,0,0,0,0,0,0,0,0,0,0,0,0,0,0,0,2,1,0,151.579,196.9334812011406,0.0,0.0,0.0,0.0,0.0,0.0,0.0,0.0,0.0,0.0,0.0,0.0,0.0,0.0,0.0,0.0,0.0,0.0,0.006666666666666667,1.2992134873639527,-0.9659258262890683,-0.25881904510252063
wazuh-agent,2024-12-03 17:10:00+00:00,5,1,1,1,1,03-04-December.csv,0,0,0,0,0,0,0,0,0,0,0,0,0,0,0,0,0,0,5,1,0,57.46419999999999,55.685521966665625,0.0,0.0,0.0,0.0,0.0,0.0,0.0,0.0,0.0,0.0,0.0,0.0,0.0,0.0,0.0,0.0,0.0,0.0,0.016666666666666666,0.9690471975014989,-0.9659258262890683,-0.25881904510252063
wazuh-agent,2024-12-03 17:15:00+00:00,11,2,1,10,1,03-04-December.csv,0,0,0,0,0,0,0,9,0,0,0,0,0,0,0,0,0,0,11,2,0,19.486363636363638,37.67182606742797,0.0,0.0,0.0,0.0,0.0,0.0,0.0,0.03,0.0,0.0,0.0,0.0,0.0,0.0,0.0,0.0,0.0,0.0,0.03666666666666667,1.9332404326648363,-0.9659258262890683,-0.25881904510252063
wazuh-agent,2024-12-03 17:25:00+00:00,4,1,1,1,1,03-04-December.csv,0,0,0,0,0,0,0,0,0,0,0,0,0,0,0,0,0,0,4,1,0,79.55924999999999,50.158555563831776,0.0,0.0,0.0,0.0,0.0,0.0,0.0,0.0,0.0,0.0,0.0,0.0,0.0,0.0,0.0,0.0,0.0,0.0,0.013333333333333334,0.6304553595443871,-0.9659258262890683,-0.25881904510252063
wazuh-agent,2024-12-03 17:30:00+00:00,2,1,1,1,1,03-04-December.csv,0,0,0,0,0,0,0,0,0,0,0,0,0,0,0,0,0,0,2,1,0,192.185,99.00202043392851,0.0,0.0,0.0,0.0,0.0,0.0,0.0,0.0,0.0,0.0,0.0,0.0,0.0,0.0,0.0,0.0,0.0,0.0,0.006666666666666667,0.5151391650437261,-0.9659258262890683,-0.25881904510252063
wazuh-agent,2024-12-03 17:35:00+00:00,6,1,1,1,1,03-04-December.csv,0,0,0,0,0,0,0,0,0,0,0,0,0,0,0,0,0,0,6,1,0,49.21216666666667,75.25518270901125,0.0,0.0,0.0,0.0,0.0,0.0,0.0,0.0,0.0,0.0,0.0,0.0,0.0,0.0,0.0,0.0,0.0,0.0,0.02,1.5291987288172895,-0.9659258262890683,-0.25881904510252063
wazuh-agent,2024-12-03 17:45:00+00:00,4,1,1,1,1,03-04-December.csv,0,0,0,0,0,0,0,0,0,0,0,0,0,0,0,0,0,0,4,1,0,85.2715,97.75385736805138,0.0,0.0,0.0,0.0,0.0,0.0,0.0,0.0,0.0,0.0,0.0,0.0,0.0,0.0,0.0,0.0,0.0,0.0,0.013333333333333334,1.1463836964056149,-0.9659258262890683,-0.25881904510252063
wazuh-agent,2024-12-03 17:50:00+00:00,4,1,1,1,1,03-04-December.csv,0,0,0,0,0,0,0,0,0,0,0,0,0,0,0,0,0,0,4,1,0,57.225,49.545745912237514,0.0,0.0,0.0,0.0,0.0,0.0,0.0,0.0,0.0,0.0,0.0,0.0,0.0,0.0,0.0,0.0,0.0,0.0,0.013333333333333334,0.8658059574003935,-0.9659258262890683,-0.25881904510252063
wazuh-agent,2024-12-03 18:10:00+00:00,3,1,1,1,1,03-04-December.csv,0,0,0,0,0,0,0,0,0,0,0,0,0,0,0,0,0,0,3,1,0,90.39833333333333,104.51483844092824,0.0,0.0,0.0,0.0,0.0,0.0,0.0,0.0,0.0,0.0,0.0,0.0,0.0,0.0,0.0,0.0,0.0,0.0,0.01,1.156158908987204,-1.0,-1.8369701987210297e-16
wazuh-agent,2024-12-03 18:15:00+00:00,4,1,1,1,1,03-04-December.csv,0,0,0,0,0,0,0,0,0,0,0,0,0,0,0,0,0,0,4,1,0,22.2715,34.0201282625448,0.0,0.0,0.0,0.0,0.0,0.0,0.0,0.0,0.0,0.0,0.0,0.0,0.0,0.0,0.0,0.0,0.0,0.0,0.013333333333333334,1.527518499541782,-1.0,-1.8369701987210297e-16
wazuh-agent,2024-12-03 18:30:00+00:00,7,1,1,1,1,03-04-December.csv,0,0,0,0,0,0,0,0,0,0,0,0,0,0,0,0,0,0,7,1,0,62.94785714285714,140.33004946723347,0.0,0.0,0.0,0.0,0.0,0.0,0.0,0.0,0.0,0.0,0.0,0.0,0.0,0.0,0.0,0.0,0.0,0.0,0.023333333333333334,2.2293062200475093,-1.0,-1.8369701987210297e-16
wazuh-agent,2024-12-03 18:35:00+00:00,4,1,1,1,1,03-04-December.csv,0,0,0,0,0,0,0,0,0,0,0,0,0,0,0,0,0,0,4,1,0,84.77025,57.60921762111223,0.0,0.0,0.0,0.0,0.0,0.0,0.0,0.0,0.0,0.0,0.0,0.0,0.0,0.0,0.0,0.0,0.0,0.0,0.013333333333333334,0.6795923997052294,-1.0,-1.8369701987210297e-16
wazuh-agent,2024-12-03 18:50:00+00:00,6,1,1,1,1,03-04-December.csv,0,0,0,0,0,0,0,0,0,0,0,0,0,0,0,0,0,0,6,1,0,41.2105,78.75280041941366,0.0,0.0,0.0,0.0,0.0,0.0,0.0,0.0,0.0,0.0,0.0,0.0,0.0,0.0,0.0,0.0,0.0,0.0,0.02,1.9109887145124096,-1.0,-1.8369701987210297e-16
wazuh-agent,2024-12-03 19:00:00+00:00,1,1,1,1,1,03-04-December.csv,0,0,0,0,0,0,0,0,0,0,0,0,0,0,0,0,0,0,1,1,0,705.274,,0.0,0.0,0.0,0.0,0.0,0.0,0.0,0.0,0.0,0.0,0.0,0.0,0.0,0.0,0.0,0.0,0.0,0.0,0.0033333333333333335,0.0,-0.9659258262890684,0.2588190451025203
wazuh-agent,2024-12-03 19:05:00+00:00,4,1,1,1,1,03-04-December.csv,0,0,0,0,0,0,0,0,0,0,0,0,0,0,0,0,0,0,4,1,0,67.92775,78.69822656356368,0.0,0.0,0.0,0.0,0.0,0.0,0.0,0.0,0.0,0.0,0.0,0.0,0.0,0.0,0.0,0.0,0.0,0.0,0.013333333333333334,1.1585578289221072,-0.9659258262890684,0.2588190451025203
wazuh-agent,2024-12-03 19:10:00+00:00,11,1,1,1,1,03-04-December.csv,0,0,0,0,0,0,0,0,0,0,0,0,0,0,0,0,0,0,11,1,0,23.569636363636366,49.618795576419885,0.0,0.0,0.0,0.0,0.0,0.0,0.0,0.0,0.0,0.0,0.0,0.0,0.0,0.0,0.0,0.0,0.0,0.0,0.03666666666666667,2.10519987711701,-0.9659258262890684,0.2588190451025203
wazuh-agent,2024-12-03 19:20:00+00:00,8,1,1,1,1,03-04-December.csv,0,0,0,0,0,0,0,0,0,0,0,0,0,0,0,0,0,0,8,1,0,65.191875,166.52034549519553,0.0,0.0,0.0,0.0,0.0,0.0,0.0,0.0,0.0,0.0,0.0,0.0,0.0,0.0,0.0,0.0,0.0,0.0,0.02666666666666667,2.554311338570881,-0.9659258262890684,0.2588190451025203
wazuh-agent,2024-12-04 01:25:00+00:00,27,5,2,7,1,04-07-December.csv,4,2,0,0,0,0,0,6,0,0,0,0,0,1,0,0,2,0,25,6,1,11.11211111111111,27.45181002486039,0.013333333333333334,0.006666666666666667,0.0,0.0,0.0,0.0,0.0,0.02,0.0,0.0,0.0,0.0,0.0,0.0033333333333333335,0.0,0.0,0.006666666666666667,0.0,0.08333333333333333,2.4704405625868024,0.25881904510252074,0.9659258262890683
wazuh-agent,2024-12-04 01:45:00+00:00,1,1,1,1,1,04-07-December.csv,0,0,0,0,0,0,0,0,0,0,0,0,0,0,0,0,0,0,1,1,0,607.021,,0.0,0.0,0.0,0.0,0.0,0.0,0.0,0.0,0.0,0.0,0.0,0.0,0.0,0.0,0.0,0.0,0.0,0.0,0.0033333333333333335,0.0,0.25881904510252074,0.9659258262890683
wazuh-agent,2024-12-04 02:00:00+00:00,2,1,1,1,1,04-07-December.csv,0,0,0,0,0,0,0,0,0,0,0,0,0,0,0,0,0,0,2,1,0,365.5725,402.79135708763664,0.0,0.0,0.0,0.0,0.0,0.0,0.0,0.0,0.0,0.0,0.0,0.0,0.0,0.0,0.0,0.0,0.0,0.0,0.006666666666666667,1.1018097835248457,0.49999999999999994,0.8660254037844387
wazuh-agent,2024-12-04 02:15:00+00:00,2,1,1,1,1,04-07-December.csv,0,0,0,0,0,0,0,0,0,0,0,0,0,0,0,0,0,0,2,1,0,69.605,52.837847117383575,0.0,0.0,0.0,0.0,0.0,0.0,0.0,0.0,0.0,0.0,0.0,0.0,0.0,0.0,0.0,0.0,0.0,0.0,0.006666666666666667,0.7591099363175572,0.49999999999999994,0.8660254037844387
wazuh-agent,2024-12-04 03:00:00+00:00,1,1,1,1,1,04-07-December.csv,0,0,0,0,0,0,0,0,0,0,0,0,0,0,0,0,0,0,1,1,0,206.465,,0.0,0.0,0.0,0.0,0.0,0.0,0.0,0.0,0.0,0.0,0.0,0.0,0.0,0.0,0.0,0.0,0.0,0.0,0.0033333333333333335,0.0,0.7071067811865476,0.7071067811865476
wazuh-agent,2024-12-04 03:30:00+00:00,3,1,1,1,1,04-07-December.csv,0,0,0,0,0,0,0,0,0,0,0,0,0,0,0,0,0,0,3,1,0,296.8453333333334,466.18858721480234,0.0,0.0,0.0,0.0,0.0,0.0,0.0,0.0,0.0,0.0,0.0,0.0,0.0,0.0,0.0,0.0,0.0,0.0,0.01,1.5704763891009537,0.7071067811865476,0.7071067811865476
wazuh-agent,2024-12-04 04:05:00+00:00,2,1,1,1,1,04-07-December.csv,0,0,0,0,0,0,0,0,0,0,0,0,0,0,0,0,0,0,2,1,0,263.299,324.05572410929574,0.0,0.0,0.0,0.0,0.0,0.0,0.0,0.0,0.0,0.0,0.0,0.0,0.0,0.0,0.0,0.0,0.0,0.0,0.006666666666666667,1.2307518224881058,0.8660254037844386,0.5000000000000001
wazuh-agent,2024-12-04 04:55:00+00:00,3,1,1,1,1,04-07-December.csv,0,0,0,0,0,0,0,0,0,0,0,0,0,0,0,0,0,0,3,1,0,298.83933333333334,292.6419494917523,0.0,0.0,0.0,0.0,0.0,0.0,0.0,0.0,0.0,0.0,0.0,0.0,0.0,0.0,0.0,0.0,0.0,0.0,0.01,0.9792618201477906,0.8660254037844386,0.5000000000000001
wazuh-agent,2024-12-04 05:10:00+00:00,2,1,1,1,1,04-07-December.csv,0,0,0,0,0,0,0,0,0,0,0,0,0,0,0,0,0,0,2,1,0,217.3005,224.1889120819761,0.0,0.0,0.0,0.0,0.0,0.0,0.0,0.0,0.0,0.0,0.0,0.0,0.0,0.0,0.0,0.0,0.0,0.0,0.006666666666666667,1.0316999366406248,0.9659258262890683,0.25881904510252074
wazuh-agent,2024-12-04 05:30:00+00:00,3,1,1,1,1,04-07-December.csv,0,0,0,0,0,0,0,0,0,0,0,0,0,0,0,0,0,0,3,1,0,299.751,403.7005993604666,0.0,0.0,0.0,0.0,0.0,0.0,0.0,0.0,0.0,0.0,0.0,0.0,0.0,0.0,0.0,0.0,0.0,0.0,0.01,1.3467864973276706,0.9659258262890683,0.25881904510252074
wazuh-agent,2024-12-04 06:05:00+00:00,1,1,1,1,1,04-07-December.csv,0,0,0,0,0,0,0,0,0,0,0,0,0,0,0,0,0,0,1,1,0,492.456,,0.0,0.0,0.0,0.0,0.0,0.0,0.0,0.0,0.0,0.0,0.0,0.0,0.0,0.0,0.0,0.0,0.0,0.0,0.0033333333333333335,0.0,1.0,6.123233995736766e-17
wazuh-agent,2024-12-04 06:55:00+00:00,6,3,1,2,1,04-07-December.csv,1,0,0,0,0,0,0,1,0,0,0,0,0,0,0,0,1,0,6,3,0,50.437999999999995,82.2757723002343,0.0033333333333333335,0.0,0.0,0.0,0.0,0.0,0.0,0.0033333333333333335,0.0,0.0,0.0,0.0,0.0,0.0,0.0,0.0,0.0033333333333333335,0.0,0.02,1.6312259070588504,1.0,6.123233995736766e-17
wazuh-agent,2024-12-04 10:00:00+00:00,1,1,1,1,1,04-07-December.csv,0,0,0,0,0,0,0,0,0,0,0,0,0,0,0,0,0,0,1,1,0,424.368,,0.0,0.0,0.0,0.0,0.0,0.0,0.0,0.0,0.0,0.0,0.0,0.0,0.0,0.0,0.0,0.0,0.0,0.0,0.0033333333333333335,0.0,0.49999999999999994,-0.8660254037844387
wazuh-agent,2024-12-04 10:20:00+00:00,2,1,1,1,1,04-07-December.csv,0,0,0,0,0,0,0,0,0,0,0,0,0,0,0,0,0,0,2,1,0,449.142,586.8519593372762,0.0,0.0,0.0,0.0,0.0,0.0,0.0,0.0,0.0,0.0,0.0,0.0,0.0,0.0,0.0,0.0,0.0,0.0,0.006666666666666667,1.3066067286899827,0.49999999999999994,-0.8660254037844387
wazuh-agent,2024-12-04 10:25:00+00:00,395,5,1,2,1,04-07-December.csv,27,0,0,0,0,0,0,1,0,0,0,0,0,0,0,0,0,0,395,5,0,1.3498379746835445,16.784641182444968,0.09,0.0,0.0,0.0,0.0,0.0,0.0,0.0033333333333333335,0.0,0.0,0.0,0.0,0.0,0.0,0.0,0.0,0.0,0.0,1.3166666666666667,12.434559922927011,0.49999999999999994,-0.8660254037844387
wazuh-agent,2024-12-04 10:30:00+00:00,152,3,1,148,1,04-07-December.csv,0,0,0,0,0,0,0,147,0,0,0,0,0,0,0,0,0,0,152,3,0,1.6383486842105264,3.032671198707249,0.0,0.0,0.0,0.0,0.0,0.0,0.0,0.49,0.0,0.0,0.0,0.0,0.0,0.0,0.0,0.0,0.0,0.0,0.5066666666666667,1.8510535809223096,0.49999999999999994,-0.8660254037844387
wazuh-agent,2024-12-04 10:35:00+00:00,29,2,1,27,1,04-07-December.csv,0,0,0,0,0,0,0,26,0,0,0,0,0,0,0,0,26,0,29,2,0,11.664034482758622,43.439478134594474,0.0,0.0,0.0,0.0,0.0,0.0,0.0,0.08666666666666667,0.0,0.0,0.0,0.0,0.0,0.0,0.0,0.0,0.08666666666666667,0.0,0.09666666666666666,3.724224083768376,0.49999999999999994,-0.8660254037844387
wazuh-agent,2024-12-04 11:05:00+00:00,2,1,1,1,1,04-07-December.csv,0,0,0,0,0,0,0,0,0,0,0,0,0,0,0,0,0,0,2,1,0,184.2535,144.58565908311928,0.0,0.0,0.0,0.0,0.0,0.0,0.0,0.0,0.0,0.0,0.0,0.0,0.0,0.0,0.0,0.0,0.0,0.0,0.006666666666666667,0.7847105161265283,0.258819045102521,-0.9659258262890682
wazuh-agent,2024-12-04 11:10:00+00:00,3,1,1,1,1,04-07-December.csv,0,0,0,0,0,0,0,0,0,0,0,0,0,0,0,0,0,0,3,1,0,136.27166666666668,190.73896881427595,0.0,0.0,0.0,0.0,0.0,0.0,0.0,0.0,0.0,0.0,0.0,0.0,0.0,0.0,0.0,0.0,0.0,0.0,0.01,1.399696455469657,0.258819045102521,-0.9659258262890682
wazuh-agent,2024-12-04 11:15:00+00:00,1,1,1,1,1,04-07-December.csv,0,0,0,0,0,0,0,0,0,0,0,0,0,0,0,0,0,0,1,1,0,312.784,,0.0,0.0,0.0,0.0,0.0,0.0,0.0,0.0,0.0,0.0,0.0,0.0,0.0,0.0,0.0,0.0,0.0,0.0,0.0033333333333333335,0.0,0.258819045102521,-0.9659258262890682
wazuh-agent,2024-12-04 11:45:00+00:00,1,1,1,1,1,04-07-December.csv,0,0,0,0,0,0,0,0,0,0,0,0,0,0,0,0,0,0,1,1,0,599.727,,0.0,0.0,0.0,0.0,0.0,0.0,0.0,0.0,0.0,0.0,0.0,0.0,0.0,0.0,0.0,0.0,0.0,0.0,0.0033333333333333335,0.0,0.258819045102521,-0.9659258262890682
wazuh-agent,2024-12-04 11:55:00+00:00,1,1,1,1,1,04-07-December.csv,0,0,0,0,0,0,0,0,0,0,0,0,0,0,0,0,0,0,1,1,0,360.946,,0.0,0.0,0.0,0.0,0.0,0.0,0.0,0.0,0.0,0.0,0.0,0.0,0.0,0.0,0.0,0.0,0.0,0.0,0.0033333333333333335,0.0,0.258819045102521,-0.9659258262890682
wazuh-agent,2024-12-04 12:15:00+00:00,1,1,1,1,1,04-07-December.csv,0,0,0,0,0,0,0,0,0,0,0,0,0,0,0,0,0,0,1,1,0,526.552,,0.0,0.0,0.0,0.0,0.0,0.0,0.0,0.0,0.0,0.0,0.0,0.0,0.0,0.0,0.0,0.0,0.0,0.0,0.0033333333333333335,0.0,1.2246467991473532e-16,-1.0
wazuh-agent,2024-12-04 12:30:00+00:00,1,1,1,1,1,04-07-December.csv,0,0,0,0,0,0,0,0,0,0,0,0,0,0,0,0,0,0,1,1,0,286.769,,0.0,0.0,0.0,0.0,0.0,0.0,0.0,0.0,0.0,0.0,0.0,0.0,0.0,0.0,0.0,0.0,0.0,0.0,0.0033333333333333335,0.0,1.2246467991473532e-16,-1.0
wazuh-agent,2024-12-04 12:50:00+00:00,1,1,1,1,1,04-07-December.csv,0,0,0,0,0,0,0,0,0,0,0,0,0,0,0,0,0,0,1,1,0,763.074,,0.0,0.0,0.0,0.0,0.0,0.0,0.0,0.0,0.0,0.0,0.0,0.0,0.0,0.0,0.0,0.0,0.0,0.0,0.0033333333333333335,0.0,1.2246467991473532e-16,-1.0
wazuh-agent,2024-12-04 13:00:00+00:00,2,1,1,1,1,04-07-December.csv,0,0,0,0,0,0,0,0,0,0,0,0,0,0,0,0,0,0,2,1,0,108.6605,105.1800123811554,0.0,0.0,0.0,0.0,0.0,0.0,0.0,0.0,0.0,0.0,0.0,0.0,0.0,0.0,0.0,0.0,0.0,0.0,0.006666666666666667,0.9679691551313991,-0.2588190451025208,-0.9659258262890683
wazuh-agent,2024-12-04 13:05:00+00:00,5,1,1,1,1,04-07-December.csv,0,0,0,0,0,0,0,0,0,0,0,0,0,0,0,0,0,0,5,1,0,99.53659999999999,164.0216922233154,0.0,0.0,0.0,0.0,0.0,0.0,0.0,0.0,0.0,0.0,0.0,0.0,0.0,0.0,0.0,0.0,0.0,0.0,0.016666666666666666,1.6478530733751746,-0.2588190451025208,-0.9659258262890683
wazuh-agent,2024-12-04 13:20:00+00:00,1,1,1,1,1,04-07-December.csv,0,0,0,0,0,0,0,0,0,0,0,0,0,0,0,0,0,0,1,1,0,674.589,,0.0,0.0,0.0,0.0,0.0,0.0,0.0,0.0,0.0,0.0,0.0,0.0,0.0,0.0,0.0,0.0,0.0,0.0,0.0033333333333333335,0.0,-0.2588190451025208,-0.9659258262890683
wazuh-agent,2024-12-04 13:35:00+00:00,1,1,1,1,1,04-07-December.csv,0,0,0,0,0,0,0,0,0,0,0,0,0,0,0,0,0,0,1,1,0,771.174,,0.0,0.0,0.0,0.0,0.0,0.0,0.0,0.0,0.0,0.0,0.0,0.0,0.0,0.0,0.0,0.0,0.0,0.0,0.0033333333333333335,0.0,-0.2588190451025208,-0.9659258262890683
wazuh-agent,2024-12-04 13:50:00+00:00,4,1,1,1,1,04-07-December.csv,0,0,0,0,0,0,0,0,0,0,0,0,0,0,0,0,0,0,4,1,0,170.2115,312.23003481034084,0.0,0.0,0.0,0.0,0.0,0.0,0.0,0.0,0.0,0.0,0.0,0.0,0.0,0.0,0.0,0.0,0.0,0.0,0.013333333333333334,1.8343650976011658,-0.2588190451025208,-0.9659258262890683
wazuh-agent,2024-12-04 14:00:00+00:00,1,1,1,1,1,04-07-December.csv,0,0,0,0,0,0,0,0,0,0,0,0,0,0,0,0,0,0,1,1,0,491.504,,0.0,0.0,0.0,0.0,0.0,0.0,0.0,0.0,0.0,0.0,0.0,0.0,0.0,0.0,0.0,0.0,0.0,0.0,0.0033333333333333335,0.0,-0.4999999999999997,-0.8660254037844388
wazuh-agent,2024-12-04 14:20:00+00:00,3,1,1,1,1,04-07-December.csv,0,0,0,0,0,0,0,0,0,0,0,0,0,0,0,0,0,0,3,1,0,309.26366666666667,493.78427398645783,0.0,0.0,0.0,0.0,0.0,0.0,0.0,0.0,0.0,0.0,0.0,0.0,0.0,0.0,0.0,0.0,0.0,0.0,0.01,1.5966449577107058,-0.4999999999999997,-0.8660254037844388
wazuh-agent,2024-12-04 14:50:00+00:00,3,1,1,1,1,04-07-December.csv,0,0,0,0,0,0,0,0,0,0,0,0,0,0,0,0,0,0,3,1,0,289.146,425.8827579240559,0.0,0.0,0.0,0.0,0.0,0.0,0.0,0.0,0.0,0.0,0.0,0.0,0.0,0.0,0.0,0.0,0.0,0.0,0.01,1.4728986668467,-0.4999999999999997,-0.8660254037844388
wazuh-agent,2024-12-04 15:00:00+00:00,1,1,1,1,1,04-07-December.csv,0,0,0,0,0,0,0,0,0,0,0,0,0,0,0,0,0,0,1,1,0,523.273,,0.0,0.0,0.0,0.0,0.0,0.0,0.0,0.0,0.0,0.0,0.0,0.0,0.0,0.0,0.0,0.0,0.0,0.0,0.0033333333333333335,0.0,-0.7071067811865471,-0.7071067811865479
wazuh-agent,2024-12-04 15:20:00+00:00,3,1,1,1,1,04-07-December.csv,0,0,0,0,0,0,0,0,0,0,0,0,0,0,0,0,0,0,3,1,0,317.442,467.6317780722349,0.0,0.0,0.0,0.0,0.0,0.0,0.0,0.0,0.0,0.0,0.0,0.0,0.0,0.0,0.0,0.0,0.0,0.0,0.01,1.473125100245824,-0.7071067811865471,-0.7071067811865479
wazuh-agent,2024-12-04 15:45:00+00:00,2,1,1,1,1,04-07-December.csv,0,0,0,0,0,0,0,0,0,0,0,0,0,0,0,0,0,0,2,1,0,238.307,273.29252828791346,0.0,0.0,0.0,0.0,0.0,0.0,0.0,0.0,0.0,0.0,0.0,0.0,0.0,0.0,0.0,0.0,0.0,0.0,0.006666666666666667,1.1468086471984182,-0.7071067811865471,-0.7071067811865479
wazuh-agent,2024-12-04 16:00:00+00:00,1,1,1,1,1,04-07-December.csv,0,0,0,0,0,0,0,0,0,0,0,0,0,0,0,0,0,0,1,1,0,480.874,,0.0,0.0,0.0,0.0,0.0,0.0,0.0,0.0,0.0,0.0,0.0,0.0,0.0,0.0,0.0,0.0,0.0,0.0,0.0033333333333333335,0.0,-0.8660254037844385,-0.5000000000000004
wazuh-agent,2024-12-04 16:10:00+00:00,1,1,1,1,1,04-07-December.csv,0,0,0,0,0,0,0,0,0,0,0,0,0,0,0,0,0,0,1,1,0,415.286,,0.0,0.0,0.0,0.0,0.0,0.0,0.0,0.0,0.0,0.0,0.0,0.0,0.0,0.0,0.0,0.0,0.0,0.0,0.0033333333333333335,0.0,-0.8660254037844385,-0.5000000000000004
wazuh-agent,2024-12-04 16:35:00+00:00,2,1,1,1,1,04-07-December.csv,0,0,0,0,0,0,0,0,0,0,0,0,0,0,0,0,0,0,2,1,0,491.2785,600.9665177965409,0.0,0.0,0.0,0.0,0.0,0.0,0.0,0.0,0.0,0.0,0.0,0.0,0.0,0.0,0.0,0.0,0.0,0.0,0.006666666666666667,1.2232705436866071,-0.8660254037844385,-0.5000000000000004
wazuh-agent,2024-12-04 16:50:00+00:00,2,1,1,1,1,04-07-December.csv,0,0,0,0,0,0,0,0,0,0,0,0,0,0,0,0,0,0,2,1,0,403.58950000000004,429.5539345419851,0.0,0.0,0.0,0.0,0.0,0.0,0.0,0.0,0.0,0.0,0.0,0.0,0.0,0.0,0.0,0.0,0.0,0.0,0.006666666666666667,1.0643337711758731,-0.8660254037844385,-0.5000000000000004
wazuh-agent,2024-12-04 17:00:00+00:00,1,1,1,1,1,04-07-December.csv,0,0,0,0,0,0,0,0,0,0,0,0,0,0,0,0,0,0,1,1,0,544.608,,0.0,0.0,0.0,0.0,0.0,0.0,0.0,0.0,0.0,0.0,0.0,0.0,0.0,0.0,0.0,0.0,0.0,0.0,0.0033333333333333335,0.0,-0.9659258262890683,-0.25881904510252063
wazuh-agent,2024-12-04 17:40:00+00:00,2,1,1,1,1,04-07-December.csv,0,0,0,0,0,0,0,0,0,0,0,0,0,0,0,0,0,0,2,1,0,101.79899999999999,82.96201020949286,0.0,0.0,0.0,0.0,0.0,0.0,0.0,0.0,0.0,0.0,0.0,0.0,0.0,0.0,0.0,0.0,0.0,0.0,0.006666666666666667,0.8149589898672174,-0.9659258262890683,-0.25881904510252063
wazuh-agent,2024-12-04 18:00:00+00:00,1,1,1,1,1,04-07-December.csv,0,0,0,0,0,0,0,0,0,0,0,0,0,0,0,0,0,0,1,1,0,538.078,,0.0,0.0,0.0,0.0,0.0,0.0,0.0,0.0,0.0,0.0,0.0,0.0,0.0,0.0,0.0,0.0,0.0,0.0,0.0033333333333333335,0.0,-1.0,-1.8369701987210297e-16
wazuh-agent,2024-12-05 14:20:00+00:00,64,7,1,2,1,04-07-December.csv,28,0,0,0,0,0,1,1,19,0,0,0,0,0,1,0,0,19,64,7,0,1146.784078125,9160.502013402689,0.09333333333333334,0.0,0.0,0.0,0.0,0.0,0.0033333333333333335,0.0033333333333333335,0.06333333333333334,0.0,0.0,0.0,0.0,0.0,0.0033333333333333335,0.0,0.0,0.06333333333333334,0.21333333333333335,7.987991975246268,-0.4999999999999997,-0.8660254037844388
wazuh-agent,2024-12-05 14:25:00+00:00,28,4,1,5,1,04-07-December.csv,0,0,0,0,0,0,0,5,0,0,0,0,0,0,0,0,4,0,28,4,0,9.961250000000001,11.199933490625936,0.0,0.0,0.0,0.0,0.0,0.0,0.0,0.016666666666666666,0.0,0.0,0.0,0.0,0.0,0.0,0.0,0.0,0.013333333333333334,0.0,0.09333333333333334,1.1243502061112747,-0.4999999999999997,-0.8660254037844388
wazuh-agent,2024-12-05 14:30:00+00:00,15,2,1,1,1,04-07-December.csv,1,0,0,0,0,0,0,0,0,0,0,0,0,0,0,0,0,0,15,2,0,21.210266666666666,54.86599412265002,0.0033333333333333335,0.0,0.0,0.0,0.0,0.0,0.0,0.0,0.0,0.0,0.0,0.0,0.0,0.0,0.0,0.0,0.0,0.0,0.05,2.586765880170453,-0.4999999999999997,-0.8660254037844388
wazuh-agent,2024-12-05 14:35:00+00:00,33,2,1,27,1,04-07-December.csv,0,0,0,0,0,0,0,26,0,0,0,0,0,0,0,0,26,0,33,2,0,2.331,6.711037182321374,0.0,0.0,0.0,0.0,0.0,0.0,0.0,0.08666666666666667,0.0,0.0,0.0,0.0,0.0,0.0,0.0,0.0,0.08666666666666667,0.0,0.11,2.8790378302537,-0.4999999999999997,-0.8660254037844388
wazuh-agent,2024-12-05 14:40:00+00:00,9,3,1,5,1,04-07-December.csv,1,0,0,0,0,0,0,4,0,0,0,0,0,1,0,0,0,0,9,3,0,57.562,104.03610038467416,0.0033333333333333335,0.0,0.0,0.0,0.0,0.0,0.0,0.013333333333333334,0.0,0.0,0.0,0.0,0.0,0.0033333333333333335,0.0,0.0,0.0,0.0,0.03,1.807374663574479,-0.4999999999999997,-0.8660254037844388
wazuh-agent,2024-12-05 14:45:00+00:00,31,4,1,2,1,04-07-December.csv,26,0,0,0,0,0,0,1,0,0,0,0,0,0,0,0,0,0,31,4,0,9.944290322580644,47.2257787090861,0.08666666666666667,0.0,0.0,0.0,0.0,0.0,0.0,0.0033333333333333335,0.0,0.0,0.0,0.0,0.0,0.0,0.0,0.0,0.0,0.0,0.10333333333333333,4.749034589411559,-0.4999999999999997,-0.8660254037844388
wazuh-agent,2024-12-05 14:50:00+00:00,11,1,1,1,1,04-07-December.csv,0,0,0,0,0,0,0,0,0,0,0,0,0,0,0,0,0,0,11,1,0,21.517,17.62830540919915,0.0,0.0,0.0,0.0,0.0,0.0,0.0,0.0,0.0,0.0,0.0,0.0,0.0,0.0,0.0,0.0,0.0,0.0,0.03666666666666667,0.819273384263566,-0.4999999999999997,-0.8660254037844388
wazuh-agent,2024-12-05 14:55:00+00:00,2,1,1,1,1,04-07-December.csv,0,0,0,0,0,0,0,0,0,0,0,0,0,0,0,0,0,0,2,1,0,171.58749999999998,164.837197296302,0.0,0.0,0.0,0.0,0.0,0.0,0.0,0.0,0.0,0.0,0.0,0.0,0.0,0.0,0.0,0.0,0.0,0.0,0.006666666666666667,0.960659705959362,-0.4999999999999997,-0.8660254037844388
wazuh-agent,2024-12-05 15:00:00+00:00,1,1,1,1,1,04-07-December.csv,0,0,0,0,0,0,0,0,0,0,0,0,0,0,0,0,0,0,1,1,0,303.469,,0.0,0.0,0.0,0.0,0.0,0.0,0.0,0.0,0.0,0.0,0.0,0.0,0.0,0.0,0.0,0.0,0.0,0.0,0.0033333333333333335,0.0,-0.7071067811865471,-0.7071067811865479
wazuh-agent,2024-12-05 15:05:00+00:00,30,2,1,1,1,04-07-December.csv,0,0,0,0,0,0,0,0,19,0,0,0,0,0,0,0,0,19,30,2,0,6.912566666666666,22.04699579766592,0.0,0.0,0.0,0.0,0.0,0.0,0.0,0.0,0.06333333333333334,0.0,0.0,0.0,0.0,0.0,0.0,0.0,0.0,0.06333333333333334,0.1,3.189408053593107,-0.7071067811865471,-0.7071067811865479
wazuh-agent,2024-12-05 15:10:00+00:00,6,1,1,1,1,04-07-December.csv,0,0,0,0,0,0,0,0,0,0,0,0,0,0,0,0,0,0,6,1,0,58.11483333333334,59.57862835418978,0.0,0.0,0.0,0.0,0.0,0.0,0.0,0.0,0.0,0.0,0.0,0.0,0.0,0.0,0.0,0.0,0.0,0.0,0.02,1.0251879758900873,-0.7071067811865471,-0.7071067811865479
wazuh-agent,2024-12-05 15:15:00+00:00,12,3,1,7,1,04-07-December.csv,0,0,0,0,0,0,0,7,0,0,0,0,0,0,0,0,7,0,12,3,0,30.08666666666667,51.90820993101597,0.0,0.0,0.0,0.0,0.0,0.0,0.0,0.023333333333333334,0.0,0.0,0.0,0.0,0.0,0.0,0.0,0.0,0.023333333333333334,0.0,0.04,1.7252894947157975,-0.7071067811865471,-0.7071067811865479
wazuh-agent,2024-12-05 15:25:00+00:00,13,4,1,7,1,04-07-December.csv,3,0,0,0,0,0,0,6,0,0,0,0,0,0,1,0,5,0,13,5,0,26.299307692307693,24.994824758952987,0.01,0.0,0.0,0.0,0.0,0.0,0.0,0.02,0.0,0.0,0.0,0.0,0.0,0.0,0.0033333333333333335,0.0,0.016666666666666666,0.0,0.043333333333333335,0.9503985827833691,-0.7071067811865471,-0.7071067811865479
wazuh-agent,2024-12-05 15:30:00+00:00,19,6,1,6,1,04-07-December.csv,10,0,0,0,0,0,0,5,0,0,0,0,0,4,2,0,5,0,19,8,0,13.564263157894738,21.27890026095779,0.03333333333333333,0.0,0.0,0.0,0.0,0.0,0.0,0.016666666666666666,0.0,0.0,0.0,0.0,0.0,0.013333333333333334,0.006666666666666667,0.0,0.016666666666666666,0.0,0.06333333333333334,1.5687472303700436,-0.7071067811865471,-0.7071067811865479
wazuh-agent,2024-12-05 15:35:00+00:00,12,5,1,9,1,04-07-December.csv,3,0,0,0,0,0,0,8,0,0,0,0,0,1,0,0,8,0,12,6,0,28.4635,31.185117016994443,0.01,0.0,0.0,0.0,0.0,0.0,0.0,0.02666666666666667,0.0,0.0,0.0,0.0,0.0,0.0033333333333333335,0.0,0.0,0.02666666666666667,0.0,0.04,1.0956177918033427,-0.7071067811865471,-0.7071067811865479
wazuh-agent,2024-12-05 15:40:00+00:00,12,5,1,5,1,04-07-December.csv,4,0,0,0,0,0,0,4,0,0,0,0,0,0,0,0,4,0,12,5,0,25.663083333333333,22.57418184345814,0.013333333333333334,0.0,0.0,0.0,0.0,0.0,0.0,0.013333333333333334,0.0,0.0,0.0,0.0,0.0,0.0,0.0,0.0,0.013333333333333334,0.0,0.04,0.8796363846949335,-0.7071067811865471,-0.7071067811865479
wazuh-agent,2024-12-05 15:45:00+00:00,14,5,1,4,1,04-07-December.csv,11,0,0,0,0,0,0,3,0,0,0,0,0,0,0,0,3,0,14,5,0,21.566142857142857,30.685637283857794,0.03666666666666667,0.0,0.0,0.0,0.0,0.0,0.0,0.01,0.0,0.0,0.0,0.0,0.0,0.0,0.0,0.0,0.01,0.0,0.04666666666666667,1.4228616348840746,-0.7071067811865471,-0.7071067811865479
wazuh-agent,2024-12-05 15:55:00+00:00,13,6,1,6,1,04-07-December.csv,5,0,0,0,0,0,0,5,0,0,0,0,0,0,0,0,5,0,13,7,0,20.542307692307695,25.984187933512615,0.016666666666666666,0.0,0.0,0.0,0.0,0.0,0.0,0.016666666666666666,0.0,0.0,0.0,0.0,0.0,0.0,0.0,0.0,0.016666666666666666,0.0,0.043333333333333335,1.2649108524084027,-0.7071067811865471,-0.7071067811865479
wazuh-agent,2024-12-05 16:05:00+00:00,4,3,1,3,1,04-07-December.csv,1,0,0,0,0,0,0,2,0,0,0,0,0,0,0,0,2,0,4,3,0,56.696,15.749086089886825,0.0033333333333333335,0.0,0.0,0.0,0.0,0.0,0.0,0.006666666666666667,0.0,0.0,0.0,0.0,0.0,0.0,0.0,0.0,0.006666666666666667,0.0,0.013333333333333334,0.27778125599489956,-0.8660254037844385,-0.5000000000000004
wazuh-agent,2024-12-05 16:10:00+00:00,17,6,1,5,1,04-07-December.csv,8,0,0,0,0,0,0,5,0,0,0,0,0,2,0,0,5,0,17,7,0,20.976470588235294,32.55888509515806,0.02666666666666667,0.0,0.0,0.0,0.0,0.0,0.0,0.016666666666666666,0.0,0.0,0.0,0.0,0.0,0.006666666666666667,0.0,0.0,0.016666666666666666,0.0,0.056666666666666664,1.552162217099515,-0.8660254037844385,-0.5000000000000004
wazuh-agent,2024-12-05 16:25:00+00:00,9,5,1,3,1,04-07-December.csv,6,0,0,0,0,0,0,2,0,0,0,0,0,0,1,0,2,0,9,6,0,36.35077777777778,35.11360367712839,0.02,0.0,0.0,0.0,0.0,0.0,0.0,0.006666666666666667,0.0,0.0,0.0,0.0,0.0,0.0,0.0033333333333333335,0.0,0.006666666666666667,0.0,0.03,0.9659656773174821,-0.8660254037844385,-0.5000000000000004
wazuh-agent,2024-12-05 16:30:00+00:00,8,5,1,5,1,04-07-December.csv,4,0,0,0,0,0,0,4,0,0,0,0,0,0,0,0,4,0,8,5,0,35.6065,30.733321330438727,0.013333333333333334,0.0,0.0,0.0,0.0,0.0,0.0,0.013333333333333334,0.0,0.0,0.0,0.0,0.0,0.0,0.0,0.0,0.013333333333333334,0.0,0.02666666666666667,0.863137947578075,-0.8660254037844385,-0.5000000000000004
wazuh-agent,2024-12-05 16:35:00+00:00,16,7,1,8,1,04-07-December.csv,6,0,0,0,0,0,0,7,0,0,0,0,0,3,0,0,7,0,16,9,0,15.4045,22.932690919296846,0.02,0.0,0.0,0.0,0.0,0.0,0.0,0.023333333333333334,0.0,0.0,0.0,0.0,0.0,0.01,0.0,0.0,0.023333333333333334,0.0,0.05333333333333334,1.4887007640168033,-0.8660254037844385,-0.5000000000000004
wazuh-agent,2024-12-05 16:50:00+00:00,11,4,1,2,1,04-07-December.csv,5,0,0,0,0,0,0,1,0,0,0,0,0,0,0,0,1,0,11,4,0,26.880454545454544,20.928819160973397,0.016666666666666666,0.0,0.0,0.0,0.0,0.0,0.0,0.0033333333333333335,0.0,0.0,0.0,0.0,0.0,0.0,0.0,0.0,0.0033333333333333335,0.0,0.03666666666666667,0.7785887372396549,-0.8660254037844385,-0.5000000000000004
wazuh-agent,2024-12-05 16:55:00+00:00,14,4,1,3,1,04-07-December.csv,2,0,0,0,0,0,0,2,0,0,0,0,0,0,0,0,2,0,14,4,0,11.099857142857143,21.926637736770324,0.006666666666666667,0.0,0.0,0.0,0.0,0.0,0.0,0.006666666666666667,0.0,0.0,0.0,0.0,0.0,0.0,0.0,0.0,0.006666666666666667,0.0,0.04666666666666667,1.9753981924785682,-0.8660254037844385,-0.5000000000000004
wazuh-agent,2024-12-05 17:05:00+00:00,2,1,1,1,1,04-07-December.csv,0,0,0,0,0,0,0,0,0,0,0,0,0,0,0,0,0,0,2,1,0,309.28,378.6896224508932,0.0,0.0,0.0,0.0,0.0,0.0,0.0,0.0,0.0,0.0,0.0,0.0,0.0,0.0,0.0,0.0,0.0,0.0,0.006666666666666667,1.22442324900056,-0.9659258262890683,-0.25881904510252063
wazuh-agent,2024-12-05 17:10:00+00:00,2,1,1,1,1,04-07-December.csv,0,0,0,0,0,0,0,0,0,0,0,0,0,0,0,0,0,0,2,1,0,215.596,159.9249264873991,0.0,0.0,0.0,0.0,0.0,0.0,0.0,0.0,0.0,0.0,0.0,0.0,0.0,0.0,0.0,0.0,0.0,0.0,0.006666666666666667,0.7417805826054245,-0.9659258262890683,-0.25881904510252063
wazuh-agent,2024-12-05 17:20:00+00:00,1,1,1,1,1,04-07-December.csv,0,0,0,0,0,0,0,0,0,0,0,0,0,0,0,0,0,0,1,1,0,154.081,,0.0,0.0,0.0,0.0,0.0,0.0,0.0,0.0,0.0,0.0,0.0,0.0,0.0,0.0,0.0,0.0,0.0,0.0,0.0033333333333333335,0.0,-0.9659258262890683,-0.25881904510252063
wazuh-agent,2024-12-05 17:50:00+00:00,1,1,1,1,1,04-07-December.csv,0,0,0,0,0,0,0,0,0,0,0,0,0,0,0,0,0,0,1,1,0,904.468,,0.0,0.0,0.0,0.0,0.0,0.0,0.0,0.0,0.0,0.0,0.0,0.0,0.0,0.0,0.0,0.0,0.0,0.0,0.0033333333333333335,0.0,-0.9659258262890683,-0.25881904510252063
wazuh-agent,2024-12-05 17:55:00+00:00,16,1,1,1,1,04-07-December.csv,0,0,0,0,0,0,0,0,0,0,0,0,0,0,0,0,0,0,16,1,0,34.1941875,95.84928132940017,0.0,0.0,0.0,0.0,0.0,0.0,0.0,0.0,0.0,0.0,0.0,0.0,0.0,0.0,0.0,0.0,0.0,0.0,0.05333333333333334,2.803086967029124,-0.9659258262890683,-0.25881904510252063
wazuh-agent,2024-12-05 18:10:00+00:00,2,1,1,1,1,04-07-December.csv,0,0,0,0,0,0,0,0,0,0,0,0,0,0,0,0,0,0,2,1,0,444.4785,607.8381814961116,0.0,0.0,0.0,0.0,0.0,0.0,0.0,0.0,0.0,0.0,0.0,0.0,0.0,0.0,0.0,0.0,0.0,0.0,0.006666666666666667,1.367531121294082,-1.0,-1.8369701987210297e-16
wazuh-agent,2024-12-05 18:50:00+00:00,1,1,1,1,1,04-07-December.csv,0,0,0,0,0,0,0,0,0,0,0,0,0,0,0,0,0,0,1,1,0,221.367,,0.0,0.0,0.0,0.0,0.0,0.0,0.0,0.0,0.0,0.0,0.0,0.0,0.0,0.0,0.0,0.0,0.0,0.0,0.0033333333333333335,0.0,-1.0,-1.8369701987210297e-16
wazuh-agent,2024-12-05 19:05:00+00:00,1,1,1,1,1,04-07-December.csv,0,0,0,0,0,0,0,0,0,0,0,0,0,0,0,0,0,0,1,1,0,292.954,,0.0,0.0,0.0,0.0,0.0,0.0,0.0,0.0,0.0,0.0,0.0,0.0,0.0,0.0,0.0,0.0,0.0,0.0,0.0033333333333333335,0.0,-0.9659258262890684,0.2588190451025203
wazuh-agent,2024-12-05 19:10:00+00:00,2,1,1,1,1,04-07-December.csv,0,0,0,0,0,0,0,0,0,0,0,0,0,0,0,0,0,0,2,1,0,215.5535,279.16222167854306,0.0,0.0,0.0,0.0,0.0,0.0,0.0,0.0,0.0,0.0,0.0,0.0,0.0,0.0,0.0,0.0,0.0,0.0,0.006666666666666667,1.2950948218356142,-0.9659258262890684,0.2588190451025203
wazuh-agent,2024-12-05 19:50:00+00:00,1,1,1,1,1,04-07-December.csv,0,0,0,0,0,0,0,0,0,0,0,0,0,0,0,0,0,0,1,1,0,262.074,,0.0,0.0,0.0,0.0,0.0,0.0,0.0,0.0,0.0,0.0,0.0,0.0,0.0,0.0,0.0,0.0,0.0,0.0,0.0033333333333333335,0.0,-0.9659258262890684,0.2588190451025203
wazuh-agent,2024-12-05 20:10:00+00:00,1,1,1,1,1,04-07-December.csv,0,0,0,0,0,0,0,0,0,0,0,0,0,0,0,0,0,0,1,1,0,649.897,,0.0,0.0,0.0,0.0,0.0,0.0,0.0,0.0,0.0,0.0,0.0,0.0,0.0,0.0,0.0,0.0,0.0,0.0,0.0033333333333333335,0.0,-0.8660254037844386,0.5000000000000001
wazuh-agent,2024-12-05 20:50:00+00:00,1,1,1,1,1,04-07-December.csv,0,0,0,0,0,0,0,0,0,0,0,0,0,0,0,0,0,0,1,1,0,327.37,,0.0,0.0,0.0,0.0,0.0,0.0,0.0,0.0,0.0,0.0,0.0,0.0,0.0,0.0,0.0,0.0,0.0,0.0,0.0033333333333333335,0.0,-0.8660254037844386,0.5000000000000001
wazuh-agent,2024-12-05 20:55:00+00:00,2,1,1,1,1,04-07-December.csv,0,0,0,0,0,0,0,0,0,0,0,0,0,0,0,0,0,0,2,1,0,258.202,39.77617065530567,0.0,0.0,0.0,0.0,0.0,0.0,0.0,0.0,0.0,0.0,0.0,0.0,0.0,0.0,0.0,0.0,0.0,0.0,0.006666666666666667,0.15405059083704103,-0.8660254037844386,0.5000000000000001
wazuh-agent,2024-12-05 21:05:00+00:00,1,1,1,1,1,04-07-December.csv,0,0,0,0,0,0,0,0,0,0,0,0,0,0,0,0,0,0,1,1,0,483.865,,0.0,0.0,0.0,0.0,0.0,0.0,0.0,0.0,0.0,0.0,0.0,0.0,0.0,0.0,0.0,0.0,0.0,0.0,0.0033333333333333335,0.0,-0.7071067811865477,0.7071067811865474
wazuh-agent,2024-12-05 21:15:00+00:00,1,1,1,1,1,04-07-December.csv,0,0,0,0,0,0,0,0,0,0,0,0,0,0,0,0,0,0,1,1,0,18.14,,0.0,0.0,0.0,0.0,0.0,0.0,0.0,0.0,0.0,0.0,0.0,0.0,0.0,0.0,0.0,0.0,0.0,0.0,0.0033333333333333335,0.0,-0.7071067811865477,0.7071067811865474
wazuh-agent,2024-12-05 21:50:00+00:00,1,1,1,1,1,04-07-December.csv,0,0,0,0,0,0,0,0,0,0,0,0,0,0,0,0,0,0,1,1,0,412.676,,0.0,0.0,0.0,0.0,0.0,0.0,0.0,0.0,0.0,0.0,0.0,0.0,0.0,0.0,0.0,0.0,0.0,0.0,0.0033333333333333335,0.0,-0.7071067811865477,0.7071067811865474
wazuh-agent,2024-12-05 22:15:00+00:00,2,1,1,1,1,04-07-December.csv,0,0,0,0,0,0,0,0,0,0,0,0,0,0,0,0,0,0,2,1,0,502.42,532.8883982242436,0.0,0.0,0.0,0.0,0.0,0.0,0.0,0.0,0.0,0.0,0.0,0.0,0.0,0.0,0.0,0.0,0.0,0.0,0.006666666666666667,1.0606432829589658,-0.5000000000000004,0.8660254037844384
wazuh-agent,2024-12-05 22:40:00+00:00,1,1,1,1,1,04-07-December.csv,0,0,0,0,0,0,0,0,0,0,0,0,0,0,0,0,0,0,1,1,0,832.202,,0.0,0.0,0.0,0.0,0.0,0.0,0.0,0.0,0.0,0.0,0.0,0.0,0.0,0.0,0.0,0.0,0.0,0.0,0.0033333333333333335,0.0,-0.5000000000000004,0.8660254037844384
wazuh-agent,2024-12-05 22:50:00+00:00,2,1,1,1,1,04-07-December.csv,0,0,0,0,0,0,0,0,0,0,0,0,0,0,0,0,0,0,2,1,0,200.7885,81.55416060815048,0.0,0.0,0.0,0.0,0.0,0.0,0.0,0.0,0.0,0.0,0.0,0.0,0.0,0.0,0.0,0.0,0.0,0.0,0.006666666666666667,0.4061694798663792,-0.5000000000000004,0.8660254037844384
wazuh-agent,2024-12-05 22:55:00+00:00,2,1,1,1,1,04-07-December.csv,0,0,0,0,0,0,0,0,0,0,0,0,0,0,0,0,0,0,2,1,0,75.46,0.025455844122716675,0.0,0.0,0.0,0.0,0.0,0.0,0.0,0.0,0.0,0.0,0.0,0.0,0.0,0.0,0.0,0.0,0.0,0.0,0.006666666666666667,0.00033734222267050993,-0.5000000000000004,0.8660254037844384
wazuh-agent,2024-12-05 23:00:00+00:00,7,1,1,1,1,04-07-December.csv,0,0,0,0,0,0,0,0,0,0,0,0,0,0,0,0,0,0,7,1,0,68.65685714285715,98.6962538370945,0.0,0.0,0.0,0.0,0.0,0.0,0.0,0.0,0.0,0.0,0.0,0.0,0.0,0.0,0.0,0.0,0.0,0.0,0.023333333333333334,1.4375294463557098,-0.25881904510252157,0.9659258262890681
wazuh-agent,2024-12-05 23:05:00+00:00,10,1,1,1,1,04-07-December.csv,0,0,0,0,0,0,0,0,0,0,0,0,0,0,0,0,0,0,10,1,0,29.2815,68.515471208658,0.0,0.0,0.0,0.0,0.0,0.0,0.0,0.0,0.0,0.0,0.0,0.0,0.0,0.0,0.0,0.0,0.0,0.0,0.03333333333333333,2.339889391208032,-0.25881904510252157,0.9659258262890681
wazuh-agent,2024-12-05 23:10:00+00:00,2,1,1,1,1,04-07-December.csv,0,0,0,0,0,0,0,0,0,0,0,0,0,0,0,0,0,0,2,1,0,128.1955,30.754195234146515,0.0,0.0,0.0,0.0,0.0,0.0,0.0,0.0,0.0,0.0,0.0,0.0,0.0,0.0,0.0,0.0,0.0,0.0,0.006666666666666667,0.23990073937186962,-0.25881904510252157,0.9659258262890681
wazuh-agent,2024-12-05 23:15:00+00:00,3,1,1,1,1,04-07-December.csv,0,0,0,0,0,0,0,0,0,0,0,0,0,0,0,0,0,0,3,1,0,111.56599999999999,97.28028731968261,0.0,0.0,0.0,0.0,0.0,0.0,0.0,0.0,0.0,0.0,0.0,0.0,0.0,0.0,0.0,0.0,0.0,0.0,0.01,0.8719528110686287,-0.25881904510252157,0.9659258262890681
wazuh-agent,2024-12-05 23:25:00+00:00,6,1,1,1,1,04-07-December.csv,0,0,0,0,0,0,0,0,0,0,0,0,0,0,0,0,0,0,6,1,0,47.46083333333333,51.962830455688874,0.0,0.0,0.0,0.0,0.0,0.0,0.0,0.0,0.0,0.0,0.0,0.0,0.0,0.0,0.0,0.0,0.0,0.0,0.02,1.094857102291831,-0.25881904510252157,0.9659258262890681
wazuh-agent,2024-12-05 23:30:00+00:00,7,1,1,1,1,04-07-December.csv,0,0,0,0,0,0,0,0,0,0,0,0,0,0,0,0,0,0,7,1,0,44.58614285714286,65.0115246332745,0.0,0.0,0.0,0.0,0.0,0.0,0.0,0.0,0.0,0.0,0.0,0.0,0.0,0.0,0.0,0.0,0.0,0.0,0.023333333333333334,1.4581105354095332,-0.25881904510252157,0.9659258262890681
wazuh-agent,2024-12-05 23:50:00+00:00,4,1,1,1,1,04-07-December.csv,0,0,0,0,0,0,0,0,0,0,0,0,0,0,0,0,0,0,4,1,0,182.64025,237.02357334433356,0.0,0.0,0.0,0.0,0.0,0.0,0.0,0.0,0.0,0.0,0.0,0.0,0.0,0.0,0.0,0.0,0.0,0.0,0.013333333333333334,1.2977619847998103,-0.25881904510252157,0.9659258262890681
wazuh-agent,2024-12-05 23:55:00+00:00,14,1,1,1,1,04-07-December.csv,0,0,0,0,0,0,0,0,0,0,0,0,0,0,0,0,0,0,14,1,0,14.965357142857142,26.81314446485915,0.0,0.0,0.0,0.0,0.0,0.0,0.0,0.0,0.0,0.0,0.0,0.0,0.0,0.0,0.0,0.0,0.0,0.0,0.04666666666666667,1.7916808940077231,-0.25881904510252157,0.9659258262890681
wazuh-agent,2024-12-06 00:00:00+00:00,15,1,1,1,1,04-07-December.csv,0,0,0,0,0,0,0,0,0,0,0,0,0,0,0,0,0,0,15,1,0,24.915733333333332,48.03592952819894,0.0,0.0,0.0,0.0,0.0,0.0,0.0,0.0,0.0,0.0,0.0,0.0,0.0,0.0,0.0,0.0,0.0,0.0,0.05,1.9279356094221165,0.0,1.0
wazuh-agent,2024-12-06 00:05:00+00:00,11,1,1,1,1,04-07-December.csv,0,0,0,0,0,0,0,0,0,0,0,0,0,0,0,0,0,0,11,1,0,30.49890909090909,56.81185643411865,0.0,0.0,0.0,0.0,0.0,0.0,0.0,0.0,0.0,0.0,0.0,0.0,0.0,0.0,0.0,0.0,0.0,0.0,0.03666666666666667,1.862750443459394,0.0,1.0
wazuh-agent,2024-12-06 00:10:00+00:00,14,1,1,1,1,04-07-December.csv,0,0,0,0,0,0,0,0,0,0,0,0,0,0,0,0,0,0,14,1,0,16.258785714285715,20.046379466621403,0.0,0.0,0.0,0.0,0.0,0.0,0.0,0.0,0.0,0.0,0.0,0.0,0.0,0.0,0.0,0.0,0.0,0.0,0.04666666666666667,1.23295674221278,0.0,1.0
wazuh-agent,2024-12-06 00:15:00+00:00,5,1,1,1,1,04-07-December.csv,0,0,0,0,0,0,0,0,0,0,0,0,0,0,0,0,0,0,5,1,0,39.601800000000004,51.6993739391494,0.0,0.0,0.0,0.0,0.0,0.0,0.0,0.0,0.0,0.0,0.0,0.0,0.0,0.0,0.0,0.0,0.0,0.0,0.016666666666666666,1.3054804059196652,0.0,1.0
wazuh-agent,2024-12-06 00:25:00+00:00,10,1,1,1,1,04-07-December.csv,0,0,0,0,0,0,0,0,0,0,0,0,0,0,0,0,0,0,10,1,0,26.570300000000003,38.412373556359846,0.0,0.0,0.0,0.0,0.0,0.0,0.0,0.0,0.0,0.0,0.0,0.0,0.0,0.0,0.0,0.0,0.0,0.0,0.03333333333333333,1.4456883646913976,0.0,1.0
wazuh-agent,2024-12-06 00:30:00+00:00,6,1,1,1,1,04-07-December.csv,0,0,0,0,0,0,0,0,0,0,0,0,0,0,0,0,0,0,6,1,0,54.95933333333334,59.046033613331446,0.0,0.0,0.0,0.0,0.0,0.0,0.0,0.0,0.0,0.0,0.0,0.0,0.0,0.0,0.0,0.0,0.0,0.0,0.02,1.0743586217687886,0.0,1.0
wazuh-agent,2024-12-06 00:35:00+00:00,1,1,1,1,1,04-07-December.csv,0,0,0,0,0,0,0,0,0,0,0,0,0,0,0,0,0,0,1,1,0,180.532,,0.0,0.0,0.0,0.0,0.0,0.0,0.0,0.0,0.0,0.0,0.0,0.0,0.0,0.0,0.0,0.0,0.0,0.0,0.0033333333333333335,0.0,0.0,1.0
wazuh-agent,2024-12-06 00:40:00+00:00,3,1,1,1,1,04-07-December.csv,0,0,0,0,0,0,0,0,0,0,0,0,0,0,0,0,0,0,3,1,0,77.50266666666667,69.63578723855525,0.0,0.0,0.0,0.0,0.0,0.0,0.0,0.0,0.0,0.0,0.0,0.0,0.0,0.0,0.0,0.0,0.0,0.0,0.01,0.8984953709793458,0.0,1.0
wazuh-agent,2024-12-06 00:45:00+00:00,3,1,1,1,1,04-07-December.csv,0,0,0,0,0,0,0,0,0,0,0,0,0,0,0,0,0,0,3,1,0,100.57799999999999,164.79208557755436,0.0,0.0,0.0,0.0,0.0,0.0,0.0,0.0,0.0,0.0,0.0,0.0,0.0,0.0,0.0,0.0,0.0,0.0,0.01,1.6384506112425619,0.0,1.0
wazuh-agent,2024-12-06 00:55:00+00:00,10,1,1,1,1,04-07-December.csv,0,0,0,0,0,0,0,0,0,0,0,0,0,0,0,0,0,0,10,1,0,47.147499999999994,89.23089711186864,0.0,0.0,0.0,0.0,0.0,0.0,0.0,0.0,0.0,0.0,0.0,0.0,0.0,0.0,0.0,0.0,0.0,0.0,0.03333333333333333,1.8925902139428104,0.0,1.0
wazuh-agent,2024-12-06 01:00:00+00:00,8,1,1,1,1,04-07-December.csv,0,0,0,0,0,0,0,0,0,0,0,0,0,0,0,0,0,0,8,1,0,35.986125,58.68241912297924,0.0,0.0,0.0,0.0,0.0,0.0,0.0,0.0,0.0,0.0,0.0,0.0,0.0,0.0,0.0,0.0,0.0,0.0,0.02666666666666667,1.6306956951597105,0.25881904510252074,0.9659258262890683
wazuh-agent,2024-12-06 01:05:00+00:00,3,1,1,1,1,04-07-December.csv,0,0,0,0,0,0,0,0,0,0,0,0,0,0,0,0,0,0,3,1,0,129.87233333333333,133.6038524007947,0.0,0.0,0.0,0.0,0.0,0.0,0.0,0.0,0.0,0.0,0.0,0.0,0.0,0.0,0.0,0.0,0.0,0.0,0.01,1.0287322093296343,0.25881904510252074,0.9659258262890683
wazuh-agent,2024-12-06 01:10:00+00:00,7,1,1,1,1,04-07-December.csv,0,0,0,0,0,0,0,0,0,0,0,0,0,0,0,0,0,0,7,1,0,10.898285714285715,17.135083520021,0.0,0.0,0.0,0.0,0.0,0.0,0.0,0.0,0.0,0.0,0.0,0.0,0.0,0.0,0.0,0.0,0.0,0.0,0.023333333333333334,1.5722732885925308,0.25881904510252074,0.9659258262890683
wazuh-agent,2024-12-06 01:15:00+00:00,7,1,1,1,1,04-07-December.csv,0,0,0,0,0,0,0,0,0,0,0,0,0,0,0,0,0,0,7,1,0,66.79085714285715,91.61112177828733,0.0,0.0,0.0,0.0,0.0,0.0,0.0,0.0,0.0,0.0,0.0,0.0,0.0,0.0,0.0,0.0,0.0,0.0,0.023333333333333334,1.371611710003104,0.25881904510252074,0.9659258262890683
wazuh-agent,2024-12-06 01:20:00+00:00,1,1,1,1,1,04-07-December.csv,0,0,0,0,0,0,0,0,0,0,0,0,0,0,0,0,0,0,1,1,0,164.035,,0.0,0.0,0.0,0.0,0.0,0.0,0.0,0.0,0.0,0.0,0.0,0.0,0.0,0.0,0.0,0.0,0.0,0.0,0.0033333333333333335,0.0,0.25881904510252074,0.9659258262890683
wazuh-agent,2024-12-06 01:25:00+00:00,1,1,1,1,1,04-07-December.csv,0,0,0,0,0,0,0,0,0,0,0,0,0,0,0,0,0,0,1,1,0,370.927,,0.0,0.0,0.0,0.0,0.0,0.0,0.0,0.0,0.0,0.0,0.0,0.0,0.0,0.0,0.0,0.0,0.0,0.0,0.0033333333333333335,0.0,0.25881904510252074,0.9659258262890683
wazuh-agent,2024-12-06 01:35:00+00:00,7,1,1,1,1,04-07-December.csv,0,0,0,0,0,0,0,0,0,0,0,0,0,0,0,0,0,0,7,1,0,48.95828571428571,67.4232149651594,0.0,0.0,0.0,0.0,0.0,0.0,0.0,0.0,0.0,0.0,0.0,0.0,0.0,0.0,0.0,0.0,0.0,0.0,0.023333333333333334,1.3771563685589945,0.25881904510252074,0.9659258262890683
wazuh-agent,2024-12-06 01:40:00+00:00,13,1,1,1,1,04-07-December.csv,0,0,0,0,0,0,0,0,0,0,0,0,0,0,0,0,0,0,13,1,0,23.536384615384616,40.02901307705546,0.0,0.0,0.0,0.0,0.0,0.0,0.0,0.0,0.0,0.0,0.0,0.0,0.0,0.0,0.0,0.0,0.0,0.0,0.043333333333333335,1.7007290512617812,0.25881904510252074,0.9659258262890683
wazuh-agent,2024-12-06 01:45:00+00:00,12,1,1,1,1,04-07-December.csv,0,0,0,0,0,0,0,0,0,0,0,0,0,0,0,0,0,0,12,1,0,26.413416666666667,27.226361451753252,0.0,0.0,0.0,0.0,0.0,0.0,0.0,0.0,0.0,0.0,0.0,0.0,0.0,0.0,0.0,0.0,0.0,0.0,0.04,1.0307777216157161,0.25881904510252074,0.9659258262890683
wazuh-agent,2024-12-06 01:50:00+00:00,8,1,1,1,1,04-07-December.csv,0,0,0,0,0,0,0,0,0,0,0,0,0,0,0,0,0,0,8,1,0,37.077875,44.59679916264812,0.0,0.0,0.0,0.0,0.0,0.0,0.0,0.0,0.0,0.0,0.0,0.0,0.0,0.0,0.0,0.0,0.0,0.0,0.02666666666666667,1.2027873539853111,0.25881904510252074,0.9659258262890683
wazuh-agent,2024-12-06 01:55:00+00:00,9,1,1,1,1,04-07-December.csv,0,0,0,0,0,0,0,0,0,0,0,0,0,0,0,0,0,0,9,1,0,22.855333333333334,30.33755387304652,0.0,0.0,0.0,0.0,0.0,0.0,0.0,0.0,0.0,0.0,0.0,0.0,0.0,0.0,0.0,0.0,0.0,0.0,0.03,1.3273730656468157,0.25881904510252074,0.9659258262890683
wazuh-agent,2024-12-06 02:00:00+00:00,5,1,1,1,1,04-07-December.csv,0,0,0,0,0,0,0,0,0,0,0,0,0,0,0,0,0,0,5,1,0,76.97080000000001,61.01050366699164,0.0,0.0,0.0,0.0,0.0,0.0,0.0,0.0,0.0,0.0,0.0,0.0,0.0,0.0,0.0,0.0,0.0,0.0,0.016666666666666666,0.7926447908426524,0.49999999999999994,0.8660254037844387
wazuh-agent,2024-12-06 02:05:00+00:00,2,1,1,1,1,04-07-December.csv,0,0,0,0,0,0,0,0,0,0,0,0,0,0,0,0,0,0,2,1,0,72.5955,14.340832629244375,0.0,0.0,0.0,0.0,0.0,0.0,0.0,0.0,0.0,0.0,0.0,0.0,0.0,0.0,0.0,0.0,0.0,0.0,0.006666666666666667,0.19754437436541347,0.49999999999999994,0.8660254037844387
wazuh-agent,2024-12-06 02:15:00+00:00,7,1,1,1,1,04-07-December.csv,0,0,0,0,0,0,0,0,0,0,0,0,0,0,0,0,0,0,7,1,0,61.30757142857142,149.49126434439475,0.0,0.0,0.0,0.0,0.0,0.0,0.0,0.0,0.0,0.0,0.0,0.0,0.0,0.0,0.0,0.0,0.0,0.0,0.023333333333333334,2.4383817669007635,0.49999999999999994,0.8660254037844387
wazuh-agent,2024-12-06 02:30:00+00:00,1,1,1,1,1,04-07-December.csv,0,0,0,0,0,0,0,0,0,0,0,0,0,0,0,0,0,0,1,1,0,616.016,,0.0,0.0,0.0,0.0,0.0,0.0,0.0,0.0,0.0,0.0,0.0,0.0,0.0,0.0,0.0,0.0,0.0,0.0,0.0033333333333333335,0.0,0.49999999999999994,0.8660254037844387
wazuh-agent,2024-12-06 02:35:00+00:00,6,1,1,1,1,04-07-December.csv,0,0,0,0,0,0,0,0,0,0,0,0,0,0,0,0,0,0,6,1,0,54.660833333333336,92.04296499008855,0.0,0.0,0.0,0.0,0.0,0.0,0.0,0.0,0.0,0.0,0.0,0.0,0.0,0.0,0.0,0.0,0.0,0.0,0.02,1.6838924578553542,0.49999999999999994,0.8660254037844387
wazuh-agent,2024-12-06 02:40:00+00:00,4,1,1,1,1,04-07-December.csv,0,0,0,0,0,0,0,0,0,0,0,0,0,0,0,0,0,0,4,1,0,69.40125,75.46777722699493,0.0,0.0,0.0,0.0,0.0,0.0,0.0,0.0,0.0,0.0,0.0,0.0,0.0,0.0,0.0,0.0,0.0,0.0,0.013333333333333334,1.0874123625582381,0.49999999999999994,0.8660254037844387
wazuh-agent,2024-12-06 02:45:00+00:00,2,1,1,1,1,04-07-December.csv,0,0,0,0,0,0,0,0,0,0,0,0,0,0,0,0,0,0,2,1,0,98.461,41.45908479452966,0.0,0.0,0.0,0.0,0.0,0.0,0.0,0.0,0.0,0.0,0.0,0.0,0.0,0.0,0.0,0.0,0.0,0.0,0.006666666666666667,0.4210711326771987,0.49999999999999994,0.8660254037844387
wazuh-agent,2024-12-06 02:50:00+00:00,6,2,1,1,1,04-07-December.csv,1,0,0,0,0,0,0,0,0,0,0,0,0,0,0,0,0,0,6,2,0,70.80466666666666,110.33064592880197,0.0033333333333333335,0.0,0.0,0.0,0.0,0.0,0.0,0.0,0.0,0.0,0.0,0.0,0.0,0.0,0.0,0.0,0.0,0.0,0.02,1.558239747786897,0.49999999999999994,0.8660254037844387
wazuh-agent,2024-12-06 02:55:00+00:00,8,2,1,1,1,04-07-December.csv,3,0,0,0,0,0,0,0,0,0,0,0,0,0,0,0,0,0,8,2,0,36.611875,32.29216391650944,0.01,0.0,0.0,0.0,0.0,0.0,0.0,0.0,0.0,0.0,0.0,0.0,0.0,0.0,0.0,0.0,0.0,0.0,0.02666666666666667,0.8820133881837365,0.49999999999999994,0.8660254037844387
wazuh-agent,2024-12-06 03:00:00+00:00,13,2,1,1,1,04-07-December.csv,3,0,0,0,0,0,0,0,0,0,0,0,0,0,0,0,0,0,13,2,0,21.534538461538464,26.1189607999482,0.01,0.0,0.0,0.0,0.0,0.0,0.0,0.0,0.0,0.0,0.0,0.0,0.0,0.0,0.0,0.0,0.0,0.0,0.043333333333333335,1.2128869558359794,0.7071067811865476,0.7071067811865476
wazuh-agent,2024-12-06 03:05:00+00:00,13,2,1,1,1,04-07-December.csv,4,0,0,0,0,0,0,0,0,0,0,0,0,0,0,0,0,0,13,2,0,23.380999999999997,40.42613716602994,0.013333333333333334,0.0,0.0,0.0,0.0,0.0,0.0,0.0,0.0,0.0,0.0,0.0,0.0,0.0,0.0,0.0,0.0,0.0,0.043333333333333335,1.7290166017719493,0.7071067811865476,0.7071067811865476
wazuh-agent,2024-12-06 03:10:00+00:00,12,2,1,1,1,04-07-December.csv,4,0,0,0,0,0,0,0,0,0,0,0,0,0,0,0,0,0,12,2,0,22.204333333333334,22.960224703261126,0.013333333333333334,0.0,0.0,0.0,0.0,0.0,0.0,0.0,0.0,0.0,0.0,0.0,0.0,0.0,0.0,0.0,0.0,0.0,0.04,1.0340425158720277,0.7071067811865476,0.7071067811865476
wazuh-agent,2024-12-06 03:15:00+00:00,7,2,1,1,1,04-07-December.csv,1,0,0,0,0,0,0,0,0,0,0,0,0,0,0,0,0,0,7,2,0,23.887714285714285,45.35539139108046,0.0033333333333333335,0.0,0.0,0.0,0.0,0.0,0.0,0.0,0.0,0.0,0.0,0.0,0.0,0.0,0.0,0.0,0.0,0.0,0.023333333333333334,1.8986911367323502,0.7071067811865476,0.7071067811865476
wazuh-agent,2024-12-06 18:05:00+00:00,44,5,1,2,1,04-07-December.csv,27,0,0,0,0,0,0,1,0,0,0,0,0,0,0,0,0,0,44,5,0,1192.502909090909,7889.98888925716,0.09,0.0,0.0,0.0,0.0,0.0,0.0,0.0033333333333333335,0.0,0.0,0.0,0.0,0.0,0.0,0.0,0.0,0.0,0.0,0.14666666666666667,6.616326743615244,-1.0,-1.8369701987210297e-16
wazuh-agent,2024-12-06 18:10:00+00:00,24,6,1,7,1,04-07-December.csv,16,0,0,0,0,0,0,8,0,0,0,0,0,0,0,0,8,0,24,6,0,11.789708333333332,22.256008873969034,0.05333333333333334,0.0,0.0,0.0,0.0,0.0,0.0,0.02666666666666667,0.0,0.0,0.0,0.0,0.0,0.0,0.0,0.0,0.02666666666666667,0.0,0.08,1.887748894605312,-1.0,-1.8369701987210297e-16
wazuh-agent,2024-12-06 19:25:00+00:00,14,7,1,3,1,04-07-December.csv,11,0,0,0,0,0,0,2,0,0,0,0,0,0,1,0,2,0,14,7,0,20.084285714285716,21.88550736632164,0.03666666666666667,0.0,0.0,0.0,0.0,0.0,0.0,0.006666666666666667,0.0,0.0,0.0,0.0,0.0,0.0,0.0033333333333333335,0.0,0.006666666666666667,0.0,0.04666666666666667,1.089683132258706,-0.9659258262890684,0.2588190451025203
wazuh-agent,2024-12-06 19:30:00+00:00,9,5,1,3,1,04-07-December.csv,7,0,0,0,0,0,0,2,0,0,0,0,0,0,0,0,2,0,9,5,0,31.375888888888888,30.564662546985712,0.023333333333333334,0.0,0.0,0.0,0.0,0.0,0.0,0.006666666666666667,0.0,0.0,0.0,0.0,0.0,0.0,0.0,0.0,0.006666666666666667,0.0,0.03,0.9741449128413234,-0.9659258262890684,0.2588190451025203
wazuh-agent,2024-12-06 19:35:00+00:00,13,5,1,3,1,04-07-December.csv,7,0,0,0,0,0,0,2,0,0,0,0,0,0,0,0,2,0,13,5,0,23.007461538461538,29.642635956269093,0.023333333333333334,0.0,0.0,0.0,0.0,0.0,0.0,0.006666666666666667,0.0,0.0,0.0,0.0,0.0,0.0,0.0,0.0,0.006666666666666667,0.0,0.043333333333333335,1.2883922855511698,-0.9659258262890684,0.2588190451025203
wazuh-agent,2024-12-07 00:10:00+00:00,1,1,1,1,1,07-10-December.csv,0,0,0,0,0,0,0,0,0,0,0,0,0,0,0,0,0,0,1,1,0,526.274,,0.0,0.0,0.0,0.0,0.0,0.0,0.0,0.0,0.0,0.0,0.0,0.0,0.0,0.0,0.0,0.0,0.0,0.0,0.0033333333333333335,0.0,0.0,1.0
wazuh-agent,2024-12-07 05:10:00+00:00,17,3,1,3,1,07-10-December.csv,0,0,0,0,0,0,0,2,0,3,0,0,0,0,0,0,1,0,17,3,0,19.385823529411766,16.358718009196558,0.0,0.0,0.0,0.0,0.0,0.0,0.0,0.006666666666666667,0.0,0.01,0.0,0.0,0.0,0.0,0.0,0.0,0.0033333333333333335,0.0,0.056666666666666664,0.8438495266593886,0.9659258262890683,0.25881904510252074
wazuh-agent,2024-12-07 05:35:00+00:00,13,7,1,5,1,07-10-December.csv,7,0,0,0,0,0,0,4,0,0,0,0,0,1,0,0,4,0,13,7,0,22.870615384615387,28.972570492158216,0.023333333333333334,0.0,0.0,0.0,0.0,0.0,0.0,0.013333333333333334,0.0,0.0,0.0,0.0,0.0,0.0033333333333333335,0.0,0.0,0.013333333333333334,0.0,0.043333333333333335,1.2668032759471568,0.9659258262890683,0.25881904510252074
wazuh-agent,2024-12-07 05:40:00+00:00,23,5,1,7,1,07-10-December.csv,7,0,0,0,0,0,0,6,0,0,0,0,0,4,2,0,6,0,23,9,0,13.21904347826087,20.29686849666103,0.023333333333333334,0.0,0.0,0.0,0.0,0.0,0.0,0.02,0.0,0.0,0.0,0.0,0.0,0.013333333333333334,0.006666666666666667,0.0,0.02,0.0,0.07666666666666666,1.5354264119064185,0.9659258262890683,0.25881904510252074
wazuh-agent,2024-12-07 05:50:00+00:00,24,6,1,6,1,07-10-December.csv,8,0,0,0,0,0,0,5,0,1,0,0,0,0,0,0,4,0,24,7,0,11.539041666666668,19.143899515259744,0.02666666666666667,0.0,0.0,0.0,0.0,0.0,0.0,0.016666666666666666,0.0,0.0033333333333333335,0.0,0.0,0.0,0.0,0.0,0.0,0.013333333333333334,0.0,0.08,1.6590545444134723,0.9659258262890683,0.25881904510252074
wazuh-agent,2024-12-07 05:55:00+00:00,45,4,1,5,1,07-10-December.csv,7,0,0,0,0,0,0,4,0,0,0,0,0,0,0,0,4,0,45,4,0,7.181866666666666,15.018933766476838,0.023333333333333334,0.0,0.0,0.0,0.0,0.0,0.0,0.013333333333333334,0.0,0.0,0.0,0.0,0.0,0.0,0.0,0.0,0.013333333333333334,0.0,0.15,2.0912298241604095,0.9659258262890683,0.25881904510252074
wazuh-agent,2024-12-07 06:05:00+00:00,232,8,1,6,1,07-10-December.csv,29,0,0,0,0,0,0,5,0,0,0,0,0,0,0,0,4,0,232,8,0,1.5592456896551725,9.915222522732712,0.09666666666666666,0.0,0.0,0.0,0.0,0.0,0.0,0.016666666666666666,0.0,0.0,0.0,0.0,0.0,0.0,0.0,0.0,0.013333333333333334,0.0,0.7733333333333333,6.358986648810596,1.0,6.123233995736766e-17
wazuh-agent,2024-12-07 06:25:00+00:00,23,5,1,4,1,07-10-December.csv,3,0,0,0,0,0,0,3,0,0,0,0,0,0,0,0,3,0,23,5,0,14.506260869565217,22.560647115995817,0.01,0.0,0.0,0.0,0.0,0.0,0.0,0.01,0.0,0.0,0.0,0.0,0.0,0.0,0.0,0.0,0.01,0.0,0.07666666666666666,1.5552351718235717,1.0,6.123233995736766e-17
wazuh-agent,2024-12-07 06:30:00+00:00,22,4,1,8,1,07-10-December.csv,2,0,0,0,0,0,0,7,0,0,0,0,0,0,0,0,7,0,22,5,0,8.61,20.64772460656553,0.006666666666666667,0.0,0.0,0.0,0.0,0.0,0.0,0.023333333333333334,0.0,0.0,0.0,0.0,0.0,0.0,0.0,0.0,0.023333333333333334,0.0,0.07333333333333333,2.3981097104025006,1.0,6.123233995736766e-17
wazuh-agent,2024-12-07 06:35:00+00:00,71,7,1,2,1,07-10-December.csv,28,0,0,0,0,0,0,1,19,0,0,0,0,0,1,0,0,19,71,7,0,5.7581690140845065,22.178496384036958,0.09333333333333334,0.0,0.0,0.0,0.0,0.0,0.0,0.0033333333333333335,0.06333333333333334,0.0,0.0,0.0,0.0,0.0,0.0033333333333333335,0.0,0.0,0.06333333333333334,0.23666666666666666,3.8516577630472915,1.0,6.123233995736766e-17
wazuh-agent,2024-12-07 06:40:00+00:00,21,4,1,12,1,07-10-December.csv,2,0,0,0,0,0,0,13,0,0,0,0,0,0,0,0,13,0,21,5,0,12.432571428571428,24.404491796739855,0.006666666666666667,0.0,0.0,0.0,0.0,0.0,0.0,0.043333333333333335,0.0,0.0,0.0,0.0,0.0,0.0,0.0,0.0,0.043333333333333335,0.0,0.07,1.962948046343464,1.0,6.123233995736766e-17
wazuh-agent,2024-12-07 06:45:00+00:00,12,6,1,7,1,07-10-December.csv,4,0,0,0,0,0,0,6,0,0,0,0,0,1,0,0,5,0,12,7,0,22.890500000000003,27.36660205266797,0.013333333333333334,0.0,0.0,0.0,0.0,0.0,0.0,0.02,0.0,0.0,0.0,0.0,0.0,0.0033333333333333335,0.0,0.0,0.016666666666666666,0.0,0.04,1.1955440926440213,1.0,6.123233995736766e-17
wazuh-agent,2024-12-07 06:50:00+00:00,4,1,1,1,1,07-10-December.csv,0,0,0,0,0,0,0,0,0,0,0,0,0,0,0,0,0,0,4,1,0,70.3315,120.56662899409605,0.0,0.0,0.0,0.0,0.0,0.0,0.0,0.0,0.0,0.0,0.0,0.0,0.0,0.0,0.0,0.0,0.0,0.0,0.013333333333333334,1.7142621584083382,1.0,6.123233995736766e-17
wazuh-agent,2024-12-07 06:55:00+00:00,3,1,1,1,1,07-10-December.csv,0,0,0,0,0,0,0,0,0,0,0,0,0,0,0,0,0,0,3,1,0,109.71333333333332,108.02218448695311,0.0,0.0,0.0,0.0,0.0,0.0,0.0,0.0,0.0,0.0,0.0,0.0,0.0,0.0,0.0,0.0,0.0,0.0,0.01,0.9845857491063358,1.0,6.123233995736766e-17
wazuh-agent,2024-12-07 07:00:00+00:00,1,1,1,1,1,07-10-December.csv,0,0,0,0,0,0,0,0,0,0,0,0,0,0,0,0,0,0,1,1,0,231.082,,0.0,0.0,0.0,0.0,0.0,0.0,0.0,0.0,0.0,0.0,0.0,0.0,0.0,0.0,0.0,0.0,0.0,0.0,0.0033333333333333335,0.0,0.9659258262890683,-0.25881904510252063
wazuh-agent,2024-12-07 07:10:00+00:00,1,1,1,1,1,07-10-December.csv,0,0,0,0,0,0,0,0,0,0,0,0,0,0,0,0,0,0,1,1,0,350.611,,0.0,0.0,0.0,0.0,0.0,0.0,0.0,0.0,0.0,0.0,0.0,0.0,0.0,0.0,0.0,0.0,0.0,0.0,0.0033333333333333335,0.0,0.9659258262890683,-0.25881904510252063
wazuh-agent,2024-12-07 07:35:00+00:00,2,1,1,1,1,07-10-December.csv,0,0,0,0,0,0,0,0,0,0,0,0,0,0,0,0,0,0,2,1,0,520.22,707.5098320518239,0.0,0.0,0.0,0.0,0.0,0.0,0.0,0.0,0.0,0.0,0.0,0.0,0.0,0.0,0.0,0.0,0.0,0.0,0.006666666666666667,1.3600204376068277,0.9659258262890683,-0.25881904510252063
wazuh-agent,2024-12-07 07:45:00+00:00,1,1,1,1,1,07-10-December.csv,0,0,0,0,0,0,0,0,0,0,0,0,0,0,0,0,0,0,1,1,0,454.101,,0.0,0.0,0.0,0.0,0.0,0.0,0.0,0.0,0.0,0.0,0.0,0.0,0.0,0.0,0.0,0.0,0.0,0.0,0.0033333333333333335,0.0,0.9659258262890683,-0.25881904510252063
wazuh-agent,2024-12-07 07:50:00+00:00,1,1,1,1,1,07-10-December.csv,0,0,0,0,0,0,0,0,0,0,0,0,0,0,0,0,0,0,1,1,0,358.374,,0.0,0.0,0.0,0.0,0.0,0.0,0.0,0.0,0.0,0.0,0.0,0.0,0.0,0.0,0.0,0.0,0.0,0.0,0.0033333333333333335,0.0,0.9659258262890683,-0.25881904510252063
wazuh-agent,2024-12-07 08:05:00+00:00,2,1,1,1,1,07-10-December.csv,0,0,0,0,0,0,0,0,0,0,0,0,0,0,0,0,0,0,2,1,0,303.5115,385.89857608509004,0.0,0.0,0.0,0.0,0.0,0.0,0.0,0.0,0.0,0.0,0.0,0.0,0.0,0.0,0.0,0.0,0.0,0.0,0.006666666666666667,1.2714463079161415,0.8660254037844387,-0.4999999999999998
wazuh-agent,2024-12-07 08:35:00+00:00,2,1,1,1,1,07-10-December.csv,0,0,0,0,0,0,0,0,0,0,0,0,0,0,0,0,0,0,2,1,0,303.533,365.9348303318502,0.0,0.0,0.0,0.0,0.0,0.0,0.0,0.0,0.0,0.0,0.0,0.0,0.0,0.0,0.0,0.0,0.0,0.0,0.006666666666666667,1.2055849951466568,0.8660254037844387,-0.4999999999999998
wazuh-agent,2024-12-07 08:45:00+00:00,1,1,1,1,1,07-10-December.csv,0,0,0,0,0,0,0,0,0,0,0,0,0,0,0,0,0,0,1,1,0,278.851,,0.0,0.0,0.0,0.0,0.0,0.0,0.0,0.0,0.0,0.0,0.0,0.0,0.0,0.0,0.0,0.0,0.0,0.0,0.0033333333333333335,0.0,0.8660254037844387,-0.4999999999999998
wazuh-agent,2024-12-07 09:05:00+00:00,1,1,1,1,1,07-10-December.csv,0,0,0,0,0,0,0,0,0,0,0,0,0,0,0,0,0,0,1,1,0,404.082,,0.0,0.0,0.0,0.0,0.0,0.0,0.0,0.0,0.0,0.0,0.0,0.0,0.0,0.0,0.0,0.0,0.0,0.0,0.0033333333333333335,0.0,0.7071067811865476,-0.7071067811865475
wazuh-agent,2024-12-07 09:15:00+00:00,3,1,1,1,1,07-10-December.csv,0,0,0,0,0,0,0,0,0,0,0,0,0,0,0,0,0,0,3,1,0,173.77666666666667,259.9596127369275,0.0,0.0,0.0,0.0,0.0,0.0,0.0,0.0,0.0,0.0,0.0,0.0,0.0,0.0,0.0,0.0,0.0,0.0,0.01,1.4959408401795073,0.7071067811865476,-0.7071067811865475
wazuh-agent,2024-12-07 09:35:00+00:00,1,1,1,1,1,07-10-December.csv,0,0,0,0,0,0,0,0,0,0,0,0,0,0,0,0,0,0,1,1,0,542.317,,0.0,0.0,0.0,0.0,0.0,0.0,0.0,0.0,0.0,0.0,0.0,0.0,0.0,0.0,0.0,0.0,0.0,0.0,0.0033333333333333335,0.0,0.7071067811865476,-0.7071067811865475
wazuh-agent,2024-12-07 09:45:00+00:00,2,1,1,1,1,07-10-December.csv,0,0,0,0,0,0,0,0,0,0,0,0,0,0,0,0,0,0,2,1,0,206.95350000000002,249.10169819674053,0.0,0.0,0.0,0.0,0.0,0.0,0.0,0.0,0.0,0.0,0.0,0.0,0.0,0.0,0.0,0.0,0.0,0.0,0.006666666666666667,1.203660233804891,0.7071067811865476,-0.7071067811865475
wazuh-agent,2024-12-07 10:20:00+00:00,2,1,1,1,1,07-10-December.csv,0,0,0,0,0,0,0,0,0,0,0,0,0,0,0,0,0,0,2,1,0,343.087,439.7327366571654,0.0,0.0,0.0,0.0,0.0,0.0,0.0,0.0,0.0,0.0,0.0,0.0,0.0,0.0,0.0,0.0,0.0,0.0,0.006666666666666667,1.2816945458649422,0.49999999999999994,-0.8660254037844387
wazuh-agent,2024-12-07 10:35:00+00:00,39,2,1,27,1,07-10-December.csv,0,0,0,0,0,0,0,26,0,0,0,0,0,0,0,0,26,0,39,2,0,10.738641025641027,54.81858809050237,0.0,0.0,0.0,0.0,0.0,0.0,0.0,0.08666666666666667,0.0,0.0,0.0,0.0,0.0,0.0,0.0,0.0,0.08666666666666667,0.0,0.13,5.104797521363282,0.49999999999999994,-0.8660254037844387
wazuh-agent,2024-12-07 10:50:00+00:00,2,1,1,1,1,07-10-December.csv,0,0,0,0,0,0,0,0,0,0,0,0,0,0,0,0,0,0,2,1,0,332.5325,423.7556589362554,0.0,0.0,0.0,0.0,0.0,0.0,0.0,0.0,0.0,0.0,0.0,0.0,0.0,0.0,0.0,0.0,0.0,0.0,0.006666666666666667,1.2743285511529108,0.49999999999999994,-0.8660254037844387
wazuh-agent,2024-12-07 11:05:00+00:00,3,1,1,1,1,07-10-December.csv,0,0,0,0,0,0,0,0,0,0,0,0,0,0,0,0,0,0,3,1,0,162.30633333333333,136.31566276233016,0.0,0.0,0.0,0.0,0.0,0.0,0.0,0.0,0.0,0.0,0.0,0.0,0.0,0.0,0.0,0.0,0.0,0.0,0.01,0.8398665656649063,0.258819045102521,-0.9659258262890682
wazuh-agent,2024-12-07 11:35:00+00:00,1,1,1,1,1,07-10-December.csv,0,0,0,0,0,0,0,0,0,0,0,0,0,0,0,0,0,0,1,1,0,458.135,,0.0,0.0,0.0,0.0,0.0,0.0,0.0,0.0,0.0,0.0,0.0,0.0,0.0,0.0,0.0,0.0,0.0,0.0,0.0033333333333333335,0.0,0.258819045102521,-0.9659258262890682
wazuh-agent,2024-12-07 11:45:00+00:00,1,1,1,1,1,07-10-December.csv,0,0,0,0,0,0,0,0,0,0,0,0,0,0,0,0,0,0,1,1,0,305.074,,0.0,0.0,0.0,0.0,0.0,0.0,0.0,0.0,0.0,0.0,0.0,0.0,0.0,0.0,0.0,0.0,0.0,0.0,0.0033333333333333335,0.0,0.258819045102521,-0.9659258262890682
wazuh-agent,2024-12-07 12:00:00+00:00,2,1,1,1,1,07-10-December.csv,0,0,0,0,0,0,0,0,0,0,0,0,0,0,0,0,0,0,2,1,0,340.832,435.68808586877833,0.0,0.0,0.0,0.0,0.0,0.0,0.0,0.0,0.0,0.0,0.0,0.0,0.0,0.0,0.0,0.0,0.0,0.0,0.006666666666666667,1.2783074531404865,1.2246467991473532e-16,-1.0
wazuh-agent,2024-12-07 12:05:00+00:00,1,1,1,1,1,07-10-December.csv,0,0,0,0,0,0,0,0,0,0,0,0,0,0,0,0,0,0,1,1,0,310.139,,0.0,0.0,0.0,0.0,0.0,0.0,0.0,0.0,0.0,0.0,0.0,0.0,0.0,0.0,0.0,0.0,0.0,0.0,0.0033333333333333335,0.0,1.2246467991473532e-16,-1.0
wazuh-agent,2024-12-07 12:30:00+00:00,1,1,1,1,1,07-10-December.csv,0,0,0,0,0,0,0,0,0,0,0,0,0,0,0,0,0,0,1,1,0,743.527,,0.0,0.0,0.0,0.0,0.0,0.0,0.0,0.0,0.0,0.0,0.0,0.0,0.0,0.0,0.0,0.0,0.0,0.0,0.0033333333333333335,0.0,1.2246467991473532e-16,-1.0
wazuh-agent,2024-12-07 13:05:00+00:00,1,1,1,1,1,07-10-December.csv,0,0,0,0,0,0,0,0,0,0,0,0,0,0,0,0,0,0,1,1,0,975.752,,0.0,0.0,0.0,0.0,0.0,0.0,0.0,0.0,0.0,0.0,0.0,0.0,0.0,0.0,0.0,0.0,0.0,0.0,0.0033333333333333335,0.0,-0.2588190451025208,-0.9659258262890683
wazuh-agent,2024-12-07 13:15:00+00:00,2,1,1,1,1,07-10-December.csv,0,0,0,0,0,0,0,0,0,0,0,0,0,0,0,0,0,0,2,1,0,163.2,184.39082111645362,0.0,0.0,0.0,0.0,0.0,0.0,0.0,0.0,0.0,0.0,0.0,0.0,0.0,0.0,0.0,0.0,0.0,0.0,0.006666666666666667,1.1298457176253287,-0.2588190451025208,-0.9659258262890683
wazuh-agent,2024-12-07 13:30:00+00:00,2,1,1,1,1,07-10-December.csv,0,0,0,0,0,0,0,0,0,0,0,0,0,0,0,0,0,0,2,1,0,259.8,321.99521494891815,0.0,0.0,0.0,0.0,0.0,0.0,0.0,0.0,0.0,0.0,0.0,0.0,0.0,0.0,0.0,0.0,0.0,0.0,0.006666666666666667,1.2393965163545733,-0.2588190451025208,-0.9659258262890683
wazuh-agent,2024-12-07 13:35:00+00:00,2,1,1,1,1,07-10-December.csv,0,0,0,0,0,0,0,0,0,0,0,0,0,0,0,0,0,0,2,1,0,230.4875,303.23637915082026,0.0,0.0,0.0,0.0,0.0,0.0,0.0,0.0,0.0,0.0,0.0,0.0,0.0,0.0,0.0,0.0,0.0,0.0,0.006666666666666667,1.315630475192018,-0.2588190451025208,-0.9659258262890683
wazuh-agent,2024-12-07 13:55:00+00:00,1,1,1,1,1,07-10-December.csv,0,0,0,0,0,0,0,0,0,0,0,0,0,0,0,0,0,0,1,1,0,568.86,,0.0,0.0,0.0,0.0,0.0,0.0,0.0,0.0,0.0,0.0,0.0,0.0,0.0,0.0,0.0,0.0,0.0,0.0,0.0033333333333333335,0.0,-0.2588190451025208,-0.9659258262890683
wazuh-agent,2024-12-07 14:35:00+00:00,1,1,1,1,1,07-10-December.csv,0,0,0,0,0,0,0,0,0,0,0,0,0,0,0,0,0,0,1,1,0,308.23,,0.0,0.0,0.0,0.0,0.0,0.0,0.0,0.0,0.0,0.0,0.0,0.0,0.0,0.0,0.0,0.0,0.0,0.0,0.0033333333333333335,0.0,-0.4999999999999997,-0.8660254037844388
wazuh-agent,2024-12-07 14:45:00+00:00,2,1,1,1,1,07-10-December.csv,0,0,0,0,0,0,0,0,0,0,0,0,0,0,0,0,0,0,2,1,0,303.5115,279.5044613606373,0.0,0.0,0.0,0.0,0.0,0.0,0.0,0.0,0.0,0.0,0.0,0.0,0.0,0.0,0.0,0.0,0.0,0.0,0.006666666666666667,0.9209023755628282,-0.4999999999999997,-0.8660254037844388
wazuh-agent,2024-12-07 14:50:00+00:00,1,1,1,1,1,07-10-December.csv,0,0,0,0,0,0,0,0,0,0,0,0,0,0,0,0,0,0,1,1,0,303.796,,0.0,0.0,0.0,0.0,0.0,0.0,0.0,0.0,0.0,0.0,0.0,0.0,0.0,0.0,0.0,0.0,0.0,0.0,0.0033333333333333335,0.0,-0.4999999999999997,-0.8660254037844388
wazuh-agent,2024-12-07 15:25:00+00:00,2,1,1,1,1,07-10-December.csv,0,0,0,0,0,0,0,0,0,0,0,0,0,0,0,0,0,0,2,1,0,247.8175,291.5422472035571,0.0,0.0,0.0,0.0,0.0,0.0,0.0,0.0,0.0,0.0,0.0,0.0,0.0,0.0,0.0,0.0,0.0,0.0,0.006666666666666667,1.1764393039376038,-0.7071067811865471,-0.7071067811865479
wazuh-agent,2024-12-07 15:35:00+00:00,1,1,1,1,1,07-10-December.csv,0,0,0,0,0,0,0,0,0,0,0,0,0,0,0,0,0,0,1,1,0,306.935,,0.0,0.0,0.0,0.0,0.0,0.0,0.0,0.0,0.0,0.0,0.0,0.0,0.0,0.0,0.0,0.0,0.0,0.0,0.0033333333333333335,0.0,-0.7071067811865471,-0.7071067811865479
wazuh-agent,2024-12-07 15:45:00+00:00,2,1,1,1,1,07-10-December.csv,0,0,0,0,0,0,0,0,0,0,0,0,0,0,0,0,0,0,2,1,0,304.23,280.0354985533084,0.0,0.0,0.0,0.0,0.0,0.0,0.0,0.0,0.0,0.0,0.0,0.0,0.0,0.0,0.0,0.0,0.0,0.0,0.006666666666666667,0.9204729926480242,-0.7071067811865471,-0.7071067811865479
wazuh-agent,2024-12-07 16:15:00+00:00,3,1,1,1,1,07-10-December.csv,0,0,0,0,0,0,0,0,0,0,0,0,0,0,0,0,0,0,3,1,0,293.103,339.4034396363714,0.0,0.0,0.0,0.0,0.0,0.0,0.0,0.0,0.0,0.0,0.0,0.0,0.0,0.0,0.0,0.0,0.0,0.0,0.01,1.1579664474139513,-0.8660254037844385,-0.5000000000000004
wazuh-agent,2024-12-07 16:20:00+00:00,1,1,1,1,1,07-10-December.csv,0,0,0,0,0,0,0,0,0,0,0,0,0,0,0,0,0,0,1,1,0,100.346,,0.0,0.0,0.0,0.0,0.0,0.0,0.0,0.0,0.0,0.0,0.0,0.0,0.0,0.0,0.0,0.0,0.0,0.0,0.0033333333333333335,0.0,-0.8660254037844385,-0.5000000000000004
wazuh-agent,2024-12-07 16:35:00+00:00,1,1,1,1,1,07-10-December.csv,0,0,0,0,0,0,0,0,0,0,0,0,0,0,0,0,0,0,1,1,0,308.298,,0.0,0.0,0.0,0.0,0.0,0.0,0.0,0.0,0.0,0.0,0.0,0.0,0.0,0.0,0.0,0.0,0.0,0.0,0.0033333333333333335,0.0,-0.8660254037844385,-0.5000000000000004
wazuh-agent,2024-12-07 16:45:00+00:00,2,1,1,1,1,07-10-December.csv,0,0,0,0,0,0,0,0,0,0,0,0,0,0,0,0,0,0,2,1,0,296.1035,291.5578035527432,0.0,0.0,0.0,0.0,0.0,0.0,0.0,0.0,0.0,0.0,0.0,0.0,0.0,0.0,0.0,0.0,0.0,0.0,0.006666666666666667,0.9846482853216636,-0.8660254037844385,-0.5000000000000004
wazuh-agent,2024-12-07 17:10:00+00:00,2,1,1,1,1,07-10-December.csv,0,0,0,0,0,0,0,0,0,0,0,0,0,0,0,0,0,0,2,1,0,299.508,364.45556294560794,0.0,0.0,0.0,0.0,0.0,0.0,0.0,0.0,0.0,0.0,0.0,0.0,0.0,0.0,0.0,0.0,0.0,0.0,0.006666666666666667,1.216847506395849,-0.9659258262890683,-0.25881904510252063
wazuh-agent,2024-12-07 17:20:00+00:00,2,1,1,1,1,07-10-December.csv,0,0,0,0,0,0,0,0,0,0,0,0,0,0,0,0,0,0,2,1,0,145.6605,146.5584870026298,0.0,0.0,0.0,0.0,0.0,0.0,0.0,0.0,0.0,0.0,0.0,0.0,0.0,0.0,0.0,0.0,0.0,0.0,0.006666666666666667,1.0061649314854046,-0.9659258262890683,-0.25881904510252063
wazuh-agent,2024-12-07 17:35:00+00:00,1,1,1,1,1,07-10-December.csv,0,0,0,0,0,0,0,0,0,0,0,0,0,0,0,0,0,0,1,1,0,300.33,,0.0,0.0,0.0,0.0,0.0,0.0,0.0,0.0,0.0,0.0,0.0,0.0,0.0,0.0,0.0,0.0,0.0,0.0,0.0033333333333333335,0.0,-0.9659258262890683,-0.25881904510252063
wazuh-agent,2024-12-07 17:45:00+00:00,2,1,1,1,1,07-10-December.csv,0,0,0,0,0,0,0,0,0,0,0,0,0,0,0,0,0,0,2,1,0,301.93,283.2372780585211,0.0,0.0,0.0,0.0,0.0,0.0,0.0,0.0,0.0,0.0,0.0,0.0,0.0,0.0,0.0,0.0,0.0,0.0,0.006666666666666667,0.9380892195493031,-0.9659258262890683,-0.25881904510252063
wazuh-agent,2024-12-07 18:15:00+00:00,2,1,1,1,1,07-10-December.csv,0,0,0,0,0,0,0,0,0,0,0,0,0,0,0,0,0,0,2,1,0,204.425,241.77395062330433,0.0,0.0,0.0,0.0,0.0,0.0,0.0,0.0,0.0,0.0,0.0,0.0,0.0,0.0,0.0,0.0,0.0,0.0,0.006666666666666667,1.182702461163284,-1.0,-1.8369701987210297e-16
wazuh-agent,2024-12-07 18:35:00+00:00,353,5,1,2,1,07-10-December.csv,27,0,0,0,0,0,0,1,0,0,0,0,0,0,0,0,0,0,353,5,0,2.3578498583569405,38.207771733114434,0.09,0.0,0.0,0.0,0.0,0.0,0.0,0.0033333333333333335,0.0,0.0,0.0,0.0,0.0,0.0,0.0,0.0,0.0,0.0,1.1766666666666667,16.204497329503155,-1.0,-1.8369701987210297e-16
wazuh-agent,2024-12-07 18:45:00+00:00,1,1,1,1,1,07-10-December.csv,0,0,0,0,0,0,0,0,0,0,0,0,0,0,0,0,0,0,1,1,0,495.323,,0.0,0.0,0.0,0.0,0.0,0.0,0.0,0.0,0.0,0.0,0.0,0.0,0.0,0.0,0.0,0.0,0.0,0.0,0.0033333333333333335,0.0,-1.0,-1.8369701987210297e-16
wazuh-agent,2024-12-07 19:05:00+00:00,2,1,1,1,1,07-10-December.csv,0,0,0,0,0,0,0,0,0,0,0,0,0,0,0,0,0,0,2,1,0,406.4865,526.836271284068,0.0,0.0,0.0,0.0,0.0,0.0,0.0,0.0,0.0,0.0,0.0,0.0,0.0,0.0,0.0,0.0,0.0,0.0,0.006666666666666667,1.296073230683105,-0.9659258262890684,0.2588190451025203
wazuh-agent,2024-12-07 19:40:00+00:00,2,1,1,1,1,07-10-December.csv,0,0,0,0,0,0,0,0,0,0,0,0,0,0,0,0,0,0,2,1,0,77.179,59.21736449724862,0.0,0.0,0.0,0.0,0.0,0.0,0.0,0.0,0.0,0.0,0.0,0.0,0.0,0.0,0.0,0.0,0.0,0.0,0.006666666666666667,0.7672730211229559,-0.9659258262890684,0.2588190451025203
wazuh-agent,2024-12-07 20:10:00+00:00,10,2,1,2,1,07-10-December.csv,0,0,0,0,0,0,0,1,0,0,0,0,0,0,0,0,1,0,10,2,0,108.4076,253.56390203970278,0.0,0.0,0.0,0.0,0.0,0.0,0.0,0.0033333333333333335,0.0,0.0,0.0,0.0,0.0,0.0,0.0,0.0,0.0033333333333333335,0.0,0.03333333333333333,2.3389863998437637,-0.8660254037844386,0.5000000000000001
wazuh-agent,2024-12-07 20:25:00+00:00,5,3,1,3,1,07-10-December.csv,0,0,0,0,0,0,0,2,0,0,0,0,0,0,0,0,2,0,5,3,0,144.1782,261.59996907339263,0.0,0.0,0.0,0.0,0.0,0.0,0.0,0.006666666666666667,0.0,0.0,0.0,0.0,0.0,0.0,0.0,0.0,0.006666666666666667,0.0,0.016666666666666666,1.814421105780157,-0.8660254037844386,0.5000000000000001
wazuh-agent,2024-12-07 20:35:00+00:00,2,1,1,1,1,07-10-December.csv,0,0,0,0,0,0,0,0,0,0,0,0,0,0,0,0,0,0,2,1,0,363.5235,262.82946924669614,0.0,0.0,0.0,0.0,0.0,0.0,0.0,0.0,0.0,0.0,0.0,0.0,0.0,0.0,0.0,0.0,0.0,0.0,0.006666666666666667,0.7230054432428609,-0.8660254037844386,0.5000000000000001
wazuh-agent,2024-12-07 20:45:00+00:00,6,1,1,1,1,07-10-December.csv,0,0,0,0,0,0,0,0,0,0,0,0,0,0,0,0,0,0,6,1,0,96.99233333333332,164.7442509426859,0.0,0.0,0.0,0.0,0.0,0.0,0.0,0.0,0.0,0.0,0.0,0.0,0.0,0.0,0.0,0.0,0.0,0.0,0.02,1.6985285875792857,-0.8660254037844386,0.5000000000000001
wazuh-agent,2024-12-07 21:05:00+00:00,2,1,1,1,1,07-10-December.csv,0,0,0,0,0,0,0,0,0,0,0,0,0,0,0,0,0,0,2,1,0,618.4665,651.5967775430599,0.0,0.0,0.0,0.0,0.0,0.0,0.0,0.0,0.0,0.0,0.0,0.0,0.0,0.0,0.0,0.0,0.0,0.0,0.006666666666666667,1.0535684269771441,-0.7071067811865477,0.7071067811865474
wazuh-agent,2024-12-07 21:40:00+00:00,2,1,1,1,1,07-10-December.csv,0,0,0,0,0,0,0,0,0,0,0,0,0,0,0,0,0,0,2,1,0,191.5615,212.4155841752201,0.0,0.0,0.0,0.0,0.0,0.0,0.0,0.0,0.0,0.0,0.0,0.0,0.0,0.0,0.0,0.0,0.0,0.0,0.006666666666666667,1.1088636504476113,-0.7071067811865477,0.7071067811865474
wazuh-agent,2024-12-07 21:55:00+00:00,2,1,1,1,1,07-10-December.csv,0,0,0,0,0,0,0,0,0,0,0,0,0,0,0,0,0,0,2,1,0,147.8765,149.93845741670148,0.0,0.0,0.0,0.0,0.0,0.0,0.0,0.0,0.0,0.0,0.0,0.0,0.0,0.0,0.0,0.0,0.0,0.0,0.006666666666666667,1.0139437802267532,-0.7071067811865477,0.7071067811865474
wazuh-agent,2024-12-07 22:30:00+00:00,4,1,1,1,1,07-10-December.csv,0,0,0,0,0,0,0,0,0,0,0,0,0,0,0,0,0,0,4,1,0,201.64875,360.9353153455385,0.0,0.0,0.0,0.0,0.0,0.0,0.0,0.0,0.0,0.0,0.0,0.0,0.0,0.0,0.0,0.0,0.0,0.0,0.013333333333333334,1.7899209161749752,-0.5000000000000004,0.8660254037844384
wazuh-agent,2024-12-07 22:35:00+00:00,2,1,1,1,1,07-10-December.csv,0,0,0,0,0,0,0,0,0,0,0,0,0,0,0,0,0,0,2,1,0,198.23250000000002,70.77643904930508,0.0,0.0,0.0,0.0,0.0,0.0,0.0,0.0,0.0,0.0,0.0,0.0,0.0,0.0,0.0,0.0,0.0,0.0,0.006666666666666667,0.35703751427896574,-0.5000000000000004,0.8660254037844384
wazuh-agent,2024-12-07 22:45:00+00:00,1,1,1,1,1,07-10-December.csv,0,0,0,0,0,0,0,0,0,0,0,0,0,0,0,0,0,0,1,1,0,249.689,,0.0,0.0,0.0,0.0,0.0,0.0,0.0,0.0,0.0,0.0,0.0,0.0,0.0,0.0,0.0,0.0,0.0,0.0,0.0033333333333333335,0.0,-0.5000000000000004,0.8660254037844384
wazuh-agent,2024-12-07 23:00:00+00:00,4,1,1,1,1,07-10-December.csv,0,0,0,0,0,0,0,0,0,0,0,0,0,0,0,0,0,0,4,1,0,192.45350000000002,282.5083251404579,0.0,0.0,0.0,0.0,0.0,0.0,0.0,0.0,0.0,0.0,0.0,0.0,0.0,0.0,0.0,0.0,0.0,0.0,0.013333333333333334,1.4679303059723925,-0.25881904510252157,0.9659258262890681
wazuh-agent,2024-12-07 23:15:00+00:00,4,1,1,1,1,07-10-December.csv,0,0,0,0,0,0,0,0,0,0,0,0,0,0,0,0,0,0,4,1,0,241.068,312.14220440156225,0.0,0.0,0.0,0.0,0.0,0.0,0.0,0.0,0.0,0.0,0.0,0.0,0.0,0.0,0.0,0.0,0.0,0.0,0.013333333333333334,1.2948305225146524,-0.25881904510252157,0.9659258262890681
wazuh-agent,2024-12-07 23:35:00+00:00,1,1,1,1,1,07-10-December.csv,0,0,0,0,0,0,0,0,0,0,0,0,0,0,0,0,0,0,1,1,0,323.539,,0.0,0.0,0.0,0.0,0.0,0.0,0.0,0.0,0.0,0.0,0.0,0.0,0.0,0.0,0.0,0.0,0.0,0.0,0.0033333333333333335,0.0,-0.25881904510252157,0.9659258262890681
wazuh-agent,2024-12-08 00:10:00+00:00,4,1,1,1,1,07-10-December.csv,0,0,0,0,0,0,0,0,0,0,0,0,0,0,0,0,0,0,4,1,0,164.65375,211.35392591160922,0.0,0.0,0.0,0.0,0.0,0.0,0.0,0.0,0.0,0.0,0.0,0.0,0.0,0.0,0.0,0.0,0.0,0.0,0.013333333333333334,1.2836265551899622,0.0,1.0
wazuh-agent,2024-12-08 00:20:00+00:00,3,1,1,1,1,07-10-December.csv,0,0,0,0,0,0,0,0,0,0,0,0,0,0,0,0,0,0,3,1,0,78.70733333333332,97.31049926052857,0.0,0.0,0.0,0.0,0.0,0.0,0.0,0.0,0.0,0.0,0.0,0.0,0.0,0.0,0.0,0.0,0.0,0.0,0.01,1.236358737354358,0.0,1.0
wazuh-agent,2024-12-08 00:35:00+00:00,1,1,1,1,1,07-10-December.csv,0,0,0,0,0,0,0,0,0,0,0,0,0,0,0,0,0,0,1,1,0,283.589,,0.0,0.0,0.0,0.0,0.0,0.0,0.0,0.0,0.0,0.0,0.0,0.0,0.0,0.0,0.0,0.0,0.0,0.0,0.0033333333333333335,0.0,0.0,1.0
wazuh-agent,2024-12-08 00:40:00+00:00,2,1,1,1,1,07-10-December.csv,0,0,0,0,0,0,0,0,0,0,0,0,0,0,0,0,0,0,2,1,0,59.415499999999994,37.34725886192988,0.0,0.0,0.0,0.0,0.0,0.0,0.0,0.0,0.0,0.0,0.0,0.0,0.0,0.0,0.0,0.0,0.0,0.0,0.006666666666666667,0.6285777088794992,0.0,1.0
wazuh-agent,2024-12-08 00:45:00+00:00,2,1,1,1,1,07-10-December.csv,0,0,0,0,0,0,0,0,0,0,0,0,0,0,0,0,0,0,2,1,0,214.268,303.02071158255836,0.0,0.0,0.0,0.0,0.0,0.0,0.0,0.0,0.0,0.0,0.0,0.0,0.0,0.0,0.0,0.0,0.0,0.0,0.006666666666666667,1.4142135623730951,0.0,1.0
wazuh-agent,2024-12-08 00:50:00+00:00,7,3,1,4,1,07-10-December.csv,1,0,0,0,0,0,0,3,0,0,0,0,0,1,0,0,0,0,7,3,0,51.079571428571434,95.2984786129998,0.0033333333333333335,0.0,0.0,0.0,0.0,0.0,0.0,0.01,0.0,0.0,0.0,0.0,0.0,0.0033333333333333335,0.0,0.0,0.0,0.0,0.023333333333333334,1.8656867304821287,0.0,1.0
wazuh-agent,2024-12-08 01:25:00+00:00,3,1,1,1,1,07-10-December.csv,0,0,0,0,0,0,0,0,0,0,0,0,0,0,0,0,0,0,3,1,0,154.8096666666667,221.95665267194255,0.0,0.0,0.0,0.0,0.0,0.0,0.0,0.0,0.0,0.0,0.0,0.0,0.0,0.0,0.0,0.0,0.0,0.0,0.01,1.4337389741291513,0.25881904510252074,0.9659258262890683
wazuh-agent,2024-12-08 01:35:00+00:00,1,1,1,1,1,07-10-December.csv,0,0,0,0,0,0,0,0,0,0,0,0,0,0,0,0,0,0,1,1,0,325.013,,0.0,0.0,0.0,0.0,0.0,0.0,0.0,0.0,0.0,0.0,0.0,0.0,0.0,0.0,0.0,0.0,0.0,0.0,0.0033333333333333335,0.0,0.25881904510252074,0.9659258262890683
wazuh-agent,2024-12-08 01:45:00+00:00,4,1,1,1,1,07-10-December.csv,0,0,0,0,0,0,0,0,0,0,0,0,0,0,0,0,0,0,4,1,0,136.44525,149.1415766654289,0.0,0.0,0.0,0.0,0.0,0.0,0.0,0.0,0.0,0.0,0.0,0.0,0.0,0.0,0.0,0.0,0.0,0.0,0.013333333333333334,1.0930507046997158,0.25881904510252074,0.9659258262890683
wazuh-agent,2024-12-08 02:00:00+00:00,4,1,1,1,1,07-10-December.csv,0,0,0,0,0,0,0,0,0,0,0,0,0,0,0,0,0,0,4,1,0,242.702,362.35176504514686,0.0,0.0,0.0,0.0,0.0,0.0,0.0,0.0,0.0,0.0,0.0,0.0,0.0,0.0,0.0,0.0,0.0,0.0,0.013333333333333334,1.4929904370180174,0.49999999999999994,0.8660254037844387
wazuh-agent,2024-12-08 02:20:00+00:00,3,1,1,1,1,07-10-December.csv,0,0,0,0,0,0,0,0,0,0,0,0,0,0,0,0,0,0,3,1,0,90.38333333333333,117.91894373820236,0.0,0.0,0.0,0.0,0.0,0.0,0.0,0.0,0.0,0.0,0.0,0.0,0.0,0.0,0.0,0.0,0.0,0.0,0.01,1.3046536279351175,0.49999999999999994,0.8660254037844387
wazuh-agent,2024-12-08 02:35:00+00:00,1,1,1,1,1,07-10-December.csv,0,0,0,0,0,0,0,0,0,0,0,0,0,0,0,0,0,0,1,1,0,333.508,,0.0,0.0,0.0,0.0,0.0,0.0,0.0,0.0,0.0,0.0,0.0,0.0,0.0,0.0,0.0,0.0,0.0,0.0,0.0033333333333333335,0.0,0.49999999999999994,0.8660254037844387
wazuh-agent,2024-12-08 02:40:00+00:00,4,1,1,1,1,07-10-December.csv,0,0,0,0,0,0,0,0,0,0,0,0,0,0,0,0,0,0,4,1,0,11.24375,15.138698411136055,0.0,0.0,0.0,0.0,0.0,0.0,0.0,0.0,0.0,0.0,0.0,0.0,0.0,0.0,0.0,0.0,0.0,0.0,0.013333333333333334,1.3464100865935347,0.49999999999999994,0.8660254037844387
wazuh-agent,2024-12-08 02:45:00+00:00,2,1,1,1,1,07-10-December.csv,0,0,0,0,0,0,0,0,0,0,0,0,0,0,0,0,0,0,2,1,0,273.1695,384.89307024224274,0.0,0.0,0.0,0.0,0.0,0.0,0.0,0.0,0.0,0.0,0.0,0.0,0.0,0.0,0.0,0.0,0.0,0.0,0.006666666666666667,1.4089899137430888,0.49999999999999994,0.8660254037844387
wazuh-agent,2024-12-08 03:00:00+00:00,4,1,1,1,1,07-10-December.csv,0,0,0,0,0,0,0,0,0,0,0,0,0,0,0,0,0,0,4,1,0,223.737,409.85419714251225,0.0,0.0,0.0,0.0,0.0,0.0,0.0,0.0,0.0,0.0,0.0,0.0,0.0,0.0,0.0,0.0,0.0,0.0,0.013333333333333334,1.831857033671285,0.7071067811865476,0.7071067811865476
wazuh-agent,2024-12-08 03:35:00+00:00,3,1,1,1,1,07-10-December.csv,0,0,0,0,0,0,0,0,0,0,0,0,0,0,0,0,0,0,3,1,0,108.61066666666666,142.88318648579101,0.0,0.0,0.0,0.0,0.0,0.0,0.0,0.0,0.0,0.0,0.0,0.0,0.0,0.0,0.0,0.0,0.0,0.0,0.01,1.3155539034145605,0.7071067811865476,0.7071067811865476
wazuh-agent,2024-12-08 03:45:00+00:00,2,1,1,1,1,07-10-December.csv,0,0,0,0,0,0,0,0,0,0,0,0,0,0,0,0,0,0,2,1,0,316.978,410.8912652661286,0.0,0.0,0.0,0.0,0.0,0.0,0.0,0.0,0.0,0.0,0.0,0.0,0.0,0.0,0.0,0.0,0.0,0.0,0.006666666666666667,1.296276919111511,0.7071067811865476,0.7071067811865476
wazuh-agent,2024-12-08 04:30:00+00:00,4,1,1,1,1,07-10-December.csv,0,0,0,0,0,0,0,0,0,0,0,0,0,0,0,0,0,0,4,1,0,174.01425,206.39188489598294,0.0,0.0,0.0,0.0,0.0,0.0,0.0,0.0,0.0,0.0,0.0,0.0,0.0,0.0,0.0,0.0,0.0,0.0,0.013333333333333334,1.186063123542945,0.8660254037844386,0.5000000000000001
wazuh-agent,2024-12-08 04:35:00+00:00,4,2,1,2,1,07-10-December.csv,0,0,0,0,0,0,0,1,0,0,0,0,0,0,0,0,0,0,4,2,0,76.06325000000001,100.00437483888726,0.0,0.0,0.0,0.0,0.0,0.0,0.0,0.0033333333333333335,0.0,0.0,0.0,0.0,0.0,0.0,0.0,0.0,0.0,0.0,0.013333333333333334,1.3147528515924214,0.8660254037844386,0.5000000000000001
wazuh-agent,2024-12-08 04:45:00+00:00,2,1,1,1,1,07-10-December.csv,0,0,0,0,0,0,0,0,0,0,0,0,0,0,0,0,0,0,2,1,0,179.73250000000002,206.49992884381342,0.0,0.0,0.0,0.0,0.0,0.0,0.0,0.0,0.0,0.0,0.0,0.0,0.0,0.0,0.0,0.0,0.0,0.0,0.006666666666666667,1.1489292634543746,0.8660254037844386,0.5000000000000001
wazuh-agent,2024-12-08 05:05:00+00:00,1,1,1,1,1,07-10-December.csv,0,0,0,0,0,0,0,0,0,0,0,0,0,0,0,0,0,0,1,1,0,699.175,,0.0,0.0,0.0,0.0,0.0,0.0,0.0,0.0,0.0,0.0,0.0,0.0,0.0,0.0,0.0,0.0,0.0,0.0,0.0033333333333333335,0.0,0.9659258262890683,0.25881904510252074
wazuh-agent,2024-12-08 05:25:00+00:00,6,3,1,5,1,07-10-December.csv,1,0,0,0,0,0,0,4,0,0,0,0,0,0,1,0,4,0,6,3,0,56.36600000000001,45.71353593849419,0.0033333333333333335,0.0,0.0,0.0,0.0,0.0,0.0,0.013333333333333334,0.0,0.0,0.0,0.0,0.0,0.0,0.0033333333333333335,0.0,0.013333333333333334,0.0,0.02,0.8110125951547774,0.9659258262890683,0.25881904510252074
wazuh-agent,2024-12-08 05:30:00+00:00,14,3,1,2,1,07-10-December.csv,1,0,0,0,0,0,0,1,0,0,0,0,0,0,0,0,1,0,14,3,0,14.062928571428571,30.557645014638474,0.0033333333333333335,0.0,0.0,0.0,0.0,0.0,0.0,0.0033333333333333335,0.0,0.0,0.0,0.0,0.0,0.0,0.0,0.0,0.0033333333333333335,0.0,0.04666666666666667,2.172921867549122,0.9659258262890683,0.25881904510252074
wazuh-agent,2024-12-09 06:05:00+00:00,6,2,1,2,1,07-10-December.csv,0,0,0,0,0,0,0,1,0,0,0,0,0,0,0,0,0,0,6,2,0,49.535333333333334,55.29838021738673,0.0,0.0,0.0,0.0,0.0,0.0,0.0,0.0033333333333333335,0.0,0.0,0.0,0.0,0.0,0.0,0.0,0.0,0.0,0.0,0.02,1.1163421440060306,1.0,6.123233995736766e-17
wazuh-agent,2024-12-09 06:30:00+00:00,76,6,1,30,1,07-10-December.csv,9,0,0,0,0,0,0,32,0,0,0,0,0,2,3,0,32,0,76,9,0,4.718447368421052,11.215837731107127,0.03,0.0,0.0,0.0,0.0,0.0,0.0,0.10666666666666667,0.0,0.0,0.0,0.0,0.0,0.006666666666666667,0.01,0.0,0.10666666666666667,0.0,0.25333333333333335,2.377018721491073,1.0,6.123233995736766e-17
wazuh-agent,2024-12-09 06:35:00+00:00,43,7,1,21,1,07-10-December.csv,21,0,0,0,0,0,0,22,0,0,0,0,0,6,1,0,21,0,43,11,0,7.145418604651162,12.855196587247839,0.07,0.0,0.0,0.0,0.0,0.0,0.0,0.07333333333333333,0.0,0.0,0.0,0.0,0.0,0.02,0.0033333333333333335,0.0,0.07,0.0,0.14333333333333334,1.7990823629115327,1.0,6.123233995736766e-17
wazuh-agent,2024-12-09 07:30:00+00:00,60,13,1,24,1,07-10-December.csv,35,0,0,0,0,0,0,25,0,0,0,0,0,3,1,0,24,0,60,14,0,4.633783333333333,10.338198526956637,0.11666666666666667,0.0,0.0,0.0,0.0,0.0,0.0,0.08333333333333333,0.0,0.0,0.0,0.0,0.0,0.01,0.0033333333333333335,0.0,0.08,0.0,0.2,2.2310491844943057,0.9659258262890683,-0.25881904510252063
wazuh-agent,2024-12-09 09:05:00+00:00,2,1,1,1,1,07-10-December.csv,0,0,0,0,0,0,0,0,0,0,0,0,0,0,0,0,0,0,2,1,0,474.2755,586.6292207012024,0.0,0.0,0.0,0.0,0.0,0.0,0.0,0.0,0.0,0.0,0.0,0.0,0.0,0.0,0.0,0.0,0.0,0.0,0.006666666666666667,1.2368954767876525,0.7071067811865476,-0.7071067811865475
wazuh-agent,2024-12-09 09:20:00+00:00,2,1,1,1,1,07-10-December.csv,0,0,0,0,0,0,0,0,0,0,0,0,0,0,0,0,0,0,2,1,0,357.9625,463.2772711503339,0.0,0.0,0.0,0.0,0.0,0.0,0.0,0.0,0.0,0.0,0.0,0.0,0.0,0.0,0.0,0.0,0.0,0.0,0.006666666666666667,1.2942061560927023,0.7071067811865476,-0.7071067811865475
wazuh-agent,2024-12-09 09:25:00+00:00,32,8,1,6,1,07-10-December.csv,15,0,0,0,0,0,0,5,0,0,0,0,0,2,0,0,5,0,32,8,0,10.03128125,27.941583079397322,0.05,0.0,0.0,0.0,0.0,0.0,0.0,0.016666666666666666,0.0,0.0,0.0,0.0,0.0,0.006666666666666667,0.0,0.0,0.016666666666666666,0.0,0.10666666666666667,2.7854450875253174,0.7071067811865476,-0.7071067811865475
wazuh-agent,2024-12-09 09:50:00+00:00,11,4,1,6,1,07-10-December.csv,2,0,0,0,0,0,0,5,0,0,0,0,0,0,1,0,5,0,11,4,0,24.620090909090905,23.95031881814748,0.006666666666666667,0.0,0.0,0.0,0.0,0.0,0.0,0.016666666666666666,0.0,0.0,0.0,0.0,0.0,0.0,0.0033333333333333335,0.0,0.016666666666666666,0.0,0.03666666666666667,0.9727957100801722,0.7071067811865476,-0.7071067811865475
wazuh-agent,2024-12-09 10:00:00+00:00,16,5,1,6,1,07-10-December.csv,3,0,0,0,0,0,0,5,0,0,0,0,0,1,0,0,5,0,16,5,0,20.363374999999998,26.212066610310096,0.01,0.0,0.0,0.0,0.0,0.0,0.0,0.016666666666666666,0.0,0.0,0.0,0.0,0.0,0.0033333333333333335,0.0,0.0,0.016666666666666666,0.0,0.05333333333333334,1.2872162208037763,0.49999999999999994,-0.8660254037844387
wazuh-agent,2024-12-09 10:05:00+00:00,14,3,1,5,1,07-10-December.csv,1,0,0,0,0,0,0,4,0,0,0,0,0,0,0,0,4,0,14,3,0,21.102214285714286,23.151674753106445,0.0033333333333333335,0.0,0.0,0.0,0.0,0.0,0.0,0.013333333333333334,0.0,0.0,0.0,0.0,0.0,0.0,0.0,0.0,0.013333333333333334,0.0,0.04666666666666667,1.0971206357609398,0.49999999999999994,-0.8660254037844387
wazuh-agent,2024-12-09 10:10:00+00:00,63,8,1,31,1,07-10-December.csv,11,0,0,0,0,0,0,30,0,0,0,0,0,0,0,0,29,0,63,9,0,4.67136507936508,11.722975755247287,0.03666666666666667,0.0,0.0,0.0,0.0,0.0,0.0,0.1,0.0,0.0,0.0,0.0,0.0,0.0,0.0,0.0,0.09666666666666666,0.0,0.21,2.50953962194722,0.49999999999999994,-0.8660254037844387
wazuh-agent,2024-12-09 10:45:00+00:00,1,1,1,1,1,07-10-December.csv,0,0,0,0,0,0,0,0,0,0,0,0,0,0,0,0,0,0,1,1,0,275.58,,0.0,0.0,0.0,0.0,0.0,0.0,0.0,0.0,0.0,0.0,0.0,0.0,0.0,0.0,0.0,0.0,0.0,0.0,0.0033333333333333335,0.0,0.49999999999999994,-0.8660254037844387
wazuh-agent,2024-12-09 10:55:00+00:00,1,1,1,1,1,07-10-December.csv,0,0,0,0,0,0,0,0,0,0,0,0,0,0,0,0,0,0,1,1,0,777.031,,0.0,0.0,0.0,0.0,0.0,0.0,0.0,0.0,0.0,0.0,0.0,0.0,0.0,0.0,0.0,0.0,0.0,0.0,0.0033333333333333335,0.0,0.49999999999999994,-0.8660254037844387
wazuh-agent,2024-12-09 12:45:00+00:00,2,1,1,1,1,07-10-December.csv,0,0,0,0,0,0,0,0,0,0,0,0,0,0,0,0,0,0,2,1,0,180.005,157.66077057403976,0.0,0.0,0.0,0.0,0.0,0.0,0.0,0.0,0.0,0.0,0.0,0.0,0.0,0.0,0.0,0.0,0.0,0.0,0.006666666666666667,0.8758688401657718,1.2246467991473532e-16,-1.0
wazuh-agent,2024-12-09 13:15:00+00:00,1,1,1,1,1,07-10-December.csv,0,0,0,0,0,0,0,0,0,0,0,0,0,0,0,0,0,0,1,1,0,391.629,,0.0,0.0,0.0,0.0,0.0,0.0,0.0,0.0,0.0,0.0,0.0,0.0,0.0,0.0,0.0,0.0,0.0,0.0,0.0033333333333333335,0.0,-0.2588190451025208,-0.9659258262890683
wazuh-agent,2024-12-09 15:10:00+00:00,1,1,1,1,1,07-10-December.csv,0,0,0,0,0,0,0,0,0,0,0,0,0,0,0,0,0,0,1,1,0,246.549,,0.0,0.0,0.0,0.0,0.0,0.0,0.0,0.0,0.0,0.0,0.0,0.0,0.0,0.0,0.0,0.0,0.0,0.0,0.0033333333333333335,0.0,-0.7071067811865471,-0.7071067811865479
wazuh-agent,2024-12-09 16:45:00+00:00,1,1,1,1,1,07-10-December.csv,0,0,0,0,0,0,0,0,0,0,0,0,0,0,0,0,0,0,1,1,0,493.793,,0.0,0.0,0.0,0.0,0.0,0.0,0.0,0.0,0.0,0.0,0.0,0.0,0.0,0.0,0.0,0.0,0.0,0.0,0.0033333333333333335,0.0,-0.8660254037844385,-0.5000000000000004
wazuh-agent,2024-12-09 18:40:00+00:00,34,5,1,2,1,07-10-December.csv,27,0,0,0,0,0,0,1,0,0,0,0,0,0,0,0,0,0,34,5,0,42.455323529411764,240.50408663846287,0.09,0.0,0.0,0.0,0.0,0.0,0.0,0.0033333333333333335,0.0,0.0,0.0,0.0,0.0,0.0,0.0,0.0,0.0,0.0,0.11333333333333333,5.664874664583557,-1.0,-1.8369701987210297e-16
wazuh-agent,2024-12-09 18:45:00+00:00,45,7,1,2,1,07-10-December.csv,29,0,0,0,0,0,0,1,0,0,0,0,0,0,1,0,0,0,45,7,0,6.248222222222223,15.572283788964302,0.09666666666666666,0.0,0.0,0.0,0.0,0.0,0.0,0.0033333333333333335,0.0,0.0,0.0,0.0,0.0,0.0,0.0033333333333333335,0.0,0.0,0.0,0.15,2.492274319818592,-1.0,-1.8369701987210297e-16
wazuh-agent,2024-12-09 18:50:00+00:00,12,3,1,3,1,07-10-December.csv,1,0,0,0,0,0,0,2,0,0,0,0,0,0,0,0,2,0,12,3,0,23.886083333333332,35.09013336967409,0.0033333333333333335,0.0,0.0,0.0,0.0,0.0,0.0,0.006666666666666667,0.0,0.0,0.0,0.0,0.0,0.0,0.0,0.0,0.006666666666666667,0.0,0.04,1.469061833201652,-1.0,-1.8369701987210297e-16
wazuh-agent,2024-12-09 18:55:00+00:00,30,5,1,2,1,07-10-December.csv,27,0,0,0,0,0,0,1,0,0,0,0,0,0,0,0,0,0,30,5,0,10.8015,57.15397737796286,0.09,0.0,0.0,0.0,0.0,0.0,0.0,0.0033333333333333335,0.0,0.0,0.0,0.0,0.0,0.0,0.0,0.0,0.0,0.0,0.1,5.291300039620688,-1.0,-1.8369701987210297e-16
wazuh-agent,2024-12-09 19:00:00+00:00,9,2,1,1,1,07-10-December.csv,1,0,0,0,0,0,0,0,0,0,0,0,0,0,0,0,0,0,9,2,0,23.007777777777775,25.949122662326072,0.0033333333333333335,0.0,0.0,0.0,0.0,0.0,0.0,0.0,0.0,0.0,0.0,0.0,0.0,0.0,0.0,0.0,0.0,0.0,0.03,1.1278413288305147,-0.9659258262890684,0.2588190451025203
wazuh-agent,2024-12-09 19:05:00+00:00,6,2,1,1,1,07-10-December.csv,1,0,0,0,0,0,0,0,0,0,0,0,0,0,0,0,0,0,6,2,0,65.0195,98.57435465018274,0.0033333333333333335,0.0,0.0,0.0,0.0,0.0,0.0,0.0,0.0,0.0,0.0,0.0,0.0,0.0,0.0,0.0,0.0,0.0,0.02,1.5160737109664446,-0.9659258262890684,0.2588190451025203
wazuh-agent,2024-12-09 19:10:00+00:00,4,1,1,1,1,07-10-December.csv,0,0,0,0,0,0,0,0,0,0,0,0,0,0,0,0,0,0,4,1,0,22.644,28.19460403457844,0.0,0.0,0.0,0.0,0.0,0.0,0.0,0.0,0.0,0.0,0.0,0.0,0.0,0.0,0.0,0.0,0.0,0.0,0.013333333333333334,1.2451247144752888,-0.9659258262890684,0.2588190451025203
wazuh-agent,2024-12-09 19:15:00+00:00,13,2,1,1,1,07-10-December.csv,2,0,0,0,0,0,0,0,0,0,0,0,0,0,0,0,0,0,13,2,0,41.18546153846153,93.21828846996299,0.006666666666666667,0.0,0.0,0.0,0.0,0.0,0.0,0.0,0.0,0.0,0.0,0.0,0.0,0.0,0.0,0.0,0.0,0.0,0.043333333333333335,2.263378507556847,-0.9659258262890684,0.2588190451025203
wazuh-agent,2024-12-09 19:25:00+00:00,1,1,1,1,1,07-10-December.csv,0,0,0,0,0,0,0,0,0,0,0,0,0,0,0,0,0,0,1,1,0,410.091,,0.0,0.0,0.0,0.0,0.0,0.0,0.0,0.0,0.0,0.0,0.0,0.0,0.0,0.0,0.0,0.0,0.0,0.0,0.0033333333333333335,0.0,-0.9659258262890684,0.2588190451025203
wazuh-agent,2024-12-09 20:25:00+00:00,8,2,1,1,1,07-10-December.csv,1,0,0,0,0,0,0,0,0,0,0,0,0,0,1,0,0,0,8,2,0,17.455125,38.41534406769365,0.0033333333333333335,0.0,0.0,0.0,0.0,0.0,0.0,0.0,0.0,0.0,0.0,0.0,0.0,0.0,0.0033333333333333335,0.0,0.0,0.0,0.02666666666666667,2.200806013574446,-0.8660254037844386,0.5000000000000001
window-agent3,2024-11-25 20:20:00+00:00,406,1,1,1,1,23-30-November.csv,0,0,0,0,0,0,0,0,0,0,0,0,0,0,0,0,0,0,406,1,0,0.14048641975308643,1.366719251642476,0.0,0.0,0.0,0.0,0.0,0.0,0.0,0.0,0.0,0.0,0.0,0.0,0.0,0.0,0.0,0.0,0.0,0.0,1.3533333333333333,9.728479478974336,-0.8660254037844386,0.5000000000000001
window-agent3,2024-11-25 20:45:00+00:00,34,6,1,6,1,23-30-November.csv,26,0,0,0,1,0,0,5,0,0,0,0,0,0,0,0,0,0,34,6,0,4.266441176470588,17.312708600981402,0.08666666666666667,0.0,0.0,0.0,0.0033333333333333335,0.0,0.0,0.016666666666666666,0.0,0.0,0.0,0.0,0.0,0.0,0.0,0.0,0.0,0.0,0.11333333333333333,4.057880534357522,-0.8660254037844386,0.5000000000000001
window-agent3,2024-11-26 04:00:00+00:00,16,4,1,1,1,23-30-November.csv,4,0,0,0,7,0,0,0,0,0,0,0,0,0,0,0,0,0,16,4,0,36.4100625,118.16906373128785,0.013333333333333334,0.0,0.0,0.0,0.023333333333333334,0.0,0.0,0.0,0.0,0.0,0.0,0.0,0.0,0.0,0.0,0.0,0.0,0.0,0.05333333333333334,3.2455056546878445,0.8660254037844386,0.5000000000000001
window-agent3,2024-11-26 04:55:00+00:00,19,4,1,1,1,23-30-November.csv,6,0,0,0,3,0,0,0,0,0,0,0,0,0,0,0,0,0,19,4,0,136.25042105263157,568.644031099941,0.02,0.0,0.0,0.0,0.01,0.0,0.0,0.0,0.0,0.0,0.0,0.0,0.0,0.0,0.0,0.0,0.0,0.0,0.06333333333333334,4.1735212758005495,0.8660254037844386,0.5000000000000001
window-agent3,2024-11-26 05:00:00+00:00,11,2,1,1,1,23-30-November.csv,5,0,0,0,0,0,0,0,0,0,0,0,0,0,0,0,0,0,11,2,0,20.617545454545454,20.507222144228294,0.016666666666666666,0.0,0.0,0.0,0.0,0.0,0.0,0.0,0.0,0.0,0.0,0.0,0.0,0.0,0.0,0.0,0.0,0.0,0.03666666666666667,0.9946490570101866,0.9659258262890683,0.25881904510252074
window-agent3,2024-11-26 05:25:00+00:00,153,14,1,68,1,23-30-November.csv,29,0,0,0,9,0,0,68,13,0,0,0,0,0,1,0,67,13,153,14,0,10.573379084967321,116.05414963702837,0.09666666666666666,0.0,0.0,0.0,0.03,0.0,0.0,0.22666666666666666,0.043333333333333335,0.0,0.0,0.0,0.0,0.0,0.0033333333333333335,0.0,0.22333333333333333,0.043333333333333335,0.51,10.976070062788924,0.9659258262890683,0.25881904510252074
window-agent3,2024-11-26 05:30:00+00:00,28,10,1,3,1,23-30-November.csv,10,0,0,0,3,0,1,2,8,0,0,0,0,0,0,1,2,8,28,10,0,10.469214285714285,34.459546008871996,0.03333333333333333,0.0,0.0,0.0,0.01,0.0,0.0033333333333333335,0.006666666666666667,0.02666666666666667,0.0,0.0,0.0,0.0,0.0,0.0,0.0033333333333333335,0.006666666666666667,0.02666666666666667,0.09333333333333334,3.291512148709536,0.9659258262890683,0.25881904510252074
window-agent3,2024-11-26 05:35:00+00:00,19,9,1,8,1,23-30-November.csv,5,0,0,0,3,0,0,7,0,0,0,0,0,0,4,0,6,0,19,11,0,15.747526315789472,17.222358779500112,0.016666666666666666,0.0,0.0,0.0,0.01,0.0,0.0,0.023333333333333334,0.0,0.0,0.0,0.0,0.0,0.0,0.013333333333333334,0.0,0.02,0.0,0.06333333333333334,1.0936548657951364,0.9659258262890683,0.25881904510252074
window-agent3,2024-11-26 05:40:00+00:00,38,7,1,5,1,23-30-November.csv,3,0,0,0,8,0,0,4,0,0,0,0,0,2,0,0,4,0,38,8,0,7.989131578947368,17.36112697981459,0.01,0.0,0.0,0.0,0.02666666666666667,0.0,0.0,0.013333333333333334,0.0,0.0,0.0,0.0,0.0,0.006666666666666667,0.0,0.0,0.013333333333333334,0.0,0.12666666666666668,2.1730931338725124,0.9659258262890683,0.25881904510252074
window-agent3,2024-11-26 05:50:00+00:00,17,9,1,10,1,23-30-November.csv,3,0,0,0,2,0,0,9,0,0,0,0,0,0,0,0,3,0,17,9,0,13.114999999999998,19.826549148175033,0.01,0.0,0.0,0.0,0.006666666666666667,0.0,0.0,0.03,0.0,0.0,0.0,0.0,0.0,0.0,0.0,0.0,0.01,0.0,0.056666666666666664,1.5117460273103345,0.9659258262890683,0.25881904510252074
window-agent3,2024-11-26 07:25:00+00:00,1,1,1,1,1,23-30-November.csv,0,0,0,0,0,0,0,0,0,0,0,0,0,0,0,0,0,0,1,1,0,597.134,,0.0,0.0,0.0,0.0,0.0,0.0,0.0,0.0,0.0,0.0,0.0,0.0,0.0,0.0,0.0,0.0,0.0,0.0,0.0033333333333333335,0.0,0.9659258262890683,-0.25881904510252063
window-agent3,2024-11-26 07:40:00+00:00,192,13,1,72,1,23-30-November.csv,29,0,0,0,11,0,36,71,13,0,0,0,0,0,1,0,71,13,192,13,0,1.522234375,11.186839953199392,0.09666666666666666,0.0,0.0,0.0,0.03666666666666667,0.0,0.12,0.23666666666666666,0.043333333333333335,0.0,0.0,0.0,0.0,0.0,0.0033333333333333335,0.0,0.23666666666666666,0.043333333333333335,0.64,7.348960276369657,0.9659258262890683,-0.25881904510252063
window-agent3,2024-11-26 07:45:00+00:00,23,11,1,4,1,23-30-November.csv,13,0,0,0,2,0,0,3,0,0,0,0,0,0,3,0,2,0,23,12,0,10.779391304347826,18.179252684258028,0.043333333333333335,0.0,0.0,0.0,0.006666666666666667,0.0,0.0,0.01,0.0,0.0,0.0,0.0,0.0,0.0,0.01,0.0,0.006666666666666667,0.0,0.07666666666666666,1.6864823041469417,0.9659258262890683,-0.25881904510252063
window-agent3,2024-11-26 07:50:00+00:00,14,5,1,7,1,23-30-November.csv,2,0,0,0,2,0,0,6,0,0,0,0,0,0,1,0,6,0,14,6,0,24.455071428571426,24.62822609391442,0.006666666666666667,0.0,0.0,0.0,0.006666666666666667,0.0,0.0,0.02,0.0,0.0,0.0,0.0,0.0,0.0,0.0033333333333333335,0.0,0.02,0.0,0.04666666666666667,1.0070805217579817,0.9659258262890683,-0.25881904510252063
window-agent3,2024-11-26 07:55:00+00:00,25,6,1,8,1,23-30-November.csv,2,0,0,0,9,0,0,7,0,0,0,0,0,2,0,0,7,0,25,7,0,12.548,14.695284867376111,0.006666666666666667,0.0,0.0,0.0,0.03,0.0,0.0,0.023333333333333334,0.0,0.0,0.0,0.0,0.0,0.006666666666666667,0.0,0.0,0.023333333333333334,0.0,0.08333333333333333,1.1711256668294638,0.9659258262890683,-0.25881904510252063
window-agent3,2024-11-26 08:15:00+00:00,13,6,1,6,1,23-30-November.csv,7,0,0,0,1,0,0,5,0,0,0,0,0,1,0,0,3,0,13,7,0,20.802076923076925,19.861305225074958,0.023333333333333334,0.0,0.0,0.0,0.0033333333333333335,0.0,0.0,0.016666666666666666,0.0,0.0,0.0,0.0,0.0,0.0033333333333333335,0.0,0.0,0.01,0.0,0.043333333333333335,0.9547751072414161,0.8660254037844387,-0.4999999999999998
window-agent3,2024-11-26 08:20:00+00:00,9,6,1,3,1,23-30-November.csv,7,0,0,0,0,0,0,2,0,0,0,0,0,0,0,0,1,0,9,6,0,29.597111111111115,28.920909574408466,0.023333333333333334,0.0,0.0,0.0,0.0,0.0,0.0,0.006666666666666667,0.0,0.0,0.0,0.0,0.0,0.0,0.0,0.0,0.0033333333333333335,0.0,0.03,0.9771531236895349,0.8660254037844387,-0.4999999999999998
window-agent3,2024-11-26 08:30:00+00:00,9,4,1,5,1,23-30-November.csv,4,0,0,0,0,0,0,4,0,0,0,0,0,0,0,0,3,0,9,5,0,34.715444444444444,29.50456243155925,0.013333333333333334,0.0,0.0,0.0,0.0,0.0,0.0,0.013333333333333334,0.0,0.0,0.0,0.0,0.0,0.0,0.0,0.0,0.01,0.0,0.03,0.8498972979814724,0.8660254037844387,-0.4999999999999998
window-agent3,2024-11-26 09:00:00+00:00,14,7,1,4,1,23-30-November.csv,9,0,0,0,0,0,0,3,0,0,0,0,0,0,2,0,2,0,14,9,0,22.133857142857146,30.11238898081433,0.03,0.0,0.0,0.0,0.0,0.0,0.0,0.01,0.0,0.0,0.0,0.0,0.0,0.0,0.006666666666666667,0.0,0.006666666666666667,0.0,0.04666666666666667,1.3604673051995346,0.7071067811865476,-0.7071067811865475
window-agent3,2024-11-26 09:35:00+00:00,7,5,1,4,1,23-30-November.csv,4,0,0,0,0,0,0,3,0,0,0,0,0,0,0,0,2,0,7,5,0,28.726857142857142,27.5899086166698,0.013333333333333334,0.0,0.0,0.0,0.0,0.0,0.0,0.01,0.0,0.0,0.0,0.0,0.0,0.0,0.0,0.0,0.006666666666666667,0.0,0.023333333333333334,0.9604221053304454,0.7071067811865476,-0.7071067811865475
window-agent3,2024-11-26 09:40:00+00:00,13,2,1,8,1,23-30-November.csv,1,0,0,0,0,0,0,7,0,0,0,0,0,1,0,0,7,0,13,3,0,29.01069230769231,36.91975943264125,0.0033333333333333335,0.0,0.0,0.0,0.0,0.0,0.0,0.023333333333333334,0.0,0.0,0.0,0.0,0.0,0.0033333333333333335,0.0,0.0,0.023333333333333334,0.0,0.043333333333333335,1.2726259353297755,0.7071067811865476,-0.7071067811865475
window-agent3,2024-11-26 09:45:00+00:00,11,5,1,6,1,23-30-November.csv,3,0,0,0,0,0,0,5,0,0,0,0,0,0,0,0,4,0,11,5,0,25.464727272727274,22.06629991680032,0.01,0.0,0.0,0.0,0.0,0.0,0.0,0.016666666666666666,0.0,0.0,0.0,0.0,0.0,0.0,0.0,0.0,0.013333333333333334,0.0,0.03666666666666667,0.8665437363797465,0.7071067811865476,-0.7071067811865475
window-agent3,2024-11-26 09:55:00+00:00,14,3,1,8,1,23-30-November.csv,7,0,0,0,0,0,0,7,0,0,0,0,0,6,0,0,6,0,14,5,0,21.088285714285714,25.39215267460696,0.023333333333333334,0.0,0.0,0.0,0.0,0.0,0.0,0.023333333333333334,0.0,0.0,0.0,0.0,0.0,0.02,0.0,0.0,0.02,0.0,0.04666666666666667,1.2040880429368284,0.7071067811865476,-0.7071067811865475
window-agent3,2024-11-26 10:20:00+00:00,26,8,1,4,1,23-30-November.csv,8,0,0,0,4,0,0,3,0,0,0,0,0,2,0,0,3,0,26,10,0,12.652230769230767,20.477072754293165,0.02666666666666667,0.0,0.0,0.0,0.013333333333333334,0.0,0.0,0.01,0.0,0.0,0.0,0.0,0.0,0.006666666666666667,0.0,0.0,0.01,0.0,0.08666666666666667,1.6184555220168604,0.49999999999999994,-0.8660254037844387
window-agent3,2024-11-26 10:25:00+00:00,49,13,1,17,1,23-30-November.csv,13,0,0,0,3,0,0,16,0,0,0,0,0,2,4,0,14,0,49,14,0,5.158836734693878,11.021545260584945,0.043333333333333335,0.0,0.0,0.0,0.01,0.0,0.0,0.05333333333333334,0.0,0.0,0.0,0.0,0.0,0.006666666666666667,0.013333333333333334,0.0,0.04666666666666667,0.0,0.16333333333333333,2.1364400207635095,0.49999999999999994,-0.8660254037844387
window-agent3,2024-11-26 10:35:00+00:00,8,3,1,7,1,23-30-November.csv,2,0,0,0,0,0,0,6,0,0,0,0,0,0,0,0,5,0,8,3,0,39.139625,17.34221336127131,0.006666666666666667,0.0,0.0,0.0,0.0,0.0,0.0,0.02,0.0,0.0,0.0,0.0,0.0,0.0,0.0,0.0,0.016666666666666666,0.0,0.02666666666666667,0.4430858333791217,0.49999999999999994,-0.8660254037844387
window-agent3,2024-11-26 11:00:00+00:00,9,3,1,7,1,23-30-November.csv,3,0,0,0,0,0,0,6,0,0,0,0,0,2,0,0,5,0,9,4,0,35.56744444444444,27.993675808613947,0.01,0.0,0.0,0.0,0.0,0.0,0.0,0.02,0.0,0.0,0.0,0.0,0.0,0.006666666666666667,0.0,0.0,0.016666666666666666,0.0,0.03,0.7870589592777588,0.258819045102521,-0.9659258262890682
window-agent3,2024-11-26 11:45:00+00:00,7,2,1,6,1,23-30-November.csv,0,0,0,0,0,0,0,5,0,0,0,0,0,0,0,0,5,0,7,2,0,41.544714285714285,15.130353506712764,0.0,0.0,0.0,0.0,0.0,0.0,0.0,0.016666666666666666,0.0,0.0,0.0,0.0,0.0,0.0,0.0,0.0,0.016666666666666666,0.0,0.023333333333333334,0.36419442922768014,0.258819045102521,-0.9659258262890682
window-agent3,2024-11-26 13:25:00+00:00,16,5,1,6,1,23-30-November.csv,0,0,0,0,3,0,0,5,0,0,0,0,0,0,0,0,5,0,16,5,0,17.2544375,20.77584552621546,0.0,0.0,0.0,0.0,0.01,0.0,0.0,0.016666666666666666,0.0,0.0,0.0,0.0,0.0,0.0,0.0,0.0,0.016666666666666666,0.0,0.05333333333333334,1.2040870950568778,-0.2588190451025208,-0.9659258262890683
window-agent3,2024-11-26 13:35:00+00:00,36,3,1,6,1,23-30-November.csv,0,0,0,0,3,0,0,5,0,0,0,0,0,0,0,0,5,0,36,3,0,8.458277777777777,13.111005143141853,0.0,0.0,0.0,0.0,0.01,0.0,0.0,0.016666666666666666,0.0,0.0,0.0,0.0,0.0,0.0,0.0,0.0,0.016666666666666666,0.0,0.12,1.5500797547212353,-0.2588190451025208,-0.9659258262890683
window-agent3,2024-11-26 13:55:00+00:00,21,3,1,6,1,23-30-November.csv,0,0,0,0,2,0,0,5,0,0,0,0,0,0,0,0,5,0,21,3,0,12.284761904761906,15.504916590890652,0.0,0.0,0.0,0.0,0.006666666666666667,0.0,0.0,0.016666666666666666,0.0,0.0,0.0,0.0,0.0,0.0,0.0,0.0,0.016666666666666666,0.0,0.07,1.262125933827055,-0.2588190451025208,-0.9659258262890683
window-agent3,2024-11-26 15:20:00+00:00,9,2,1,6,1,23-30-November.csv,1,0,0,0,0,0,0,5,0,0,0,0,0,1,0,0,5,0,9,3,0,31.294666666666664,16.020251215258767,0.0033333333333333335,0.0,0.0,0.0,0.0,0.0,0.0,0.016666666666666666,0.0,0.0,0.0,0.0,0.0,0.0033333333333333335,0.0,0.0,0.016666666666666666,0.0,0.03,0.5119163397999266,-0.7071067811865471,-0.7071067811865479
window-agent3,2024-11-26 15:25:00+00:00,5,2,1,5,1,23-30-November.csv,0,0,0,0,0,0,0,4,0,0,0,0,0,0,0,0,4,0,5,2,0,45.7076,20.723915805175427,0.0,0.0,0.0,0.0,0.0,0.0,0.0,0.013333333333333334,0.0,0.0,0.0,0.0,0.0,0.0,0.0,0.0,0.013333333333333334,0.0,0.016666666666666666,0.4534019682760728,-0.7071067811865471,-0.7071067811865479
window-agent3,2024-11-26 15:40:00+00:00,1,1,1,1,1,23-30-November.csv,0,0,0,0,0,0,0,0,0,0,0,0,0,0,0,0,0,0,1,1,0,673.07,,0.0,0.0,0.0,0.0,0.0,0.0,0.0,0.0,0.0,0.0,0.0,0.0,0.0,0.0,0.0,0.0,0.0,0.0,0.0033333333333333335,0.0,-0.7071067811865471,-0.7071067811865479
window-agent3,2024-11-27 05:10:00+00:00,1362,12,1,42,1,23-30-November.csv,28,0,0,0,9,0,674,42,0,0,0,0,0,0,0,0,41,0,1362,12,0,27.353662995594714,1002.9633597156921,0.09333333333333334,0.0,0.0,0.0,0.03,0.0,2.2466666666666666,0.14,0.0,0.0,0.0,0.0,0.0,0.0,0.0,0.0,0.13666666666666666,0.0,4.54,36.66651007132824,0.9659258262890683,0.25881904510252074
window-agent3,2024-11-27 05:15:00+00:00,44,11,1,8,1,23-30-November.csv,0,0,0,0,10,0,0,11,1,0,0,0,0,0,0,0,0,1,44,11,0,7.56575,27.961444621266256,0.0,0.0,0.0,0.0,0.03333333333333333,0.0,0.0,0.03666666666666667,0.0033333333333333335,0.0,0.0,0.0,0.0,0.0,0.0,0.0,0.0,0.0033333333333333335,0.14666666666666667,3.695792832338665,0.9659258262890683,0.25881904510252074
window-agent3,2024-11-27 05:20:00+00:00,44,6,1,28,1,23-30-November.csv,3,0,0,0,7,0,0,27,0,0,0,0,0,0,2,0,0,0,44,6,0,6.027681818181819,31.58355768343581,0.01,0.0,0.0,0.0,0.023333333333333334,0.0,0.0,0.09,0.0,0.0,0.0,0.0,0.0,0.0,0.006666666666666667,0.0,0.0,0.0,0.14666666666666667,5.239751970345812,0.9659258262890683,0.25881904510252074
window-agent3,2024-11-27 05:25:00+00:00,15,4,1,1,1,23-30-November.csv,0,0,0,0,4,0,0,0,0,0,0,0,0,0,0,0,0,0,15,4,0,19.325533333333333,31.65278108491454,0.0,0.0,0.0,0.0,0.013333333333333334,0.0,0.0,0.0,0.0,0.0,0.0,0.0,0.0,0.0,0.0,0.0,0.0,0.0,0.05,1.6378736120218091,0.9659258262890683,0.25881904510252074
window-agent3,2024-11-27 05:30:00+00:00,24,8,1,5,1,23-30-November.csv,0,0,0,0,7,0,0,4,0,0,0,0,0,0,0,0,0,0,24,8,0,11.940416666666666,17.704945511296298,0.0,0.0,0.0,0.0,0.023333333333333334,0.0,0.0,0.013333333333333334,0.0,0.0,0.0,0.0,0.0,0.0,0.0,0.0,0.0,0.0,0.08,1.4827745132816108,0.9659258262890683,0.25881904510252074
window-agent3,2024-11-27 05:40:00+00:00,43,7,1,28,1,23-30-November.csv,0,0,0,0,7,0,0,27,4,0,0,0,0,0,0,0,0,4,43,7,0,10.773651162790697,52.55315490637561,0.0,0.0,0.0,0.0,0.023333333333333334,0.0,0.0,0.09,0.013333333333333334,0.0,0.0,0.0,0.0,0.0,0.0,0.0,0.0,0.013333333333333334,0.14333333333333334,4.877933591156182,0.9659258262890683,0.25881904510252074
window-agent3,2024-11-27 05:45:00+00:00,11,5,1,4,1,23-30-November.csv,0,0,0,0,2,0,1,3,0,0,0,0,0,0,0,0,3,0,11,5,0,17.605727272727272,15.573813990740412,0.0,0.0,0.0,0.0,0.006666666666666667,0.0,0.0033333333333333335,0.01,0.0,0.0,0.0,0.0,0.0,0.0,0.0,0.0,0.01,0.0,0.03666666666666667,0.8845879383162738,0.9659258262890683,0.25881904510252074
window-agent3,2024-11-27 05:50:00+00:00,17,10,1,3,1,23-30-November.csv,13,0,0,0,1,0,0,2,0,0,0,0,0,0,3,0,1,0,17,11,0,17.19358823529412,35.899181615077985,0.043333333333333335,0.0,0.0,0.0,0.0033333333333333335,0.0,0.0,0.006666666666666667,0.0,0.0,0.0,0.0,0.0,0.0,0.01,0.0,0.0033333333333333335,0.0,0.056666666666666664,2.0879400578749454,0.9659258262890683,0.25881904510252074
window-agent3,2024-11-27 07:40:00+00:00,156,10,1,97,1,23-30-November.csv,28,0,0,0,26,0,0,96,0,0,0,0,0,0,0,0,1,0,156,10,0,4.9583076923076925,50.68017561438312,0.09333333333333334,0.0,0.0,0.0,0.08666666666666667,0.0,0.0,0.32,0.0,0.0,0.0,0.0,0.0,0.0,0.0,0.0,0.0033333333333333335,0.0,0.52,10.221264745834194,0.9659258262890683,-0.25881904510252063
window-agent3,2024-11-27 07:45:00+00:00,171,4,1,58,1,23-30-November.csv,0,0,0,0,114,0,0,57,0,0,0,0,0,0,0,0,0,0,171,4,0,0.201953216374269,1.0019578881186193,0.0,0.0,0.0,0.0,0.38,0.0,0.0,0.19,0.0,0.0,0.0,0.0,0.0,0.0,0.0,0.0,0.0,0.0,0.57,4.961336620961484,0.9659258262890683,-0.25881904510252063
window-agent3,2024-11-27 09:40:00+00:00,164,16,1,71,1,23-30-November.csv,29,0,0,0,14,0,0,70,13,1,0,0,0,0,1,0,69,13,164,16,0,4.081664634146342,34.039036818947864,0.09666666666666666,0.0,0.0,0.0,0.04666666666666667,0.0,0.0,0.23333333333333334,0.043333333333333335,0.0033333333333333335,0.0,0.0,0.0,0.0,0.0033333333333333335,0.0,0.23,0.043333333333333335,0.5466666666666666,8.339498677619051,0.7071067811865476,-0.7071067811865475
window-agent3,2024-11-27 09:45:00+00:00,20,7,1,5,1,23-30-November.csv,7,0,0,0,2,0,1,4,0,0,0,0,0,0,0,0,4,0,20,7,0,13.899099999999999,21.110680696347945,0.023333333333333334,0.0,0.0,0.0,0.006666666666666667,0.0,0.0033333333333333335,0.013333333333333334,0.0,0.0,0.0,0.0,0.0,0.0,0.0,0.0,0.013333333333333334,0.0,0.06666666666666667,1.5188523498894135,0.7071067811865476,-0.7071067811865475
window-agent3,2024-11-27 09:50:00+00:00,21,7,1,14,1,23-30-November.csv,3,0,0,0,3,0,0,13,0,0,0,0,0,1,0,0,12,0,21,9,0,14.333904761904762,22.604640244659414,0.01,0.0,0.0,0.0,0.01,0.0,0.0,0.043333333333333335,0.0,0.0,0.0,0.0,0.0,0.0033333333333333335,0.0,0.0,0.04,0.0,0.07,1.577005053412647,0.7071067811865476,-0.7071067811865475
window-agent3,2024-11-27 09:55:00+00:00,24,7,1,2,1,23-30-November.csv,1,0,0,0,9,0,0,1,0,0,0,0,0,0,0,0,0,0,24,7,0,9.485291666666667,21.07501592238125,0.0033333333333333335,0.0,0.0,0.0,0.03,0.0,0.0,0.0033333333333333335,0.0,0.0,0.0,0.0,0.0,0.0,0.0,0.0,0.0,0.0,0.08,2.221862717879656,0.7071067811865476,-0.7071067811865475
window-agent3,2024-11-27 11:05:00+00:00,14,7,1,2,1,23-30-November.csv,13,0,0,0,0,0,0,1,0,0,0,0,0,0,3,0,0,0,14,8,0,20.357857142857142,54.5399971423332,0.043333333333333335,0.0,0.0,0.0,0.0,0.0,0.0,0.0033333333333333335,0.0,0.0,0.0,0.0,0.0,0.0,0.01,0.0,0.0,0.0,0.04666666666666667,2.679063752123311,0.258819045102521,-0.9659258262890682
window-agent3,2024-11-27 11:35:00+00:00,29,6,1,21,1,23-30-November.csv,8,0,0,0,0,0,0,20,0,0,0,0,0,2,0,0,18,0,29,9,0,10.508241379310347,17.90046624822775,0.02666666666666667,0.0,0.0,0.0,0.0,0.0,0.0,0.06666666666666667,0.0,0.0,0.0,0.0,0.0,0.006666666666666667,0.0,0.0,0.06,0.0,0.09666666666666666,1.7034692677950793,0.258819045102521,-0.9659258262890682
window-agent3,2024-11-27 11:40:00+00:00,10,6,1,4,1,23-30-November.csv,6,0,0,0,0,0,0,3,0,0,0,0,0,0,0,0,2,0,10,6,0,23.8922,23.787795352519183,0.02,0.0,0.0,0.0,0.0,0.0,0.0,0.01,0.0,0.0,0.0,0.0,0.0,0.0,0.0,0.0,0.006666666666666667,0.0,0.03333333333333333,0.9956301785737263,0.258819045102521,-0.9659258262890682
window-agent3,2024-11-27 11:50:00+00:00,9,3,1,6,1,23-30-November.csv,4,0,0,0,0,0,0,5,0,0,0,0,0,0,0,0,4,0,9,4,0,32.23622222222222,25.753882143172987,0.013333333333333334,0.0,0.0,0.0,0.0,0.0,0.0,0.016666666666666666,0.0,0.0,0.0,0.0,0.0,0.0,0.0,0.0,0.013333333333333334,0.0,0.03,0.7989112981551357,0.258819045102521,-0.9659258262890682
window-agent3,2024-11-27 12:20:00+00:00,9,5,1,5,1,23-30-November.csv,5,0,0,0,0,0,0,4,0,0,0,0,0,0,0,0,3,0,9,6,0,30.89833333333333,33.02901514577751,0.016666666666666666,0.0,0.0,0.0,0.0,0.0,0.0,0.013333333333333334,0.0,0.0,0.0,0.0,0.0,0.0,0.0,0.0,0.01,0.0,0.03,1.0689578233705435,1.2246467991473532e-16,-1.0
window-agent3,2024-11-27 13:00:00+00:00,11,3,1,8,1,23-30-November.csv,1,0,0,0,0,0,0,7,0,0,0,0,0,1,0,0,6,0,11,4,0,28.26281818181818,34.365129040404256,0.0033333333333333335,0.0,0.0,0.0,0.0,0.0,0.0,0.023333333333333334,0.0,0.0,0.0,0.0,0.0,0.0033333333333333335,0.0,0.0,0.02,0.0,0.03666666666666667,1.215913035258167,-0.2588190451025208,-0.9659258262890683
window-agent3,2024-11-27 13:05:00+00:00,11,5,1,7,1,23-30-November.csv,3,0,0,0,0,0,0,6,0,0,0,0,0,0,0,0,5,0,11,5,0,30.49572727272727,19.043476925660972,0.01,0.0,0.0,0.0,0.0,0.0,0.0,0.02,0.0,0.0,0.0,0.0,0.0,0.0,0.0,0.0,0.016666666666666666,0.0,0.03666666666666667,0.6244637734116872,-0.2588190451025208,-0.9659258262890683
window-agent3,2024-11-27 13:20:00+00:00,11,3,1,8,1,23-30-November.csv,4,0,0,0,0,0,0,7,0,0,0,0,0,3,0,0,6,0,11,5,0,26.742909090909095,26.28820894414279,0.013333333333333334,0.0,0.0,0.0,0.0,0.0,0.0,0.023333333333333334,0.0,0.0,0.0,0.0,0.0,0.01,0.0,0.0,0.02,0.0,0.03666666666666667,0.9829973565994407,-0.2588190451025208,-0.9659258262890683
window-agent3,2024-11-27 13:50:00+00:00,29,11,1,15,1,23-30-November.csv,15,0,0,0,0,0,0,14,0,0,0,0,0,2,4,0,12,0,29,12,0,10.548896551724138,24.98658618188228,0.05,0.0,0.0,0.0,0.0,0.0,0.0,0.04666666666666667,0.0,0.0,0.0,0.0,0.0,0.006666666666666667,0.013333333333333334,0.0,0.04,0.0,0.09666666666666666,2.368644536361333,-0.2588190451025208,-0.9659258262890683
window-agent3,2024-11-27 13:55:00+00:00,8,4,1,6,1,23-30-November.csv,3,0,0,0,0,0,0,5,0,0,0,0,0,0,0,0,4,0,8,4,0,38.1525,25.411833790016583,0.01,0.0,0.0,0.0,0.0,0.0,0.0,0.016666666666666666,0.0,0.0,0.0,0.0,0.0,0.0,0.0,0.0,0.013333333333333334,0.0,0.02666666666666667,0.6660594663525741,-0.2588190451025208,-0.9659258262890683
window-agent3,2024-11-27 14:25:00+00:00,10,3,1,8,1,23-30-November.csv,3,0,0,0,0,0,0,7,0,0,0,0,0,2,0,0,6,0,10,4,0,30.9005,22.01375693742438,0.01,0.0,0.0,0.0,0.0,0.0,0.0,0.023333333333333334,0.0,0.0,0.0,0.0,0.0,0.006666666666666667,0.0,0.0,0.02,0.0,0.03333333333333333,0.7124077907290943,-0.4999999999999997,-0.8660254037844388
window-agent3,2024-11-27 21:40:00+00:00,287,5,1,2,1,23-30-November.csv,28,0,0,0,1,0,0,1,0,0,0,0,0,0,0,0,0,0,287,5,0,2.166268292682927,33.89829316062967,0.09333333333333334,0.0,0.0,0.0,0.0033333333333333335,0.0,0.0,0.0033333333333333335,0.0,0.0,0.0,0.0,0.0,0.0,0.0,0.0,0.0,0.0,0.9566666666666667,15.648243237058406,-0.7071067811865477,0.7071067811865474
window-agent3,2024-11-28 00:00:00+00:00,6,3,1,1,1,23-30-November.csv,0,0,0,0,2,0,0,0,0,0,0,0,0,0,0,0,0,0,6,3,0,152.5285,353.31364859158776,0.0,0.0,0.0,0.0,0.006666666666666667,0.0,0.0,0.0,0.0,0.0,0.0,0.0,0.0,0.0,0.0,0.0,0.0,0.0,0.02,2.31637791358066,0.0,1.0
window-agent3,2024-11-28 00:50:00+00:00,7,4,1,1,1,23-30-November.csv,0,0,0,0,3,0,0,0,0,0,0,0,0,0,0,0,0,0,7,4,0,32.38142857142857,62.0054866896394,0.0,0.0,0.0,0.0,0.01,0.0,0.0,0.0,0.0,0.0,0.0,0.0,0.0,0.0,0.0,0.0,0.0,0.0,0.023333333333333334,1.9148471647217356,0.0,1.0
window-agent3,2024-11-28 03:15:00+00:00,5,2,1,1,1,23-30-November.csv,0,0,0,0,1,0,0,0,0,0,0,0,0,0,0,0,0,0,5,2,0,187.046,410.4007134740387,0.0,0.0,0.0,0.0,0.0033333333333333335,0.0,0.0,0.0,0.0,0.0,0.0,0.0,0.0,0.0,0.0,0.0,0.0,0.0,0.016666666666666666,2.194116492595611,0.7071067811865476,0.7071067811865476
window-agent3,2024-11-29 13:05:00+00:00,1,1,1,1,1,23-30-November.csv,0,0,0,0,0,0,0,0,0,0,0,0,0,0,0,0,0,0,1,1,0,342.13,,0.0,0.0,0.0,0.0,0.0,0.0,0.0,0.0,0.0,0.0,0.0,0.0,0.0,0.0,0.0,0.0,0.0,0.0,0.0033333333333333335,0.0,-0.2588190451025208,-0.9659258262890683
window-agent3,2024-11-29 14:30:00+00:00,123,13,1,55,1,23-30-November.csv,27,0,0,0,11,0,0,54,0,0,0,0,0,0,0,0,22,0,123,13,0,9.463382113821137,78.65989258229196,0.09,0.0,0.0,0.0,0.03666666666666667,0.0,0.0,0.18,0.0,0.0,0.0,0.0,0.0,0.0,0.0,0.0,0.07333333333333333,0.0,0.41,8.312027522106531,-0.4999999999999997,-0.8660254037844388
window-agent3,2024-11-29 14:35:00+00:00,40,6,1,30,1,23-30-November.csv,0,0,0,0,8,0,0,29,0,0,0,0,0,0,0,0,0,0,40,6,0,3.731725,4.317937031093341,0.0,0.0,0.0,0.0,0.02666666666666667,0.0,0.0,0.09666666666666666,0.0,0.0,0.0,0.0,0.0,0.0,0.0,0.0,0.0,0.0,0.13333333333333333,1.1570887541534656,-0.4999999999999997,-0.8660254037844388
window-agent3,2024-11-29 14:40:00+00:00,12,6,1,2,1,23-30-November.csv,1,0,0,0,4,0,0,1,0,0,0,0,0,0,1,0,0,0,12,6,0,37.81875,73.49024812378478,0.0033333333333333335,0.0,0.0,0.0,0.013333333333333334,0.0,0.0,0.0033333333333333335,0.0,0.0,0.0,0.0,0.0,0.0,0.0033333333333333335,0.0,0.0,0.0,0.04,1.9432225582227012,-0.4999999999999997,-0.8660254037844388
window-agent3,2024-11-29 14:55:00+00:00,33,9,1,8,1,23-30-November.csv,5,0,0,0,7,0,0,7,0,0,0,0,0,0,3,0,6,0,33,10,0,10.241393939393939,12.771765842913505,0.016666666666666666,0.0,0.0,0.0,0.023333333333333334,0.0,0.0,0.023333333333333334,0.0,0.0,0.0,0.0,0.0,0.0,0.01,0.0,0.02,0.0,0.11,1.247072997923299,-0.4999999999999997,-0.8660254037844388
window-agent3,2024-11-29 15:20:00+00:00,29,5,1,21,1,23-30-November.csv,5,0,0,0,0,0,0,20,0,0,0,0,0,2,0,0,19,0,29,8,0,11.10751724137931,20.098938121596465,0.016666666666666666,0.0,0.0,0.0,0.0,0.0,0.0,0.06666666666666667,0.0,0.0,0.0,0.0,0.0,0.006666666666666667,0.0,0.0,0.06333333333333334,0.0,0.09666666666666666,1.8094897072696883,-0.7071067811865471,-0.7071067811865479
window-agent3,2024-11-29 15:25:00+00:00,12,6,1,4,1,23-30-November.csv,9,0,0,0,0,0,0,3,0,0,0,0,0,0,0,0,1,0,12,6,0,24.013666666666666,25.65364557588908,0.03,0.0,0.0,0.0,0.0,0.0,0.0,0.01,0.0,0.0,0.0,0.0,0.0,0.0,0.0,0.0,0.0033333333333333335,0.0,0.04,1.0682935651596623,-0.7071067811865471,-0.7071067811865479
window-agent3,2024-11-29 15:40:00+00:00,11,5,1,6,1,23-30-November.csv,6,0,0,0,0,0,0,5,0,0,0,0,0,0,1,0,4,0,11,6,0,30.178727272727272,25.133576172486514,0.02,0.0,0.0,0.0,0.0,0.0,0.0,0.016666666666666666,0.0,0.0,0.0,0.0,0.0,0.0,0.0033333333333333335,0.0,0.013333333333333334,0.0,0.03666666666666667,0.8328242588016593,-0.7071067811865471,-0.7071067811865479
window-agent3,2024-11-29 16:05:00+00:00,8,5,1,4,1,23-30-November.csv,5,0,0,0,0,0,0,3,0,0,0,0,0,0,0,0,2,0,8,6,0,37.87275,43.27501970536814,0.016666666666666666,0.0,0.0,0.0,0.0,0.0,0.0,0.01,0.0,0.0,0.0,0.0,0.0,0.0,0.0,0.0,0.006666666666666667,0.0,0.02666666666666667,1.142642657461318,-0.8660254037844385,-0.5000000000000004
window-agent3,2024-11-29 16:40:00+00:00,12,7,1,5,1,23-30-November.csv,7,0,0,0,0,0,0,4,0,0,0,0,0,1,0,0,3,0,12,8,0,23.019666666666666,24.205490328861465,0.023333333333333334,0.0,0.0,0.0,0.0,0.0,0.0,0.013333333333333334,0.0,0.0,0.0,0.0,0.0,0.0033333333333333335,0.0,0.0,0.01,0.0,0.04,1.0515135027524927,-0.8660254037844385,-0.5000000000000004
window-agent3,2024-11-29 16:50:00+00:00,11,5,1,6,1,23-30-November.csv,3,0,0,0,0,0,0,5,0,0,0,0,0,0,0,0,4,0,11,5,0,27.82281818181818,23.10465899258494,0.01,0.0,0.0,0.0,0.0,0.0,0.0,0.016666666666666666,0.0,0.0,0.0,0.0,0.0,0.0,0.0,0.0,0.013333333333333334,0.0,0.03666666666666667,0.8304212334494393,-0.8660254037844385,-0.5000000000000004
window-agent3,2024-11-29 17:00:00+00:00,13,5,1,7,1,23-30-November.csv,6,0,0,0,0,0,0,6,0,0,0,0,0,5,1,0,5,0,13,7,0,24.112461538461538,25.63650084227365,0.02,0.0,0.0,0.0,0.0,0.0,0.0,0.02,0.0,0.0,0.0,0.0,0.0,0.016666666666666666,0.0033333333333333335,0.0,0.016666666666666666,0.0,0.043333333333333335,1.0632054633402372,-0.9659258262890683,-0.25881904510252063
window-agent3,2024-11-29 17:30:00+00:00,29,12,1,16,1,23-30-November.csv,13,0,0,0,0,0,0,15,0,0,0,0,0,2,4,0,13,0,29,13,0,10.325689655172413,25.338052496060225,0.043333333333333335,0.0,0.0,0.0,0.0,0.0,0.0,0.05,0.0,0.0,0.0,0.0,0.0,0.006666666666666667,0.013333333333333334,0.0,0.043333333333333335,0.0,0.09666666666666666,2.4538847614277968,-0.9659258262890683,-0.25881904510252063
window-agent3,2024-11-29 17:40:00+00:00,7,3,1,6,1,23-30-November.csv,2,0,0,0,0,0,0,5,0,0,0,0,0,0,0,0,4,0,7,3,0,37.446285714285715,17.874570071419768,0.006666666666666667,0.0,0.0,0.0,0.0,0.0,0.0,0.016666666666666666,0.0,0.0,0.0,0.0,0.0,0.0,0.0,0.0,0.013333333333333334,0.0,0.023333333333333334,0.4773389331001296,-0.9659258262890683,-0.25881904510252063
window-agent3,2024-11-29 18:05:00+00:00,11,3,1,9,1,23-30-November.csv,3,0,0,0,0,0,0,8,0,0,0,0,0,2,0,0,7,0,11,4,0,27.191454545454544,20.43088426556049,0.01,0.0,0.0,0.0,0.0,0.0,0.0,0.02666666666666667,0.0,0.0,0.0,0.0,0.0,0.006666666666666667,0.0,0.0,0.023333333333333334,0.0,0.03666666666666667,0.7513715101708605,-1.0,-1.8369701987210297e-16
window-agent3,2024-11-29 20:30:00+00:00,10,3,0,1,1,30-November.csv,0,0,0,0,2,0,0,0,0,0,0,0,0,0,0,0,0,0,0,3,0,41.0035,113.55509242971988,0.0,0.0,0.0,0.0,0.006666666666666667,0.0,0.0,0.0,0.0,0.0,0.0,0.0,0.0,0.0,0.0,0.0,0.0,0.0,0.0,2.769399988530732,-0.8660254037844386,0.5000000000000001
window-agent3,2024-11-30 06:25:00+00:00,15,8,0,3,1,30-November.csv,13,0,0,0,0,0,0,2,0,0,0,0,0,0,3,0,1,0,0,9,0,28.8962,76.85762152299164,0.043333333333333335,0.0,0.0,0.0,0.0,0.0,0.0,0.006666666666666667,0.0,0.0,0.0,0.0,0.0,0.0,0.01,0.0,0.0033333333333333335,0.0,0.0,2.65978299994434,1.0,6.123233995736766e-17
window-agent3,2024-11-30 06:55:00+00:00,27,5,0,21,1,30-November.csv,6,0,0,0,0,0,0,20,0,0,0,0,0,2,0,0,18,0,0,8,0,10.922629629629629,18.40990470068542,0.02,0.0,0.0,0.0,0.0,0.0,0.0,0.06666666666666667,0.0,0.0,0.0,0.0,0.0,0.006666666666666667,0.0,0.0,0.06,0.0,0.0,1.6854828301369102,1.0,6.123233995736766e-17
window-agent3,2024-11-30 07:00:00+00:00,11,6,0,4,1,30-November.csv,8,0,0,0,0,0,0,3,0,0,0,0,0,0,0,0,2,0,0,6,0,26.596636363636364,26.232359330692034,0.02666666666666667,0.0,0.0,0.0,0.0,0.0,0.0,0.01,0.0,0.0,0.0,0.0,0.0,0.0,0.0,0.0,0.006666666666666667,0.0,0.0,0.9863036427627977,0.9659258262890683,-0.25881904510252063
window-agent3,2024-11-30 07:15:00+00:00,10,5,0,6,1,30-November.csv,5,0,0,0,0,0,0,5,0,0,0,0,0,0,1,0,4,0,0,6,0,28.781,25.55604524699913,0.016666666666666666,0.0,0.0,0.0,0.0,0.0,0.0,0.016666666666666666,0.0,0.0,0.0,0.0,0.0,0.0,0.0033333333333333335,0.0,0.013333333333333334,0.0,0.0,0.8879484815329256,0.9659258262890683,-0.25881904510252063
window-agent3,2024-11-30 07:40:00+00:00,12,6,0,5,1,30-November.csv,5,0,0,0,0,0,0,4,0,0,0,0,0,0,0,0,3,0,0,7,0,28.016916666666663,32.05330851866036,0.016666666666666666,0.0,0.0,0.0,0.0,0.0,0.0,0.013333333333333334,0.0,0.0,0.0,0.0,0.0,0.0,0.0,0.0,0.01,0.0,0.0,1.144069809680236,0.9659258262890683,-0.25881904510252063
window-agent3,2024-11-30 08:20:00+00:00,10,5,0,7,1,30-November.csv,3,0,0,0,0,0,0,6,0,0,0,0,0,1,0,0,5,0,0,6,0,32.9213,35.600501791251325,0.01,0.0,0.0,0.0,0.0,0.0,0.0,0.02,0.0,0.0,0.0,0.0,0.0,0.0033333333333333335,0.0,0.0,0.016666666666666666,0.0,0.0,1.0813820168477952,0.8660254037844387,-0.4999999999999998
window-agent3,2024-11-30 08:25:00+00:00,11,4,0,7,1,30-November.csv,1,0,0,0,0,0,0,6,0,0,0,0,0,0,0,0,5,0,0,4,0,23.548181818181817,22.728115957193555,0.0033333333333333335,0.0,0.0,0.0,0.0,0.0,0.0,0.02,0.0,0.0,0.0,0.0,0.0,0.0,0.0,0.0,0.016666666666666666,0.0,0.0,0.9651749817748103,0.8660254037844387,-0.4999999999999998
window-agent3,2024-11-30 08:40:00+00:00,13,4,0,8,1,30-November.csv,5,0,0,0,0,0,0,7,0,0,0,0,0,4,0,0,6,0,0,6,0,24.193846153846152,27.186402191923552,0.016666666666666666,0.0,0.0,0.0,0.0,0.0,0.0,0.023333333333333334,0.0,0.0,0.0,0.0,0.0,0.013333333333333334,0.0,0.0,0.02,0.0,0.0,1.1236907938923,0.8660254037844387,-0.4999999999999998
window-agent3,2024-11-30 09:10:00+00:00,28,11,0,16,1,30-November.csv,13,0,0,0,0,0,0,15,0,0,0,0,0,2,4,0,13,0,0,12,0,10.826964285714284,24.817534163603767,0.043333333333333335,0.0,0.0,0.0,0.0,0.0,0.0,0.05,0.0,0.0,0.0,0.0,0.0,0.006666666666666667,0.013333333333333334,0.0,0.043333333333333335,0.0,0.0,2.2921969176853607,0.7071067811865476,-0.7071067811865475
window-agent3,2024-11-30 09:20:00+00:00,8,3,0,7,1,30-November.csv,2,0,0,0,0,0,0,6,0,0,0,0,0,0,0,0,5,0,0,3,0,41.366875,18.61059419821716,0.006666666666666667,0.0,0.0,0.0,0.0,0.0,0.0,0.02,0.0,0.0,0.0,0.0,0.0,0.0,0.0,0.0,0.016666666666666666,0.0,0.0,0.4498912281437058,0.7071067811865476,-0.7071067811865475
window-agent3,2024-11-30 09:45:00+00:00,8,4,0,6,1,30-November.csv,2,0,0,0,0,0,0,5,0,0,0,0,0,1,0,0,4,0,0,5,0,31.536125,27.135046850034577,0.006666666666666667,0.0,0.0,0.0,0.0,0.0,0.0,0.016666666666666666,0.0,0.0,0.0,0.0,0.0,0.0033333333333333335,0.0,0.0,0.013333333333333334,0.0,0.0,0.860443280524623,0.7071067811865476,-0.7071067811865475
window-agent3,2024-11-30 12:45:00+00:00,312,11,0,109,1,30-November.csv,0,0,0,0,186,0,0,108,4,0,0,0,0,0,0,0,1,4,0,11,0,2.2141826923076926,28.938214294287057,0.0,0.0,0.0,0.0,0.62,0.0,0.0,0.36,0.013333333333333334,0.0,0.0,0.0,0.0,0.0,0.0,0.0,0.0033333333333333335,0.013333333333333334,0.0,13.06947904290893,1.2246467991473532e-16,-1.0
window-agent3,2024-11-30 13:25:00+00:00,14,6,0,9,1,30-November.csv,5,0,0,0,0,0,0,8,0,0,0,0,0,2,0,0,7,0,0,7,0,54.11721428571428,132.503955532353,0.016666666666666666,0.0,0.0,0.0,0.0,0.0,0.0,0.02666666666666667,0.0,0.0,0.0,0.0,0.0,0.006666666666666667,0.0,0.0,0.023333333333333334,0.0,0.0,2.4484622366700615,-0.2588190451025208,-0.9659258262890683
window-agent3,2024-11-30 13:30:00+00:00,6,4,0,4,1,30-November.csv,2,0,0,0,0,0,0,3,0,0,0,0,0,1,0,0,2,0,0,5,0,19.5955,27.34036585526975,0.006666666666666667,0.0,0.0,0.0,0.0,0.0,0.0,0.01,0.0,0.0,0.0,0.0,0.0,0.0033333333333333335,0.0,0.0,0.006666666666666667,0.0,0.0,1.3952369602852566,-0.2588190451025208,-0.9659258262890683
window-agent3,2024-11-30 13:50:00+00:00,23,9,0,14,1,30-November.csv,4,0,0,0,2,0,0,13,0,0,0,0,0,0,3,0,1,0,0,10,0,7.799043478260869,15.577900825669271,0.013333333333333334,0.0,0.0,0.0,0.006666666666666667,0.0,0.0,0.043333333333333335,0.0,0.0,0.0,0.0,0.0,0.0,0.01,0.0,0.0033333333333333335,0.0,0.0,1.9974117171023942,-0.2588190451025208,-0.9659258262890683
window-agent3,2024-11-30 14:45:00+00:00,31,4,0,3,1,30-November.csv,28,0,0,0,1,0,0,2,0,0,0,0,0,0,0,0,1,0,0,4,0,16.086774193548386,63.53389320444622,0.09333333333333334,0.0,0.0,0.0,0.0033333333333333335,0.0,0.0,0.006666666666666667,0.0,0.0,0.0,0.0,0.0,0.0,0.0,0.0,0.0033333333333333335,0.0,0.0,3.9494489348850648,-0.4999999999999997,-0.8660254037844388
window-agent3,2024-11-30 16:05:00+00:00,10,5,0,1,1,30-November.csv,0,0,0,0,4,0,0,0,0,0,0,0,0,0,0,0,0,0,0,5,0,67.3666,202.12739837384186,0.0,0.0,0.0,0.0,0.013333333333333334,0.0,0.0,0.0,0.0,0.0,0.0,0.0,0.0,0.0,0.0,0.0,0.0,0.0,0.0,3.0004096744357267,-0.8660254037844385,-0.5000000000000004
window-agent3,2024-11-30 16:45:00+00:00,1,1,0,1,1,30-November.csv,0,0,0,0,0,0,0,0,0,0,0,0,0,0,0,0,0,0,0,1,0,483.307,,0.0,0.0,0.0,0.0,0.0,0.0,0.0,0.0,0.0,0.0,0.0,0.0,0.0,0.0,0.0,0.0,0.0,0.0,0.0,0.0,-0.8660254037844385,-0.5000000000000004
window-agent3,2024-11-30 18:40:00+00:00,13,3,0,1,1,30-November.csv,0,0,0,0,2,0,0,0,0,0,0,0,0,0,0,0,0,0,0,3,0,69.6276923076923,245.67695633676644,0.0,0.0,0.0,0.0,0.006666666666666667,0.0,0.0,0.0,0.0,0.0,0.0,0.0,0.0,0.0,0.0,0.0,0.0,0.0,0.0,3.5284374391024396,-1.0,-1.8369701987210297e-16
window-agent3,2024-12-01 07:05:00+00:00,15,6,1,8,1,01-03-December.csv,6,0,0,0,1,0,0,7,0,0,0,0,0,1,0,0,6,0,15,8,0,19.5108,24.032140910515174,0.02,0.0,0.0,0.0,0.0033333333333333335,0.0,0.0,0.023333333333333334,0.0,0.0,0.0,0.0,0.0,0.0033333333333333335,0.0,0.0,0.02,0.0,0.05,1.2317352907371903,0.9659258262890683,-0.25881904510252063
window-agent3,2024-12-01 07:45:00+00:00,10,5,1,3,1,01-03-December.csv,7,0,0,0,0,0,0,2,0,0,0,0,0,2,0,0,2,0,10,6,0,28.114800000000002,33.45361376858676,0.023333333333333334,0.0,0.0,0.0,0.0,0.0,0.0,0.006666666666666667,0.0,0.0,0.0,0.0,0.0,0.006666666666666667,0.0,0.0,0.006666666666666667,0.0,0.03333333333333333,1.1898933575407529,0.9659258262890683,-0.25881904510252063
window-agent3,2024-12-01 09:10:00+00:00,15,6,1,8,1,01-03-December.csv,6,0,0,0,1,0,0,7,0,0,0,0,0,1,0,0,6,0,15,8,0,20.8356,23.945112235515385,0.02,0.0,0.0,0.0,0.0033333333333333335,0.0,0.0,0.023333333333333334,0.0,0.0,0.0,0.0,0.0,0.0033333333333333335,0.0,0.0,0.02,0.0,0.05,1.1492403499546635,0.7071067811865476,-0.7071067811865475
window-agent3,2024-12-01 09:55:00+00:00,16,5,1,5,1,01-03-December.csv,6,0,0,0,0,0,0,4,0,0,0,0,0,2,0,0,4,0,16,6,0,19.1790625,21.1738263947694,0.02,0.0,0.0,0.0,0.0,0.0,0.0,0.013333333333333334,0.0,0.0,0.0,0.0,0.0,0.006666666666666667,0.0,0.0,0.013333333333333334,0.0,0.05333333333333334,1.104007372350416,0.7071067811865476,-0.7071067811865475
window-agent3,2024-12-01 11:05:00+00:00,23,10,2,5,1,01-03-December.csv,13,4,0,0,0,0,0,4,0,0,0,0,0,1,4,0,4,0,23,12,1,13.833913043478262,21.96937391401751,0.043333333333333335,0.013333333333333334,0.0,0.0,0.0,0.0,0.0,0.013333333333333334,0.0,0.0,0.0,0.0,0.0,0.0033333333333333335,0.013333333333333334,0.0,0.013333333333333334,0.0,0.07666666666666666,1.5880809605330402,0.258819045102521,-0.9659258262890682
window-agent3,2024-12-01 11:10:00+00:00,20,5,2,3,1,01-03-December.csv,6,2,0,0,1,0,0,2,0,0,0,0,0,1,0,0,2,0,18,5,1,16.100550000000002,25.97350688981492,0.02,0.006666666666666667,0.0,0.0,0.0033333333333333335,0.0,0.0,0.006666666666666667,0.0,0.0,0.0,0.0,0.0,0.0033333333333333335,0.0,0.0,0.006666666666666667,0.0,0.06,1.6132061879758715,0.258819045102521,-0.9659258262890682
window-agent3,2024-12-01 11:20:00+00:00,14,5,2,6,1,01-03-December.csv,4,4,0,0,0,0,0,5,0,0,0,0,0,3,2,0,5,0,14,7,1,21.418000000000003,35.59568342023856,0.013333333333333334,0.013333333333333334,0.0,0.0,0.0,0.0,0.0,0.016666666666666666,0.0,0.0,0.0,0.0,0.0,0.01,0.006666666666666667,0.0,0.016666666666666666,0.0,0.04666666666666667,1.6619517891604516,0.258819045102521,-0.9659258262890682
window-agent3,2024-12-01 12:00:00+00:00,11,5,1,6,1,01-03-December.csv,6,0,0,0,0,0,0,5,0,0,0,0,0,2,1,0,4,0,11,7,0,50.22909090909091,144.31263648860036,0.02,0.0,0.0,0.0,0.0,0.0,0.0,0.016666666666666666,0.0,0.0,0.0,0.0,0.0,0.006666666666666667,0.0033333333333333335,0.0,0.013333333333333334,0.0,0.03666666666666667,2.8730887594559547,1.2246467991473532e-16,-1.0
window-agent3,2024-12-01 12:05:00+00:00,71,11,1,5,1,01-03-December.csv,29,0,0,0,7,0,1,4,0,0,0,0,0,0,1,0,3,0,71,11,0,4.024338028169014,10.520345081173039,0.09666666666666666,0.0,0.0,0.0,0.023333333333333334,0.0,0.0033333333333333335,0.013333333333333334,0.0,0.0,0.0,0.0,0.0,0.0,0.0033333333333333335,0.0,0.01,0.0,0.23666666666666666,2.6141802720184435,1.2246467991473532e-16,-1.0
window-agent3,2024-12-01 12:15:00+00:00,15,9,2,3,1,01-03-December.csv,1,4,0,0,3,0,0,2,0,0,0,0,0,0,0,0,1,0,15,9,1,19.6906,32.88854055920216,0.0033333333333333335,0.013333333333333334,0.0,0.0,0.01,0.0,0.0,0.006666666666666667,0.0,0.0,0.0,0.0,0.0,0.0,0.0,0.0,0.0033333333333333335,0.0,0.05,1.6702660436554582,1.2246467991473532e-16,-1.0
window-agent3,2024-12-01 14:05:00+00:00,312,11,2,109,1,01-03-December.csv,0,4,0,0,184,0,0,108,4,0,0,0,0,0,0,0,1,4,312,11,1,3.101179487179487,44.62376404124642,0.0,0.013333333333333334,0.0,0.0,0.6133333333333333,0.0,0.0,0.36,0.013333333333333334,0.0,0.0,0.0,0.0,0.0,0.0,0.0,0.0033333333333333335,0.013333333333333334,1.04,14.389287761551522,-0.4999999999999997,-0.8660254037844388
window-agent3,2024-12-01 14:10:00+00:00,7,3,1,1,1,01-03-December.csv,0,0,0,0,3,0,0,0,0,0,0,0,0,0,0,0,0,0,7,3,0,35.211285714285715,45.71094101238888,0.0,0.0,0.0,0.0,0.01,0.0,0.0,0.0,0.0,0.0,0.0,0.0,0.0,0.0,0.0,0.0,0.0,0.0,0.023333333333333334,1.2981900571112432,-0.4999999999999997,-0.8660254037844388
window-agent3,2024-12-01 14:15:00+00:00,1,1,1,1,1,01-03-December.csv,0,0,0,0,1,0,0,0,0,0,0,0,0,0,0,0,0,0,1,1,0,287.164,,0.0,0.0,0.0,0.0,0.0033333333333333335,0.0,0.0,0.0,0.0,0.0,0.0,0.0,0.0,0.0,0.0,0.0,0.0,0.0,0.0033333333333333335,0.0,-0.4999999999999997,-0.8660254037844388
window-agent3,2024-12-01 14:20:00+00:00,10,2,1,1,1,01-03-December.csv,0,0,0,0,1,0,0,0,0,0,0,0,0,0,0,0,0,0,10,2,0,33.7438,59.013615963323794,0.0,0.0,0.0,0.0,0.0033333333333333335,0.0,0.0,0.0,0.0,0.0,0.0,0.0,0.0,0.0,0.0,0.0,0.0,0.0,0.03333333333333333,1.7488728585198998,-0.4999999999999997,-0.8660254037844388
window-agent3,2024-12-01 17:35:00+00:00,5,2,1,3,1,01-03-December.csv,0,0,0,0,0,0,1,2,0,0,0,0,0,0,0,0,2,0,5,2,0,193.5342,423.14268978820843,0.0,0.0,0.0,0.0,0.0,0.0,0.0033333333333333335,0.006666666666666667,0.0,0.0,0.0,0.0,0.0,0.0,0.0,0.0,0.006666666666666667,0.0,0.016666666666666666,2.1863974935086845,-0.9659258262890683,-0.25881904510252063
window-agent3,2024-12-01 17:40:00+00:00,16,3,1,1,1,01-03-December.csv,0,0,0,0,3,0,0,0,0,0,0,0,0,0,0,0,0,0,16,3,0,18.41225,61.77639681787859,0.0,0.0,0.0,0.0,0.01,0.0,0.0,0.0,0.0,0.0,0.0,0.0,0.0,0.0,0.0,0.0,0.0,0.0,0.05333333333333334,3.3551791235660278,-0.9659258262890683,-0.25881904510252063
window-agent3,2024-12-01 18:05:00+00:00,244,15,1,160,1,01-03-December.csv,28,0,0,0,13,0,0,159,13,0,0,0,0,0,1,0,158,13,244,15,0,4.385024590163935,56.898323988488265,0.09333333333333334,0.0,0.0,0.0,0.043333333333333335,0.0,0.0,0.53,0.043333333333333335,0.0,0.0,0.0,0.0,0.0,0.0033333333333333335,0.0,0.5266666666666666,0.043333333333333335,0.8133333333333334,12.97559975287644,-1.0,-1.8369701987210297e-16
window-agent3,2024-12-01 18:10:00+00:00,6,3,1,1,1,01-03-December.csv,0,0,0,0,3,0,0,0,0,0,0,0,0,0,0,0,0,0,6,3,0,14.752,23.53314088684296,0.0,0.0,0.0,0.0,0.01,0.0,0.0,0.0,0.0,0.0,0.0,0.0,0.0,0.0,0.0,0.0,0.0,0.0,0.02,1.5952508735658188,-1.0,-1.8369701987210297e-16
window-agent3,2024-12-01 18:15:00+00:00,8,5,1,2,1,01-03-December.csv,0,0,0,0,4,0,0,1,0,0,0,0,0,0,0,0,0,0,8,5,0,66.536625,115.47444270479136,0.0,0.0,0.0,0.0,0.013333333333333334,0.0,0.0,0.0033333333333333335,0.0,0.0,0.0,0.0,0.0,0.0,0.0,0.0,0.0,0.0,0.02666666666666667,1.7355019540710301,-1.0,-1.8369701987210297e-16
window-agent3,2024-12-01 18:25:00+00:00,7,3,1,4,1,01-03-December.csv,0,0,0,0,1,0,1,3,0,0,0,0,0,0,0,0,3,0,7,3,0,57.219142857142856,105.39262500831289,0.0,0.0,0.0,0.0,0.0033333333333333335,0.0,0.0033333333333333335,0.01,0.0,0.0,0.0,0.0,0.0,0.0,0.0,0.0,0.01,0.0,0.023333333333333334,1.8419119851453067,-1.0,-1.8369701987210297e-16
window-agent3,2024-12-01 18:45:00+00:00,20,8,2,6,1,01-03-December.csv,7,4,0,0,0,0,0,5,0,0,0,0,0,1,0,0,4,0,20,9,1,15.24605,23.99829328026869,0.023333333333333334,0.013333333333333334,0.0,0.0,0.0,0.0,0.0,0.016666666666666666,0.0,0.0,0.0,0.0,0.0,0.0033333333333333335,0.0,0.0,0.013333333333333334,0.0,0.06666666666666667,1.5740662847274336,-1.0,-1.8369701987210297e-16
window-agent3,2024-12-01 19:55:00+00:00,19,7,1,8,1,01-03-December.csv,9,0,0,0,0,0,0,7,0,0,0,0,0,3,1,0,7,0,19,10,0,17.42,23.987305193465243,0.03,0.0,0.0,0.0,0.0,0.0,0.0,0.023333333333333334,0.0,0.0,0.0,0.0,0.0,0.01,0.0033333333333333335,0.0,0.023333333333333334,0.0,0.06333333333333334,1.3769980019210815,-0.9659258262890684,0.2588190451025203
window-agent3,2024-12-01 20:05:00+00:00,11,6,1,2,1,01-03-December.csv,7,0,0,0,1,0,0,1,0,0,0,0,0,0,0,0,1,0,11,6,0,28.451090909090908,22.629310747146256,0.023333333333333334,0.0,0.0,0.0,0.0033333333333333335,0.0,0.0,0.0033333333333333335,0.0,0.0,0.0,0.0,0.0,0.0,0.0,0.0,0.0033333333333333335,0.0,0.03666666666666667,0.7953758546360543,-0.8660254037844386,0.5000000000000001
window-agent3,2024-12-01 20:10:00+00:00,18,6,1,4,1,01-03-December.csv,6,0,0,0,0,0,0,3,0,0,0,0,0,0,0,0,3,0,18,6,0,16.896722222222223,25.38569664619071,0.02,0.0,0.0,0.0,0.0,0.0,0.0,0.01,0.0,0.0,0.0,0.0,0.0,0.0,0.0,0.0,0.01,0.0,0.06,1.5024036207924376,-0.8660254037844386,0.5000000000000001
window-agent3,2024-12-01 20:15:00+00:00,10,5,1,5,1,01-03-December.csv,6,0,0,0,0,0,0,4,0,0,0,0,0,1,0,0,3,0,10,7,0,28.508699999999997,30.07444137488029,0.02,0.0,0.0,0.0,0.0,0.0,0.0,0.013333333333333334,0.0,0.0,0.0,0.0,0.0,0.0033333333333333335,0.0,0.0,0.01,0.0,0.03333333333333333,1.0549215283362725,-0.8660254037844386,0.5000000000000001
window-agent3,2024-12-01 20:20:00+00:00,34,5,1,6,1,01-03-December.csv,3,0,0,0,2,0,0,5,0,0,0,0,0,1,1,0,5,0,34,7,0,8.966882352941177,16.91631665396622,0.01,0.0,0.0,0.0,0.006666666666666667,0.0,0.0,0.016666666666666666,0.0,0.0,0.0,0.0,0.0,0.0033333333333333335,0.0033333333333333335,0.0,0.016666666666666666,0.0,0.11333333333333333,1.8865326864043883,-0.8660254037844386,0.5000000000000001
window-agent3,2024-12-01 20:35:00+00:00,18,7,2,5,1,01-03-December.csv,9,4,0,0,0,0,0,4,0,0,0,0,0,2,0,0,4,0,18,8,1,14.790055555555556,30.280265836256774,0.03,0.013333333333333334,0.0,0.0,0.0,0.0,0.0,0.013333333333333334,0.0,0.0,0.0,0.0,0.0,0.006666666666666667,0.0,0.0,0.013333333333333334,0.0,0.06,2.0473395601872952,-0.8660254037844386,0.5000000000000001
window-agent3,2024-12-01 20:55:00+00:00,48,7,1,26,1,01-03-December.csv,2,0,0,0,2,0,1,25,0,0,0,0,0,0,0,0,25,0,48,7,0,7.1702916666666665,15.22486152116506,0.006666666666666667,0.0,0.0,0.0,0.006666666666666667,0.0,0.0033333333333333335,0.08333333333333333,0.0,0.0,0.0,0.0,0.0,0.0,0.0,0.0,0.08333333333333333,0.0,0.16,2.1233252744714095,-0.8660254037844386,0.5000000000000001
window-agent3,2024-12-01 21:05:00+00:00,22,8,1,5,1,01-03-December.csv,14,0,0,0,0,0,0,4,2,0,0,0,0,2,1,0,4,0,22,10,0,17.381045454545454,28.471562523360834,0.04666666666666667,0.0,0.0,0.0,0.0,0.0,0.0,0.013333333333333334,0.006666666666666667,0.0,0.0,0.0,0.0,0.006666666666666667,0.0033333333333333335,0.0,0.013333333333333334,0.0,0.07333333333333333,1.6380811268124849,-0.7071067811865477,0.7071067811865474
window-agent3,2024-12-01 21:15:00+00:00,20,8,1,4,1,01-03-December.csv,10,0,0,0,1,0,0,3,0,0,0,0,0,2,0,1,3,0,20,9,0,14.7626,18.782047473725093,0.03333333333333333,0.0,0.0,0.0,0.0033333333333333335,0.0,0.0,0.01,0.0,0.0,0.0,0.0,0.0,0.006666666666666667,0.0,0.0033333333333333335,0.01,0.0,0.06666666666666667,1.2722723282975283,-0.7071067811865477,0.7071067811865474
window-agent3,2024-12-02 05:00:00+00:00,17,2,1,1,1,01-03-December.csv,0,0,0,0,2,0,0,0,0,0,0,0,0,0,0,0,0,0,17,2,0,59.957235294117645,236.13074399433074,0.0,0.0,0.0,0.0,0.006666666666666667,0.0,0.0,0.0,0.0,0.0,0.0,0.0,0.0,0.0,0.0,0.0,0.0,0.0,0.056666666666666664,3.938319417765037,0.9659258262890683,0.25881904510252074
window-agent3,2024-12-02 06:40:00+00:00,95,7,1,2,1,01-03-December.csv,28,0,0,0,3,0,0,1,0,0,0,0,0,0,0,0,0,0,95,7,0,63.84982105263157,618.2539025528332,0.09333333333333334,0.0,0.0,0.0,0.01,0.0,0.0,0.0033333333333333335,0.0,0.0,0.0,0.0,0.0,0.0,0.0,0.0,0.0,0.0,0.31666666666666665,9.682938688946441,1.0,6.123233995736766e-17
window-agent3,2024-12-02 06:45:00+00:00,128,14,1,51,1,01-03-December.csv,29,0,0,0,7,0,1,50,14,0,0,0,0,0,1,0,49,14,128,14,0,3.3322890625,16.102688526025048,0.09666666666666666,0.0,0.0,0.0,0.023333333333333334,0.0,0.0033333333333333335,0.16666666666666666,0.04666666666666667,0.0,0.0,0.0,0.0,0.0,0.0033333333333333335,0.0,0.16333333333333333,0.04666666666666667,0.4266666666666667,4.8323204331932255,1.0,6.123233995736766e-17
window-agent3,2024-12-02 06:50:00+00:00,21,9,1,10,1,01-03-December.csv,4,0,0,0,5,0,0,9,0,0,0,0,0,1,0,0,7,0,21,10,0,13.061857142857141,26.153043647510156,0.013333333333333334,0.0,0.0,0.0,0.016666666666666666,0.0,0.0,0.03,0.0,0.0,0.0,0.0,0.0,0.0033333333333333335,0.0,0.0,0.023333333333333334,0.0,0.07,2.002245420499941,1.0,6.123233995736766e-17
window-agent3,2024-12-02 06:55:00+00:00,13,8,2,2,1,01-03-December.csv,2,4,0,0,3,0,0,1,0,0,0,0,0,0,0,0,1,0,13,8,1,16.581076923076925,19.479086800384742,0.006666666666666667,0.013333333333333334,0.0,0.0,0.01,0.0,0.0,0.0033333333333333335,0.0,0.0,0.0,0.0,0.0,0.0,0.0,0.0,0.0033333333333333335,0.0,0.043333333333333335,1.1747781456386874,1.0,6.123233995736766e-17
window-agent3,2024-12-02 07:00:00+00:00,21,9,1,9,1,01-03-December.csv,4,0,0,0,5,0,1,8,0,0,0,0,0,1,0,0,7,0,21,10,0,18.283761904761906,30.53172983947153,0.013333333333333334,0.0,0.0,0.0,0.016666666666666666,0.0,0.0033333333333333335,0.02666666666666667,0.0,0.0,0.0,0.0,0.0,0.0033333333333333335,0.0,0.0,0.023333333333333334,0.0,0.07,1.6698822703176697,0.9659258262890683,-0.25881904510252063
window-agent3,2024-12-02 07:05:00+00:00,17,6,2,5,1,01-03-December.csv,3,4,0,0,1,0,0,4,0,0,0,0,0,0,1,0,4,0,17,7,1,18.737764705882356,24.734526202075845,0.01,0.013333333333333334,0.0,0.0,0.0033333333333333335,0.0,0.0,0.013333333333333334,0.0,0.0,0.0,0.0,0.0,0.0,0.0033333333333333335,0.0,0.013333333333333334,0.0,0.056666666666666664,1.320036119052713,0.9659258262890683,-0.25881904510252063
window-agent3,2024-12-02 07:10:00+00:00,14,6,1,5,1,01-03-December.csv,8,0,0,0,0,0,0,4,0,0,0,0,0,2,0,0,4,0,14,7,0,19.690428571428573,22.64585027605002,0.02666666666666667,0.0,0.0,0.0,0.0,0.0,0.0,0.013333333333333334,0.0,0.0,0.0,0.0,0.0,0.006666666666666667,0.0,0.0,0.013333333333333334,0.0,0.04666666666666667,1.150094331055336,0.9659258262890683,-0.25881904510252063
window-agent3,2024-12-02 07:25:00+00:00,13,5,1,4,1,01-03-December.csv,10,0,0,0,0,0,0,3,0,0,0,0,0,0,0,0,3,0,13,6,0,21.779615384615383,30.8474267255754,0.03333333333333333,0.0,0.0,0.0,0.0,0.0,0.0,0.01,0.0,0.0,0.0,0.0,0.0,0.0,0.0,0.0,0.01,0.0,0.043333333333333335,1.4163439611227162,0.9659258262890683,-0.25881904510252063
window-agent3,2024-12-02 07:35:00+00:00,14,9,1,5,1,01-03-December.csv,9,0,0,0,0,0,0,4,0,0,0,0,0,0,3,0,2,0,14,10,0,22.229642857142856,29.2673931471846,0.03,0.0,0.0,0.0,0.0,0.0,0.0,0.013333333333333334,0.0,0.0,0.0,0.0,0.0,0.0,0.01,0.0,0.006666666666666667,0.0,0.04666666666666667,1.3165930435891084,0.9659258262890683,-0.25881904510252063
window-agent3,2024-12-02 08:05:00+00:00,9,4,1,5,1,01-03-December.csv,2,0,0,0,0,0,0,4,0,0,0,0,0,0,0,0,4,0,9,4,0,34.05777777777777,28.737473522292184,0.006666666666666667,0.0,0.0,0.0,0.0,0.0,0.0,0.013333333333333334,0.0,0.0,0.0,0.0,0.0,0.0,0.0,0.0,0.013333333333333334,0.0,0.03,0.843785924900919,0.8660254037844387,-0.4999999999999998
window-agent3,2024-12-02 08:15:00+00:00,9,5,1,6,1,01-03-December.csv,3,0,0,0,0,0,0,5,0,0,0,0,0,0,0,0,5,0,9,5,0,33.462666666666664,24.872261608064512,0.01,0.0,0.0,0.0,0.0,0.0,0.0,0.016666666666666666,0.0,0.0,0.0,0.0,0.0,0.0,0.0,0.0,0.016666666666666666,0.0,0.03,0.7432839066840015,0.8660254037844387,-0.4999999999999998
window-agent3,2024-12-02 08:20:00+00:00,11,5,1,4,1,01-03-December.csv,4,0,0,0,0,0,0,3,0,0,0,0,0,1,0,0,3,0,11,6,0,21.804,30.12119072347572,0.013333333333333334,0.0,0.0,0.0,0.0,0.0,0.0,0.01,0.0,0.0,0.0,0.0,0.0,0.0033333333333333335,0.0,0.0,0.01,0.0,0.03666666666666667,1.3814525189632967,0.8660254037844387,-0.4999999999999998
window-agent3,2024-12-02 08:25:00+00:00,9,3,1,7,1,01-03-December.csv,3,0,0,0,0,0,0,6,0,0,0,0,0,2,0,0,5,0,9,5,0,38.75566666666666,53.68281458018013,0.01,0.0,0.0,0.0,0.0,0.0,0.0,0.02,0.0,0.0,0.0,0.0,0.0,0.006666666666666667,0.0,0.0,0.016666666666666666,0.0,0.03,1.3851603958177334,0.8660254037844387,-0.4999999999999998
window-agent3,2024-12-02 08:30:00+00:00,28,8,1,4,1,01-03-December.csv,11,0,0,0,0,0,0,3,0,0,0,0,0,3,0,0,2,0,28,9,0,12.21407142857143,22.063236215274614,0.03666666666666667,0.0,0.0,0.0,0.0,0.0,0.0,0.01,0.0,0.0,0.0,0.0,0.0,0.01,0.0,0.0,0.006666666666666667,0.0,0.09333333333333334,1.806378515493515,0.8660254037844387,-0.4999999999999998
window-agent3,2024-12-02 08:35:00+00:00,7,5,1,3,1,01-03-December.csv,4,0,0,0,0,0,0,2,0,0,0,0,0,0,0,0,1,0,7,5,0,40.49400000000001,36.935550977344306,0.013333333333333334,0.0,0.0,0.0,0.0,0.0,0.0,0.006666666666666667,0.0,0.0,0.0,0.0,0.0,0.0,0.0,0.0,0.0033333333333333335,0.0,0.023333333333333334,0.912124042508626,0.8660254037844387,-0.4999999999999998
window-agent3,2024-12-02 08:45:00+00:00,13,8,1,6,1,01-03-December.csv,6,0,0,0,0,0,0,5,1,0,0,0,0,1,0,0,3,1,13,10,0,23.85230769230769,32.23955217943899,0.02,0.0,0.0,0.0,0.0,0.0,0.0,0.016666666666666666,0.0033333333333333335,0.0,0.0,0.0,0.0,0.0033333333333333335,0.0,0.0,0.01,0.0033333333333333335,0.043333333333333335,1.3516324120636831,0.8660254037844387,-0.4999999999999998
window-agent3,2024-12-02 09:00:00+00:00,14,8,1,3,1,01-03-December.csv,12,0,0,0,0,0,0,2,0,0,0,0,0,2,1,0,1,0,14,9,0,18.61157142857143,25.31752592638086,0.04,0.0,0.0,0.0,0.0,0.0,0.0,0.006666666666666667,0.0,0.0,0.0,0.0,0.0,0.006666666666666667,0.0033333333333333335,0.0,0.0033333333333333335,0.0,0.04666666666666667,1.360311031421819,0.7071067811865476,-0.7071067811865475
window-agent3,2024-12-02 09:05:00+00:00,21,7,2,7,1,01-03-December.csv,8,4,0,0,0,0,0,6,0,0,0,0,0,0,0,0,6,0,21,7,1,15.200190476190476,22.697128200763743,0.02666666666666667,0.013333333333333334,0.0,0.0,0.0,0.0,0.0,0.02,0.0,0.0,0.0,0.0,0.0,0.0,0.0,0.0,0.02,0.0,0.07,1.4932134065238487,0.7071067811865476,-0.7071067811865475
window-agent3,2024-12-02 09:10:00+00:00,10,3,1,8,1,01-03-December.csv,0,0,0,0,0,0,1,7,0,1,0,0,0,0,0,0,6,0,10,3,0,30.939999999999998,23.781841934084454,0.0,0.0,0.0,0.0,0.0,0.0,0.0033333333333333335,0.023333333333333334,0.0,0.0033333333333333335,0.0,0.0,0.0,0.0,0.0,0.0,0.02,0.0,0.03333333333333333,0.7686438892722837,0.7071067811865476,-0.7071067811865475
window-agent3,2024-12-02 09:15:00+00:00,9,4,2,3,1,01-03-December.csv,6,1,0,0,0,0,0,2,0,0,0,0,0,0,0,0,1,0,9,5,1,36.18688888888889,27.274944209129213,0.02,0.0033333333333333335,0.0,0.0,0.0,0.0,0.0,0.006666666666666667,0.0,0.0,0.0,0.0,0.0,0.0,0.0,0.0,0.0033333333333333335,0.0,0.03,0.7537244854863423,0.7071067811865476,-0.7071067811865475
window-agent3,2024-12-02 09:25:00+00:00,10,5,1,4,1,01-03-December.csv,7,0,0,0,0,0,0,3,0,0,0,0,0,0,0,0,2,0,10,5,0,27.5841,24.39276738639277,0.023333333333333334,0.0,0.0,0.0,0.0,0.0,0.0,0.01,0.0,0.0,0.0,0.0,0.0,0.0,0.0,0.0,0.006666666666666667,0.0,0.03333333333333333,0.8843053565783466,0.7071067811865476,-0.7071067811865475
window-agent3,2024-12-02 09:30:00+00:00,20,8,1,4,1,01-03-December.csv,13,0,0,0,0,0,0,3,2,0,0,0,0,2,1,0,3,0,20,10,0,16.25275,26.0577956471157,0.043333333333333335,0.0,0.0,0.0,0.0,0.0,0.0,0.01,0.006666666666666667,0.0,0.0,0.0,0.0,0.006666666666666667,0.0033333333333333335,0.0,0.01,0.0,0.06666666666666667,1.6032853299974283,0.7071067811865476,-0.7071067811865475
window-agent3,2024-12-02 09:35:00+00:00,8,5,1,5,1,01-03-December.csv,4,0,0,0,0,0,0,4,0,0,0,0,0,1,0,0,3,0,8,6,0,35.92325,41.47594923653259,0.013333333333333334,0.0,0.0,0.0,0.0,0.0,0.0,0.013333333333333334,0.0,0.0,0.0,0.0,0.0,0.0033333333333333335,0.0,0.0,0.01,0.0,0.02666666666666667,1.154571182633325,0.7071067811865476,-0.7071067811865475
window-agent3,2024-12-02 09:40:00+00:00,14,8,1,3,1,01-03-December.csv,11,0,0,0,0,0,0,2,0,0,0,0,0,1,0,1,2,0,14,9,0,21.281214285714288,23.37115754079595,0.03666666666666667,0.0,0.0,0.0,0.0,0.0,0.0,0.006666666666666667,0.0,0.0,0.0,0.0,0.0,0.0033333333333333335,0.0,0.0033333333333333335,0.006666666666666667,0.0,0.04666666666666667,1.0982060152688093,0.7071067811865476,-0.7071067811865475
window-agent3,2024-12-02 09:45:00+00:00,30,10,1,17,1,01-03-December.csv,13,0,0,0,1,0,0,16,0,0,0,0,0,4,4,0,13,0,30,12,0,10.31,20.84841201097365,0.043333333333333335,0.0,0.0,0.0,0.0033333333333333335,0.0,0.0,0.05333333333333334,0.0,0.0,0.0,0.0,0.0,0.013333333333333334,0.013333333333333334,0.0,0.043333333333333335,0.0,0.1,2.022154414255446,0.7071067811865476,-0.7071067811865475
window-agent3,2024-12-02 09:55:00+00:00,9,5,1,6,1,01-03-December.csv,4,0,0,0,0,0,0,5,0,0,0,0,0,2,0,0,4,0,9,5,0,27.78922222222222,26.806279720327556,0.013333333333333334,0.0,0.0,0.0,0.0,0.0,0.0,0.016666666666666666,0.0,0.0,0.0,0.0,0.0,0.006666666666666667,0.0,0.0,0.013333333333333334,0.0,0.03,0.9646286429309044,0.7071067811865476,-0.7071067811865475
window-agent3,2024-12-02 11:05:00+00:00,6,3,2,1,1,01-03-December.csv,0,4,0,0,0,0,0,0,0,0,0,0,0,0,0,0,0,0,6,3,1,179.18433333333334,381.76877203336926,0.0,0.013333333333333334,0.0,0.0,0.0,0.0,0.0,0.0,0.0,0.0,0.0,0.0,0.0,0.0,0.0,0.0,0.0,0.0,0.02,2.130592362241691,0.258819045102521,-0.9659258262890682
window-agent3,2024-12-02 11:40:00+00:00,24,7,1,7,1,01-03-December.csv,17,0,0,0,0,0,0,6,0,0,0,0,0,2,0,0,5,0,24,10,0,58.35504166666667,247.2693067354559,0.056666666666666664,0.0,0.0,0.0,0.0,0.0,0.0,0.02,0.0,0.0,0.0,0.0,0.0,0.006666666666666667,0.0,0.0,0.016666666666666666,0.0,0.08,4.237325510757026,0.258819045102521,-0.9659258262890682
window-agent3,2024-12-02 11:45:00+00:00,35,11,1,11,1,01-03-December.csv,23,0,0,0,0,0,0,10,2,0,0,0,0,0,8,0,8,0,35,15,0,8.67542857142857,18.023061612810398,0.07666666666666666,0.0,0.0,0.0,0.0,0.0,0.0,0.03333333333333333,0.006666666666666667,0.0,0.0,0.0,0.0,0.0,0.02666666666666667,0.0,0.02666666666666667,0.0,0.11666666666666667,2.077483719036899,0.258819045102521,-0.9659258262890682
window-agent3,2024-12-02 11:50:00+00:00,46,14,1,12,1,01-03-December.csv,26,0,0,0,1,0,0,12,4,0,0,0,0,3,7,0,8,0,46,19,0,5.925760869565217,16.51224987723395,0.08666666666666667,0.0,0.0,0.0,0.0033333333333333335,0.0,0.0,0.04,0.013333333333333334,0.0,0.0,0.0,0.0,0.01,0.023333333333333334,0.0,0.02666666666666667,0.0,0.15333333333333332,2.786519780445592,0.258819045102521,-0.9659258262890682
window-agent3,2024-12-02 11:55:00+00:00,14,5,2,4,1,01-03-December.csv,5,4,0,0,0,0,0,3,0,0,0,0,0,2,1,0,3,0,14,7,1,22.210714285714285,30.353703105548426,0.016666666666666666,0.013333333333333334,0.0,0.0,0.0,0.0,0.0,0.01,0.0,0.0,0.0,0.0,0.0,0.006666666666666667,0.0033333333333333335,0.0,0.01,0.0,0.04666666666666667,1.366624355934002,0.258819045102521,-0.9659258262890682
window-agent3,2024-12-02 12:05:00+00:00,17,9,2,4,1,01-03-December.csv,7,4,0,0,0,0,0,3,0,0,0,0,0,0,0,0,3,0,17,9,1,18.176058823529413,30.034313165258556,0.023333333333333334,0.013333333333333334,0.0,0.0,0.0,0.0,0.0,0.01,0.0,0.0,0.0,0.0,0.0,0.0,0.0,0.0,0.01,0.0,0.056666666666666664,1.6524106494625943,1.2246467991473532e-16,-1.0
window-agent3,2024-12-02 12:30:00+00:00,42,7,1,10,1,01-03-December.csv,32,0,0,0,0,0,0,9,0,0,0,0,0,2,1,0,7,0,42,11,0,17.969952380952382,91.42841675267114,0.10666666666666667,0.0,0.0,0.0,0.0,0.0,0.0,0.03,0.0,0.0,0.0,0.0,0.0,0.006666666666666667,0.0033333333333333335,0.0,0.023333333333333334,0.0,0.14,5.087849695672125,1.2246467991473532e-16,-1.0
window-agent3,2024-12-02 12:35:00+00:00,44,11,1,12,1,01-03-December.csv,27,0,0,0,0,0,0,13,4,0,0,0,0,0,14,0,9,0,44,15,0,6.063840909090908,15.064346728930873,0.09,0.0,0.0,0.0,0.0,0.0,0.0,0.043333333333333335,0.013333333333333334,0.0,0.0,0.0,0.0,0.0,0.04666666666666667,0.0,0.03,0.0,0.14666666666666667,2.4842912198350073,1.2246467991473532e-16,-1.0
window-agent3,2024-12-02 12:40:00+00:00,44,11,1,14,1,01-03-December.csv,24,0,0,0,1,0,0,13,2,0,0,0,0,5,0,0,12,0,44,14,0,6.640386363636364,14.935361273907482,0.08,0.0,0.0,0.0,0.0033333333333333335,0.0,0.0,0.043333333333333335,0.006666666666666667,0.0,0.0,0.0,0.0,0.016666666666666666,0.0,0.0,0.04,0.0,0.14666666666666667,2.249170523524881,1.2246467991473532e-16,-1.0
window-agent3,2024-12-02 13:05:00+00:00,21,11,2,4,1,01-03-December.csv,16,1,0,0,1,0,0,3,0,0,0,0,0,2,1,0,2,0,21,12,1,14.604,27.29924176602713,0.05333333333333334,0.0033333333333333335,0.0,0.0,0.0033333333333333335,0.0,0.0,0.01,0.0,0.0,0.0,0.0,0.0,0.006666666666666667,0.0033333333333333335,0.0,0.006666666666666667,0.0,0.07,1.8692989431681137,-0.2588190451025208,-0.9659258262890683
window-agent3,2024-12-02 14:05:00+00:00,36,3,1,28,1,01-03-December.csv,3,0,0,0,6,0,0,27,0,0,0,0,0,0,2,0,0,0,36,3,0,20.608805555555556,112.13528706899906,0.01,0.0,0.0,0.0,0.02,0.0,0.0,0.09,0.0,0.0,0.0,0.0,0.0,0.0,0.006666666666666667,0.0,0.0,0.0,0.12,5.441134701703784,-0.4999999999999997,-0.8660254037844388
window-agent3,2024-12-02 14:50:00+00:00,7,3,2,1,1,01-03-December.csv,0,4,0,0,0,0,0,0,0,0,0,0,0,0,0,0,0,0,7,3,1,29.396428571428572,44.59184331936781,0.0,0.013333333333333334,0.0,0.0,0.0,0.0,0.0,0.0,0.0,0.0,0.0,0.0,0.0,0.0,0.0,0.0,0.0,0.0,0.023333333333333334,1.5169136349681676,-0.4999999999999997,-0.8660254037844388
window-agent3,2024-12-02 18:05:00+00:00,2,1,1,1,1,01-03-December.csv,0,0,0,0,0,0,0,0,0,0,0,0,0,0,0,0,0,0,2,1,0,433.578,607.2604752558823,0.0,0.0,0.0,0.0,0.0,0.0,0.0,0.0,0.0,0.0,0.0,0.0,0.0,0.0,0.0,0.0,0.0,0.0,0.006666666666666667,1.400579538758614,-1.0,-1.8369701987210297e-16
window-agent3,2024-12-02 20:10:00+00:00,47,7,1,3,1,01-03-December.csv,28,0,0,0,4,0,0,2,0,0,0,0,0,0,0,0,1,0,47,7,0,156.80272340425532,1064.5616362270946,0.09333333333333334,0.0,0.0,0.0,0.013333333333333334,0.0,0.0,0.006666666666666667,0.0,0.0,0.0,0.0,0.0,0.0,0.0,0.0,0.0033333333333333335,0.0,0.15666666666666668,6.789178230549818,-0.8660254037844386,0.5000000000000001
window-agent3,2024-12-02 20:25:00+00:00,44,7,1,39,1,01-03-December.csv,2,0,0,0,2,0,1,38,0,0,0,0,0,0,0,0,37,0,44,7,0,7.04534090909091,20.054840756405902,0.006666666666666667,0.0,0.0,0.0,0.006666666666666667,0.0,0.0033333333333333335,0.12666666666666668,0.0,0.0,0.0,0.0,0.0,0.0,0.0,0.0,0.12333333333333334,0.0,0.14666666666666667,2.846539438642106,-0.8660254037844386,0.5000000000000001
window-agent3,2024-12-02 20:35:00+00:00,14,6,2,6,1,03-04-December.csv,2,4,0,0,0,0,0,5,0,0,0,0,0,0,1,0,5,0,14,6,1,24.9375,43.0919972683667,0.006666666666666667,0.013333333333333334,0.0,0.0,0.0,0.0,0.0,0.016666666666666666,0.0,0.0,0.0,0.0,0.0,0.0,0.0033333333333333335,0.0,0.016666666666666666,0.0,0.04666666666666667,1.72799989046082,-0.8660254037844386,0.5000000000000001
window-agent3,2024-12-02 20:50:00+00:00,21,7,2,9,1,03-04-December.csv,7,4,0,0,0,0,0,8,0,0,0,0,0,0,1,0,8,0,21,8,1,14.912857142857144,14.709642783853434,0.023333333333333334,0.013333333333333334,0.0,0.0,0.0,0.0,0.0,0.02666666666666667,0.0,0.0,0.0,0.0,0.0,0.0,0.0033333333333333335,0.0,0.02666666666666667,0.0,0.07,0.986373210910758,-0.8660254037844386,0.5000000000000001
window-agent3,2024-12-02 22:00:00+00:00,19,5,1,9,1,03-04-December.csv,8,0,0,0,0,0,0,8,0,0,0,0,0,2,0,0,8,0,19,6,0,16.38136842105263,19.48911513073252,0.02666666666666667,0.0,0.0,0.0,0.0,0.0,0.0,0.02666666666666667,0.0,0.0,0.0,0.0,0.0,0.006666666666666667,0.0,0.0,0.02666666666666667,0.0,0.06333333333333334,1.1897122773751885,-0.5000000000000004,0.8660254037844384
window-agent3,2024-12-02 22:05:00+00:00,18,4,1,8,1,03-04-December.csv,10,0,0,0,0,0,0,8,0,0,0,0,0,0,1,0,6,0,18,6,0,17.903055555555554,17.169635507701386,0.03333333333333333,0.0,0.0,0.0,0.0,0.0,0.0,0.02666666666666667,0.0,0.0,0.0,0.0,0.0,0.0,0.0033333333333333335,0.0,0.02,0.0,0.06,0.9590338059568508,-0.5000000000000004,0.8660254037844384
window-agent3,2024-12-02 22:40:00+00:00,23,7,2,6,1,03-04-December.csv,13,4,0,0,0,0,0,5,0,0,0,0,0,0,0,0,5,0,23,8,1,11.277217391304347,20.349924627862478,0.043333333333333335,0.013333333333333334,0.0,0.0,0.0,0.0,0.0,0.016666666666666666,0.0,0.0,0.0,0.0,0.0,0.0,0.0,0.0,0.016666666666666666,0.0,0.07666666666666666,1.8045164797083655,-0.5000000000000004,0.8660254037844384
window-agent3,2024-12-03 06:35:00+00:00,129,13,1,32,1,03-04-December.csv,56,0,0,0,9,0,0,31,13,0,0,0,0,0,1,0,29,13,129,13,0,2.4471782945736433,9.935488780321792,0.18666666666666668,0.0,0.0,0.0,0.03,0.0,0.0,0.10333333333333333,0.043333333333333335,0.0,0.0,0.0,0.0,0.0,0.0033333333333333335,0.0,0.09666666666666666,0.043333333333333335,0.43,4.059977486051048,1.0,6.123233995736766e-17
window-agent3,2024-12-03 06:50:00+00:00,16,9,2,3,1,03-04-December.csv,3,4,0,0,4,0,0,2,0,0,0,0,0,0,0,0,0,0,16,9,1,22.9588125,36.669210083699646,0.01,0.013333333333333334,0.0,0.0,0.013333333333333334,0.0,0.0,0.006666666666666667,0.0,0.0,0.0,0.0,0.0,0.0,0.0,0.0,0.0,0.0,0.05333333333333334,1.5971736379527315,1.0,6.123233995736766e-17
window-agent3,2024-12-03 08:15:00+00:00,18,5,1,9,1,03-04-December.csv,7,0,0,0,2,0,0,9,0,0,0,0,0,2,0,0,7,0,18,6,0,15.497833333333334,28.816567492146113,0.023333333333333334,0.0,0.0,0.0,0.006666666666666667,0.0,0.0,0.03,0.0,0.0,0.0,0.0,0.0,0.006666666666666667,0.0,0.0,0.023333333333333334,0.0,0.06,1.859393301782794,0.8660254037844387,-0.4999999999999998
window-agent3,2024-12-03 08:20:00+00:00,22,6,2,11,1,03-04-December.csv,5,4,0,0,0,0,0,10,0,0,0,0,0,0,1,0,10,0,22,7,1,14.972636363636365,18.90683807652533,0.016666666666666666,0.013333333333333334,0.0,0.0,0.0,0.0,0.0,0.03333333333333333,0.0,0.0,0.0,0.0,0.0,0.0,0.0033333333333333335,0.0,0.03333333333333333,0.0,0.07333333333333333,1.262759451130721,0.8660254037844387,-0.4999999999999998
window-agent3,2024-12-03 08:40:00+00:00,46,8,1,20,1,03-04-December.csv,26,0,0,0,0,0,0,19,0,0,0,0,0,0,0,0,9,0,46,9,0,7.2882173913043475,12.159895405093003,0.08666666666666667,0.0,0.0,0.0,0.0,0.0,0.0,0.06333333333333334,0.0,0.0,0.0,0.0,0.0,0.0,0.0,0.0,0.03,0.0,0.15333333333333332,1.6684320393078709,0.8660254037844387,-0.4999999999999998
window-agent3,2024-12-03 08:50:00+00:00,24,7,1,7,1,03-04-December.csv,16,0,0,0,0,0,0,8,0,0,0,0,0,0,6,0,4,0,24,8,0,12.331666666666665,18.025963715819966,0.05333333333333334,0.0,0.0,0.0,0.0,0.0,0.0,0.02666666666666667,0.0,0.0,0.0,0.0,0.0,0.0,0.02,0.0,0.013333333333333334,0.0,0.08,1.4617621610341913,0.8660254037844387,-0.4999999999999998
window-agent3,2024-12-03 09:30:00+00:00,29,6,1,14,1,03-04-December.csv,12,0,0,0,0,0,0,14,0,0,0,0,0,6,0,0,13,0,29,8,0,11.085137931034483,18.41822266460998,0.04,0.0,0.0,0.0,0.0,0.0,0.0,0.04666666666666667,0.0,0.0,0.0,0.0,0.0,0.02,0.0,0.0,0.043333333333333335,0.0,0.09666666666666666,1.6615239953889471,0.7071067811865476,-0.7071067811865475
window-agent3,2024-12-03 09:35:00+00:00,21,6,1,6,1,03-04-December.csv,11,0,0,0,0,0,0,6,0,0,0,0,0,4,0,0,4,0,21,6,0,14.711333333333332,19.93437091390981,0.03666666666666667,0.0,0.0,0.0,0.0,0.0,0.0,0.02,0.0,0.0,0.0,0.0,0.0,0.013333333333333334,0.0,0.0,0.013333333333333334,0.0,0.07,1.3550349558555634,0.7071067811865476,-0.7071067811865475
window-agent3,2024-12-03 09:45:00+00:00,13,4,1,5,1,03-04-December.csv,9,0,0,0,0,0,0,4,0,0,0,0,0,0,0,0,3,0,13,4,0,21.765538461538462,24.801132862618008,0.03,0.0,0.0,0.0,0.0,0.0,0.0,0.013333333333333334,0.0,0.0,0.0,0.0,0.0,0.0,0.0,0.0,0.01,0.0,0.043333333333333335,1.1394679211104148,0.7071067811865476,-0.7071067811865475
window-agent3,2024-12-03 11:05:00+00:00,6,3,2,1,1,03-04-December.csv,0,4,0,0,0,0,0,0,0,0,0,0,0,0,0,0,0,0,6,3,1,48.8615,76.39175631637225,0.0,0.013333333333333334,0.0,0.0,0.0,0.0,0.0,0.0,0.0,0.0,0.0,0.0,0.0,0.0,0.0,0.0,0.0,0.0,0.02,1.5634345305889557,0.258819045102521,-0.9659258262890682
window-agent3,2024-12-03 11:15:00+00:00,25,7,1,9,1,03-04-December.csv,15,0,0,0,0,0,0,8,0,0,0,0,0,2,0,0,7,0,25,10,0,13.20476,47.439748801576364,0.05,0.0,0.0,0.0,0.0,0.0,0.0,0.02666666666666667,0.0,0.0,0.0,0.0,0.0,0.006666666666666667,0.0,0.0,0.023333333333333334,0.0,0.08333333333333333,3.592624841464469,0.258819045102521,-0.9659258262890682
window-agent3,2024-12-03 11:20:00+00:00,79,12,1,21,1,03-04-December.csv,49,0,0,0,0,0,0,24,6,0,0,0,0,2,18,0,18,0,79,19,0,3.77753164556962,9.691953033891837,0.16333333333333333,0.0,0.0,0.0,0.0,0.0,0.0,0.08,0.02,0.0,0.0,0.0,0.0,0.006666666666666667,0.06,0.0,0.06,0.0,0.2633333333333333,2.565684140663333,0.258819045102521,-0.9659258262890682
window-agent3,2024-12-03 11:25:00+00:00,82,15,1,22,1,03-04-December.csv,42,0,0,0,2,0,0,22,6,0,0,0,0,6,6,0,19,0,82,19,0,3.6509268292682924,7.189913756210184,0.14,0.0,0.0,0.0,0.006666666666666667,0.0,0.0,0.07333333333333333,0.02,0.0,0.0,0.0,0.0,0.02,0.02,0.0,0.06333333333333334,0.0,0.2733333333333333,1.969339319147945,0.258819045102521,-0.9659258262890682
window-agent3,2024-12-03 11:50:00+00:00,108,14,2,38,1,03-04-December.csv,54,2,0,0,8,0,0,42,0,0,0,0,0,9,1,0,36,0,108,20,1,3.181416666666667,9.372482030081764,0.18,0.006666666666666667,0.0,0.0,0.02666666666666667,0.0,0.0,0.14,0.0,0.0,0.0,0.0,0.0,0.03,0.0033333333333333335,0.0,0.12,0.0,0.36,2.9460089677287677,0.258819045102521,-0.9659258262890682
window-agent3,2024-12-03 11:55:00+00:00,87,12,1,28,1,03-04-December.csv,52,0,0,0,0,0,0,31,0,0,0,0,0,11,7,0,24,0,87,16,0,3.3221034482758625,6.320892419393493,0.17333333333333334,0.0,0.0,0.0,0.0,0.0,0.0,0.10333333333333333,0.0,0.0,0.0,0.0,0.0,0.03666666666666667,0.023333333333333334,0.0,0.08,0.0,0.29,1.9026777816548643,0.258819045102521,-0.9659258262890682
window-agent3,2024-12-03 12:00:00+00:00,50,8,3,27,1,03-04-December.csv,15,2,0,0,0,0,0,27,0,0,0,0,0,2,0,0,26,0,50,9,1,5.81932,8.07465735278581,0.05,0.006666666666666667,0.0,0.0,0.0,0.0,0.0,0.09,0.0,0.0,0.0,0.0,0.0,0.006666666666666667,0.0,0.0,0.08666666666666667,0.0,0.16666666666666666,1.3875602910281286,1.2246467991473532e-16,-1.0
window-agent3,2024-12-03 12:05:00+00:00,54,10,2,22,1,03-04-December.csv,23,4,0,0,2,0,0,23,0,0,0,0,0,4,1,0,19,0,54,13,1,5.736833333333333,10.235834774835702,0.07666666666666666,0.013333333333333334,0.0,0.0,0.006666666666666667,0.0,0.0,0.07666666666666666,0.0,0.0,0.0,0.0,0.0,0.013333333333333334,0.0033333333333333335,0.0,0.06333333333333334,0.0,0.18,1.7842308081988965,1.2246467991473532e-16,-1.0
window-agent3,2024-12-03 12:15:00+00:00,54,6,1,19,1,03-04-December.csv,30,0,0,0,0,0,0,22,0,0,0,0,0,7,2,0,19,0,54,9,0,5.623444444444444,10.403931036213633,0.1,0.0,0.0,0.0,0.0,0.0,0.0,0.07333333333333333,0.0,0.0,0.0,0.0,0.0,0.023333333333333334,0.006666666666666667,0.0,0.06333333333333334,0.0,0.18,1.8500993721902887,1.2246467991473532e-16,-1.0
window-agent3,2024-12-03 12:20:00+00:00,137,18,1,32,1,03-04-December.csv,66,0,0,0,0,0,0,67,2,0,0,0,0,12,19,0,54,2,137,22,0,2.041416058394161,6.038200685978564,0.22,0.0,0.0,0.0,0.0,0.0,0.0,0.22333333333333333,0.006666666666666667,0.0,0.0,0.0,0.0,0.04,0.06333333333333334,0.0,0.18,0.006666666666666667,0.45666666666666667,2.957849117111577,1.2246467991473532e-16,-1.0
window-agent3,2024-12-03 12:35:00+00:00,50,8,3,17,1,03-04-December.csv,27,2,0,0,0,0,0,18,0,0,0,0,0,0,0,0,16,0,50,10,1,6.21832,12.675645929586583,0.09,0.006666666666666667,0.0,0.0,0.0,0.0,0.0,0.06,0.0,0.0,0.0,0.0,0.0,0.0,0.0,0.0,0.05333333333333334,0.0,0.16666666666666666,2.0384357719748394,1.2246467991473532e-16,-1.0
window-agent3,2024-12-03 12:40:00+00:00,41,6,1,24,1,03-04-December.csv,9,0,0,0,4,0,0,26,0,0,0,0,0,4,0,0,22,0,41,7,0,7.11980487804878,9.175525323433837,0.03,0.0,0.0,0.0,0.013333333333333334,0.0,0.0,0.08666666666666667,0.0,0.0,0.0,0.0,0.0,0.013333333333333334,0.0,0.0,0.07333333333333333,0.0,0.13666666666666666,1.2887326943078303,1.2246467991473532e-16,-1.0
window-agent3,2024-12-03 12:45:00+00:00,43,6,2,18,1,03-04-December.csv,19,2,0,0,1,0,0,17,0,0,0,0,0,6,0,0,17,0,41,8,1,7.013930232558139,8.140040029722998,0.06333333333333334,0.006666666666666667,0.0,0.0,0.0033333333333333335,0.0,0.0,0.056666666666666664,0.0,0.0,0.0,0.0,0.0,0.02,0.0,0.0,0.056666666666666664,0.0,0.13666666666666666,1.160553321722184,1.2246467991473532e-16,-1.0
window-agent3,2024-12-03 12:55:00+00:00,55,13,2,13,1,03-04-December.csv,24,4,0,0,3,0,0,12,0,0,0,0,0,0,5,0,12,0,55,13,1,5.453345454545455,9.674882118562522,0.08,0.013333333333333334,0.0,0.0,0.01,0.0,0.0,0.04,0.0,0.0,0.0,0.0,0.0,0.0,0.016666666666666666,0.0,0.04,0.0,0.18333333333333332,1.7741186945159222,1.2246467991473532e-16,-1.0
window-agent3,2024-12-03 13:00:00+00:00,48,6,1,27,1,03-04-December.csv,15,0,0,0,1,0,0,28,0,0,0,0,0,8,4,0,25,0,48,9,0,5.686145833333334,12.079502297041778,0.05,0.0,0.0,0.0,0.0033333333333333335,0.0,0.0,0.09333333333333334,0.0,0.0,0.0,0.0,0.0,0.02666666666666667,0.013333333333333334,0.0,0.08333333333333333,0.0,0.16,2.1243743391576944,-0.2588190451025208,-0.9659258262890683
window-agent3,2024-12-03 13:05:00+00:00,46,7,1,19,1,03-04-December.csv,17,0,0,0,2,0,0,19,0,0,0,0,0,2,0,0,15,0,46,8,0,6.682434782608696,11.228075271196404,0.056666666666666664,0.0,0.0,0.0,0.006666666666666667,0.0,0.0,0.06333333333333334,0.0,0.0,0.0,0.0,0.0,0.006666666666666667,0.0,0.0,0.05,0.0,0.15333333333333332,1.6802371645164305,-0.2588190451025208,-0.9659258262890683
window-agent3,2024-12-03 13:10:00+00:00,42,7,1,21,1,03-04-December.csv,14,0,0,0,1,0,0,20,0,0,0,0,0,2,0,0,18,0,42,8,0,7.551738095238095,12.528669892338778,0.04666666666666667,0.0,0.0,0.0,0.0033333333333333335,0.0,0.0,0.06666666666666667,0.0,0.0,0.0,0.0,0.0,0.006666666666666667,0.0,0.0,0.06,0.0,0.14,1.6590445450218925,-0.2588190451025208,-0.9659258262890683
window-agent3,2024-12-03 13:25:00+00:00,73,9,1,26,1,03-04-December.csv,29,0,0,0,8,0,0,26,0,0,0,0,0,2,9,0,23,0,73,13,0,4.332493150684932,9.108769413353643,0.09666666666666666,0.0,0.0,0.0,0.02666666666666667,0.0,0.0,0.08666666666666667,0.0,0.0,0.0,0.0,0.0,0.006666666666666667,0.03,0.0,0.07666666666666666,0.0,0.24333333333333335,2.1024313476210854,-0.2588190451025208,-0.9659258262890683
window-agent3,2024-12-03 13:35:00+00:00,50,7,1,21,1,03-04-December.csv,19,0,0,0,1,0,0,21,0,0,0,0,0,9,0,0,18,0,50,8,0,6.29866,10.120681375000684,0.06333333333333334,0.0,0.0,0.0,0.0033333333333333335,0.0,0.0,0.07,0.0,0.0,0.0,0.0,0.0,0.03,0.0,0.0,0.06,0.0,0.16666666666666666,1.6067991247345759,-0.2588190451025208,-0.9659258262890683
window-agent3,2024-12-03 13:45:00+00:00,77,6,1,22,1,03-04-December.csv,16,0,0,0,3,0,0,21,0,0,0,0,0,5,5,0,20,0,77,9,0,3.964714285714286,7.645018074842052,0.05333333333333334,0.0,0.0,0.0,0.01,0.0,0.0,0.07,0.0,0.0,0.0,0.0,0.0,0.016666666666666666,0.016666666666666666,0.0,0.06666666666666667,0.0,0.25666666666666665,1.9282645668538307,-0.2588190451025208,-0.9659258262890683
window-agent3,2024-12-04 01:10:00+00:00,11,5,2,5,1,04-07-December.csv,2,4,0,0,0,0,0,4,0,0,0,0,0,0,0,0,4,0,11,5,1,25.23409090909091,27.628869598499843,0.006666666666666667,0.013333333333333334,0.0,0.0,0.0,0.0,0.0,0.013333333333333334,0.0,0.0,0.0,0.0,0.0,0.0,0.0,0.0,0.013333333333333334,0.0,0.03666666666666667,1.0949025149364975,0.25881904510252074,0.9659258262890683
window-agent3,2024-12-04 01:25:00+00:00,24,4,2,4,1,04-07-December.csv,2,2,0,0,1,0,0,3,0,0,0,0,0,0,0,0,3,0,22,4,1,12.638875,24.481101291852795,0.006666666666666667,0.006666666666666667,0.0,0.0,0.0033333333333333335,0.0,0.0,0.01,0.0,0.0,0.0,0.0,0.0,0.0,0.0,0.0,0.01,0.0,0.07333333333333333,1.936968384595369,0.25881904510252074,0.9659258262890683
window-agent3,2024-12-04 06:35:00+00:00,16,8,1,4,1,04-07-December.csv,13,0,0,0,0,0,0,3,0,0,0,0,0,0,3,0,3,0,16,9,0,20.0214375,33.28725032595062,0.043333333333333335,0.0,0.0,0.0,0.0,0.0,0.0,0.01,0.0,0.0,0.0,0.0,0.0,0.0,0.01,0.0,0.01,0.0,0.05333333333333334,1.662580437890667,1.0,6.123233995736766e-17
window-agent3,2024-12-04 07:10:00+00:00,32,7,2,19,1,04-07-December.csv,5,4,0,0,0,0,0,18,1,0,0,0,0,1,0,0,18,1,32,9,1,9.2915625,19.66797080885324,0.016666666666666666,0.013333333333333334,0.0,0.0,0.0,0.0,0.0,0.06,0.0033333333333333335,0.0,0.0,0.0,0.0,0.0033333333333333335,0.0,0.0,0.06,0.0033333333333333335,0.10666666666666667,2.1167560148094835,0.9659258262890683,-0.25881904510252063
window-agent3,2024-12-04 07:20:00+00:00,23,8,1,5,1,04-07-December.csv,14,0,0,0,0,0,2,5,0,0,0,0,0,0,0,0,5,0,23,8,0,14.391913043478262,22.352382835989552,0.04666666666666667,0.0,0.0,0.0,0.0,0.0,0.006666666666666667,0.016666666666666666,0.0,0.0,0.0,0.0,0.0,0.0,0.0,0.0,0.016666666666666666,0.0,0.07666666666666666,1.5531210318227013,0.9659258262890683,-0.25881904510252063
window-agent3,2024-12-04 07:25:00+00:00,18,9,1,3,1,04-07-December.csv,13,0,0,0,0,0,0,2,0,0,0,0,0,0,3,0,2,0,18,10,0,17.775,37.934062841291585,0.043333333333333335,0.0,0.0,0.0,0.0,0.0,0.0,0.006666666666666667,0.0,0.0,0.0,0.0,0.0,0.0,0.01,0.0,0.006666666666666667,0.0,0.06,2.1341244917744917,0.9659258262890683,-0.25881904510252063
window-agent3,2024-12-04 08:05:00+00:00,257,9,1,4,1,04-07-December.csv,37,0,0,0,0,0,0,3,0,0,0,0,0,0,0,0,2,0,257,9,0,1.203373540856031,7.181925456196248,0.12333333333333334,0.0,0.0,0.0,0.0,0.0,0.0,0.01,0.0,0.0,0.0,0.0,0.0,0.0,0.0,0.0,0.006666666666666667,0.0,0.8566666666666667,5.968159688044427,0.8660254037844387,-0.4999999999999998
window-agent3,2024-12-04 08:30:00+00:00,16,6,1,3,1,04-07-December.csv,12,0,0,0,0,0,0,3,0,0,0,0,0,0,0,0,3,0,16,7,0,15.164,20.804920959555055,0.04,0.0,0.0,0.0,0.0,0.0,0.0,0.01,0.0,0.0,0.0,0.0,0.0,0.0,0.0,0.0,0.01,0.0,0.05333333333333334,1.3719942600603439,0.8660254037844387,-0.4999999999999998
window-agent3,2024-12-04 08:40:00+00:00,8,5,1,3,1,04-07-December.csv,6,0,0,0,0,0,0,2,0,0,0,0,0,0,0,0,2,0,8,5,0,25.6425,27.970979843912716,0.02,0.0,0.0,0.0,0.0,0.0,0.0,0.006666666666666667,0.0,0.0,0.0,0.0,0.0,0.0,0.0,0.0,0.006666666666666667,0.0,0.02666666666666667,1.0908054925967716,0.8660254037844387,-0.4999999999999998
window-agent3,2024-12-04 08:45:00+00:00,9,4,1,3,1,04-07-December.csv,7,0,0,0,0,0,0,2,0,0,0,0,0,0,0,0,2,0,9,4,0,42.07677777777778,46.81795222929389,0.023333333333333334,0.0,0.0,0.0,0.0,0.0,0.0,0.006666666666666667,0.0,0.0,0.0,0.0,0.0,0.0,0.0,0.0,0.006666666666666667,0.0,0.03,1.112679123780721,0.8660254037844387,-0.4999999999999998
window-agent3,2024-12-04 12:05:00+00:00,6,4,2,2,1,04-07-December.csv,0,4,0,0,0,0,0,1,0,0,0,0,0,0,0,0,1,0,6,4,1,53.11716666666666,99.0067523119846,0.0,0.013333333333333334,0.0,0.0,0.0,0.0,0.0,0.0033333333333333335,0.0,0.0,0.0,0.0,0.0,0.0,0.0,0.0,0.0033333333333333335,0.0,0.02,1.8639313526132721,1.2246467991473532e-16,-1.0
window-agent3,2024-12-04 13:30:00+00:00,7,3,2,1,1,04-07-December.csv,0,4,0,0,0,0,0,0,0,0,0,0,0,0,0,0,0,0,7,3,1,184.71599999999998,429.66869074245255,0.0,0.013333333333333334,0.0,0.0,0.0,0.0,0.0,0.0,0.0,0.0,0.0,0.0,0.0,0.0,0.0,0.0,0.0,0.0,0.023333333333333334,2.3261043479852996,-0.2588190451025208,-0.9659258262890683
window-agent3,2024-12-04 13:55:00+00:00,11,5,1,6,1,04-07-December.csv,6,0,0,0,0,0,0,5,0,0,0,0,0,1,0,0,4,0,11,7,0,25.643272727272723,24.907111209816804,0.02,0.0,0.0,0.0,0.0,0.0,0.0,0.016666666666666666,0.0,0.0,0.0,0.0,0.0,0.0033333333333333335,0.0,0.0,0.013333333333333334,0.0,0.03666666666666667,0.9712922166649587,-0.2588190451025208,-0.9659258262890683
window-agent3,2024-12-04 14:30:00+00:00,18,8,2,4,1,04-07-December.csv,10,4,0,0,0,0,0,3,0,0,0,0,0,0,0,0,3,0,18,9,1,14.995666666666668,29.285073005563373,0.03333333333333333,0.013333333333333334,0.0,0.0,0.0,0.0,0.0,0.01,0.0,0.0,0.0,0.0,0.0,0.0,0.0,0.0,0.01,0.0,0.06,1.9529023721672951,-0.4999999999999997,-0.8660254037844388
window-agent3,2024-12-04 15:40:00+00:00,24,7,2,5,1,04-07-December.csv,5,4,0,0,1,0,0,4,0,0,0,0,0,1,1,0,4,0,24,9,1,12.597708333333332,19.955020260748523,0.016666666666666666,0.013333333333333334,0.0,0.0,0.0033333333333333335,0.0,0.0,0.013333333333333334,0.0,0.0,0.0,0.0,0.0,0.0033333333333333335,0.0033333333333333335,0.0,0.013333333333333334,0.0,0.08,1.5840198655772864,-0.7071067811865471,-0.7071067811865479
window-agent3,2024-12-05 14:20:00+00:00,16,6,1,2,1,04-07-December.csv,5,0,0,0,6,0,1,1,0,0,0,0,0,0,1,0,0,0,16,7,0,4589.71,18326.517749693194,0.016666666666666666,0.0,0.0,0.0,0.02,0.0,0.0033333333333333335,0.0033333333333333335,0.0,0.0,0.0,0.0,0.0,0.0,0.0033333333333333335,0.0,0.0,0.0,0.05333333333333334,3.9929576704613567,-0.4999999999999997,-0.8660254037844388
window-agent3,2024-12-05 14:25:00+00:00,189,23,1,100,1,04-07-December.csv,24,0,0,0,18,0,2,100,16,0,0,0,0,0,0,0,73,16,189,23,0,1.555253968253968,2.4646193782890475,0.08,0.0,0.0,0.0,0.06,0.0,0.006666666666666667,0.3333333333333333,0.05333333333333334,0.0,0.0,0.0,0.0,0.0,0.0,0.0,0.24333333333333335,0.05333333333333334,0.63,1.5847054105613334,-0.4999999999999997,-0.8660254037844388
window-agent3,2024-12-05 14:30:00+00:00,145,14,1,126,1,04-07-December.csv,9,0,0,0,9,0,0,125,0,0,0,0,0,1,2,0,88,0,145,16,0,2.1270965517241383,7.825357896788826,0.03,0.0,0.0,0.0,0.03,0.0,0.0,0.4166666666666667,0.0,0.0,0.0,0.0,0.0,0.0033333333333333335,0.006666666666666667,0.0,0.29333333333333333,0.0,0.48333333333333334,3.678891722355484,-0.4999999999999997,-0.8660254037844388
window-agent3,2024-12-05 14:35:00+00:00,159,13,2,128,1,04-07-December.csv,1,4,0,0,10,0,0,127,3,0,0,0,0,0,1,0,72,3,159,13,1,1.9055408805031446,7.558493693066656,0.0033333333333333335,0.013333333333333334,0.0,0.0,0.03333333333333333,0.0,0.0,0.42333333333333334,0.01,0.0,0.0,0.0,0.0,0.0,0.0033333333333333335,0.0,0.24,0.01,0.53,3.9665870044576996,-0.4999999999999997,-0.8660254037844388
window-agent3,2024-12-05 14:40:00+00:00,166,5,1,58,1,04-07-December.csv,0,0,0,0,107,0,0,57,0,0,0,0,0,0,0,0,0,0,166,5,0,1.5112469879518073,8.624008829784614,0.0,0.0,0.0,0.0,0.3566666666666667,0.0,0.0,0.19,0.0,0.0,0.0,0.0,0.0,0.0,0.0,0.0,0.0,0.0,0.5533333333333333,5.706551542228535,-0.4999999999999997,-0.8660254037844388
window-agent3,2024-12-05 15:25:00+00:00,18,8,2,6,1,04-07-December.csv,7,4,0,0,0,0,0,5,0,0,0,0,0,0,1,0,5,0,18,9,1,17.314888888888888,24.88380857668387,0.023333333333333334,0.013333333333333334,0.0,0.0,0.0,0.0,0.0,0.016666666666666666,0.0,0.0,0.0,0.0,0.0,0.0,0.0033333333333333335,0.0,0.016666666666666666,0.0,0.06,1.4371335985096632,-0.7071067811865471,-0.7071067811865479
window-agent3,2024-12-06 02:50:00+00:00,2,1,1,1,1,04-07-December.csv,2,0,0,0,0,0,0,0,0,0,0,0,0,0,0,0,0,0,2,1,0,140.8995,51.89951641874904,0.006666666666666667,0.0,0.0,0.0,0.0,0.0,0.0,0.0,0.0,0.0,0.0,0.0,0.0,0.0,0.0,0.0,0.0,0.0,0.006666666666666667,0.36834421994931876,0.49999999999999994,0.8660254037844387
window-agent3,2024-12-06 02:55:00+00:00,9,2,1,1,1,04-07-December.csv,5,0,0,0,0,0,0,0,0,0,0,0,0,0,0,0,0,0,9,2,0,41.54933333333333,42.2831973453995,0.016666666666666666,0.0,0.0,0.0,0.0,0.0,0.0,0.0,0.0,0.0,0.0,0.0,0.0,0.0,0.0,0.0,0.0,0.0,0.03,1.0176624738158535,0.49999999999999994,0.8660254037844387
window-agent3,2024-12-06 03:00:00+00:00,12,2,1,1,1,04-07-December.csv,6,0,0,0,0,0,0,0,0,0,0,0,0,0,0,0,0,0,12,2,0,28.290666666666667,19.218971060024533,0.02,0.0,0.0,0.0,0.0,0.0,0.0,0.0,0.0,0.0,0.0,0.0,0.0,0.0,0.0,0.0,0.0,0.0,0.04,0.6793396312102177,0.7071067811865476,0.7071067811865476
window-agent3,2024-12-06 03:05:00+00:00,8,3,1,1,1,04-07-December.csv,4,0,0,0,0,0,0,0,0,0,0,0,0,0,0,0,0,0,8,3,0,36.14,23.802739908314276,0.013333333333333334,0.0,0.0,0.0,0.0,0.0,0.0,0.0,0.0,0.0,0.0,0.0,0.0,0.0,0.0,0.0,0.0,0.0,0.02666666666666667,0.6586258967436158,0.7071067811865476,0.7071067811865476
window-agent3,2024-12-06 18:05:00+00:00,113,16,1,35,1,04-07-December.csv,26,0,0,0,9,0,0,34,3,0,0,0,0,0,0,0,33,3,113,16,0,326.50096460176997,3454.960294912192,0.08666666666666667,0.0,0.0,0.0,0.03,0.0,0.0,0.11333333333333333,0.01,0.0,0.0,0.0,0.0,0.0,0.0,0.0,0.11,0.01,0.37666666666666665,10.58177668518123,-1.0,-1.8369701987210297e-16
window-agent3,2024-12-06 18:10:00+00:00,63,9,1,44,1,04-07-December.csv,11,0,0,0,5,0,2,45,0,0,0,0,0,0,2,0,18,0,63,10,0,4.230095238095238,17.352787674824977,0.03666666666666667,0.0,0.0,0.0,0.016666666666666666,0.0,0.006666666666666667,0.15,0.0,0.0,0.0,0.0,0.0,0.0,0.006666666666666667,0.0,0.06,0.0,0.21,4.102221509943765,-1.0,-1.8369701987210297e-16
window-agent3,2024-12-06 18:25:00+00:00,16,7,2,4,1,04-07-December.csv,2,4,0,0,3,0,0,3,0,0,0,0,0,2,0,0,2,0,16,8,1,14.6781875,23.62905723389107,0.006666666666666667,0.013333333333333334,0.0,0.0,0.01,0.0,0.0,0.01,0.0,0.0,0.0,0.0,0.0,0.006666666666666667,0.0,0.0,0.006666666666666667,0.0,0.05333333333333334,1.6098075619957213,-1.0,-1.8369701987210297e-16
window-agent3,2024-12-06 18:30:00+00:00,26,10,2,3,1,04-07-December.csv,0,4,0,0,8,0,0,2,3,0,0,0,0,0,0,0,1,3,26,10,1,14.180538461538463,29.995191877673687,0.0,0.013333333333333334,0.0,0.0,0.02666666666666667,0.0,0.0,0.006666666666666667,0.01,0.0,0.0,0.0,0.0,0.0,0.0,0.0,0.0033333333333333335,0.01,0.08666666666666667,2.1152364530464713,-1.0,-1.8369701987210297e-16
window-agent3,2024-12-06 19:15:00+00:00,29,7,2,20,1,04-07-December.csv,3,4,0,0,0,0,0,19,0,0,0,0,0,1,0,0,19,0,29,9,1,11.11903448275862,22.91002441771281,0.01,0.013333333333333334,0.0,0.0,0.0,0.0,0.0,0.06333333333333334,0.0,0.0,0.0,0.0,0.0,0.0033333333333333335,0.0,0.0,0.06333333333333334,0.0,0.09666666666666666,2.060432895791223,-0.9659258262890684,0.2588190451025203
window-agent3,2024-12-07 05:35:00+00:00,21,8,2,7,1,07-10-December.csv,8,4,0,0,0,0,0,6,0,0,0,0,0,2,0,0,6,0,21,9,1,15.763047619047619,21.97710844600852,0.02666666666666667,0.013333333333333334,0.0,0.0,0.0,0.0,0.0,0.02,0.0,0.0,0.0,0.0,0.0,0.006666666666666667,0.0,0.0,0.02,0.0,0.07,1.3942169672476283,0.9659258262890683,0.25881904510252074
window-agent3,2024-12-07 05:50:00+00:00,11,4,1,4,1,07-10-December.csv,8,0,0,0,0,0,0,3,0,0,0,0,0,0,0,0,3,0,11,5,0,25.360636363636363,29.09977678702271,0.02666666666666667,0.0,0.0,0.0,0.0,0.0,0.0,0.01,0.0,0.0,0.0,0.0,0.0,0.0,0.0,0.0,0.01,0.0,0.03666666666666667,1.1474387460066955,0.9659258262890683,0.25881904510252074
window-agent3,2024-12-07 06:05:00+00:00,114,8,1,6,1,07-10-December.csv,30,0,0,0,1,0,0,5,0,0,0,0,0,0,0,0,4,0,114,8,0,2.7382807017543858,11.891441444148992,0.1,0.0,0.0,0.0,0.0033333333333333335,0.0,0.0,0.016666666666666666,0.0,0.0,0.0,0.0,0.0,0.0,0.0,0.0,0.013333333333333334,0.0,0.38,4.342667074464016,1.0,6.123233995736766e-17
window-agent3,2024-12-07 06:45:00+00:00,10,4,1,4,1,07-10-December.csv,7,0,0,0,0,0,0,3,0,0,0,0,0,1,0,0,3,0,10,5,0,28.4386,32.38466944301475,0.023333333333333334,0.0,0.0,0.0,0.0,0.0,0.0,0.01,0.0,0.0,0.0,0.0,0.0,0.0033333333333333335,0.0,0.0,0.01,0.0,0.03333333333333333,1.1387575141889807,1.0,6.123233995736766e-17
window-agent3,2024-12-07 12:05:00+00:00,5,3,2,1,1,07-10-December.csv,0,4,0,0,0,0,0,0,0,0,0,0,0,0,0,0,0,0,5,3,1,208.27580000000003,464.7307496499452,0.0,0.013333333333333334,0.0,0.0,0.0,0.0,0.0,0.0,0.0,0.0,0.0,0.0,0.0,0.0,0.0,0.0,0.0,0.0,0.016666666666666666,2.231323800700538,1.2246467991473532e-16,-1.0
window-agent3,2024-12-07 12:40:00+00:00,3,3,1,2,1,07-10-December.csv,1,0,0,0,0,0,0,1,0,0,0,0,0,1,1,0,1,0,3,3,0,404.711,622.9127838365496,0.0033333333333333335,0.0,0.0,0.0,0.0,0.0,0.0,0.0033333333333333335,0.0,0.0,0.0,0.0,0.0,0.0033333333333333335,0.0033333333333333335,0.0,0.0033333333333333335,0.0,0.01,1.5391545666822735,1.2246467991473532e-16,-1.0
window-agent3,2024-12-07 12:45:00+00:00,6,3,2,1,1,07-10-December.csv,0,4,0,0,0,0,0,0,0,0,0,0,0,0,0,0,0,0,6,3,1,57.59583333333334,89.58962866184157,0.0,0.013333333333333334,0.0,0.0,0.0,0.0,0.0,0.0,0.0,0.0,0.0,0.0,0.0,0.0,0.0,0.0,0.0,0.0,0.02,1.555488018436083,1.2246467991473532e-16,-1.0
window-agent3,2024-12-07 18:05:00+00:00,76,7,2,2,1,07-10-December.csv,28,4,0,0,2,0,0,1,0,0,0,0,0,0,0,0,0,0,76,7,1,12.206078947368422,88.59104011125325,0.09333333333333334,0.013333333333333334,0.0,0.0,0.006666666666666667,0.0,0.0,0.0033333333333333335,0.0,0.0,0.0,0.0,0.0,0.0,0.0,0.0,0.0,0.0,0.25333333333333335,7.257944217242106,-1.0,-1.8369701987210297e-16
window-agent3,2024-12-07 18:15:00+00:00,10,5,1,2,1,07-10-December.csv,0,0,0,0,5,0,0,1,0,0,0,0,0,0,0,0,0,0,10,5,0,53.044799999999995,87.58217310338395,0.0,0.0,0.0,0.0,0.016666666666666666,0.0,0.0,0.0033333333333333335,0.0,0.0,0.0,0.0,0.0,0.0,0.0,0.0,0.0,0.0,0.03333333333333333,1.6510981868794672,-1.0,-1.8369701987210297e-16
window-agent3,2024-12-07 18:20:00+00:00,5,3,2,1,1,07-10-December.csv,0,4,0,0,0,0,0,0,0,0,0,0,0,0,0,0,0,0,5,3,1,24.047,53.015682599585574,0.0,0.013333333333333334,0.0,0.0,0.0,0.0,0.0,0.0,0.0,0.0,0.0,0.0,0.0,0.0,0.0,0.0,0.0,0.0,0.016666666666666666,2.2046692976082496,-1.0,-1.8369701987210297e-16
window-agent3,2024-12-07 20:10:00+00:00,33,6,2,2,1,07-10-December.csv,0,4,0,0,6,0,1,1,0,0,0,0,0,0,0,0,1,0,33,6,1,10.168424242424242,20.52809584908922,0.0,0.013333333333333334,0.0,0.0,0.02,0.0,0.0033333333333333335,0.0033333333333333335,0.0,0.0,0.0,0.0,0.0,0.0,0.0,0.0,0.0033333333333333335,0.0,0.11,2.0188079647034023,-0.8660254037844386,0.5000000000000001
window-agent3,2024-12-07 20:15:00+00:00,11,5,2,1,1,07-10-December.csv,0,4,0,0,3,0,0,0,0,0,0,0,0,0,0,0,0,0,11,5,1,26.147454545454547,31.277933513464845,0.0,0.013333333333333334,0.0,0.0,0.01,0.0,0.0,0.0,0.0,0.0,0.0,0.0,0.0,0.0,0.0,0.0,0.0,0.0,0.03666666666666667,1.1962133239046848,-0.8660254037844386,0.5000000000000001
window-agent3,2024-12-07 20:25:00+00:00,12,5,2,2,1,07-10-December.csv,1,4,0,0,0,0,1,1,0,0,0,0,0,0,1,0,1,0,12,5,1,36.55441666666666,75.73114293875807,0.0033333333333333335,0.013333333333333334,0.0,0.0,0.0,0.0,0.0033333333333333335,0.0033333333333333335,0.0,0.0,0.0,0.0,0.0,0.0,0.0033333333333333335,0.0,0.0033333333333333335,0.0,0.04,2.0717371481902482,-0.8660254037844386,0.5000000000000001
window-agent3,2024-12-07 20:30:00+00:00,77,10,1,30,1,07-10-December.csv,31,0,0,0,10,0,0,29,0,0,0,0,0,0,2,0,1,0,77,10,0,3.831909090909091,14.357619327089946,0.10333333333333333,0.0,0.0,0.0,0.03333333333333333,0.0,0.0,0.09666666666666666,0.0,0.0,0.0,0.0,0.0,0.0,0.006666666666666667,0.0,0.0033333333333333335,0.0,0.25666666666666665,3.7468580246729473,-0.8660254037844386,0.5000000000000001
window-agent3,2024-12-08 05:15:00+00:00,9,5,2,3,1,07-10-December.csv,2,4,0,0,0,0,0,2,0,0,0,0,0,0,0,0,2,0,9,5,1,39.91722222222222,88.93961381293741,0.006666666666666667,0.013333333333333334,0.0,0.0,0.0,0.0,0.0,0.006666666666666667,0.0,0.0,0.0,0.0,0.0,0.0,0.0,0.0,0.006666666666666667,0.0,0.03,2.228101277133058,0.9659258262890683,0.25881904510252074
window-agent3,2024-12-08 05:25:00+00:00,11,5,2,5,1,07-10-December.csv,1,4,0,0,0,0,0,4,0,0,0,0,0,0,1,0,4,0,11,5,1,25.071636363636365,35.97208879471062,0.0033333333333333335,0.013333333333333334,0.0,0.0,0.0,0.0,0.0,0.013333333333333334,0.0,0.0,0.0,0.0,0.0,0.0,0.0033333333333333335,0.0,0.013333333333333334,0.0,0.03666666666666667,1.4347722770454727,0.9659258262890683,0.25881904510252074
window-agent3,2024-12-08 08:30:00+00:00,234,4,1,2,1,07-10-December.csv,28,0,0,0,0,0,0,1,0,0,0,0,0,0,0,0,0,0,234,4,0,1.5492692307692308,21.4715340732653,0.09333333333333334,0.0,0.0,0.0,0.0,0.0,0.0,0.0033333333333333335,0.0,0.0,0.0,0.0,0.0,0.0,0.0,0.0,0.0,0.0,0.78,13.859136712219104,0.8660254037844387,-0.4999999999999998
window-agent3,2024-12-08 12:05:00+00:00,6,3,2,1,1,07-10-December.csv,0,4,0,0,0,0,0,0,0,0,0,0,0,0,0,0,0,0,6,3,1,111.17533333333334,243.94823125299897,0.0,0.013333333333333334,0.0,0.0,0.0,0.0,0.0,0.0,0.0,0.0,0.0,0.0,0.0,0.0,0.0,0.0,0.0,0.0,0.02,2.1942657956471066,1.2246467991473532e-16,-1.0
window-agent3,2024-12-08 12:30:00+00:00,6,3,2,1,1,07-10-December.csv,0,4,0,0,0,0,0,0,0,0,0,0,0,0,0,0,0,0,6,3,1,59.31216666666668,95.06294439668207,0.0,0.013333333333333334,0.0,0.0,0.0,0.0,0.0,0.0,0.0,0.0,0.0,0.0,0.0,0.0,0.0,0.0,0.0,0.0,0.02,1.6027562259010724,1.2246467991473532e-16,-1.0
window-agent3,2024-12-08 18:05:00+00:00,5,3,2,1,1,07-10-December.csv,0,4,0,0,0,0,0,0,0,0,0,0,0,0,0,0,0,0,5,3,1,108.4894,241.4989562675168,0.0,0.013333333333333334,0.0,0.0,0.0,0.0,0.0,0.0,0.0,0.0,0.0,0.0,0.0,0.0,0.0,0.0,0.0,0.0,0.016666666666666666,2.226014304323895,-1.0,-1.8369701987210297e-16
window-agent3,2024-12-08 20:30:00+00:00,92,12,1,3,1,07-10-December.csv,27,0,0,0,6,0,0,2,4,0,0,0,0,0,0,0,1,4,92,12,0,4.752184782608695,23.218110828833286,0.09,0.0,0.0,0.0,0.02,0.0,0.0,0.006666666666666667,0.013333333333333334,0.0,0.0,0.0,0.0,0.0,0.0,0.0,0.0033333333333333335,0.013333333333333334,0.30666666666666664,4.885776098985736,-0.8660254037844386,0.5000000000000001
window-agent3,2024-12-08 20:35:00+00:00,6,3,2,1,1,07-10-December.csv,0,4,0,0,0,0,0,0,0,0,0,0,0,0,0,0,0,0,6,3,1,38.42816666666667,58.88452194054621,0.0,0.013333333333333334,0.0,0.0,0.0,0.0,0.0,0.0,0.0,0.0,0.0,0.0,0.0,0.0,0.0,0.0,0.0,0.0,0.02,1.5323271196183235,-0.8660254037844386,0.5000000000000001
window-agent3,2024-12-09 05:55:00+00:00,135,17,1,46,1,07-10-December.csv,29,0,0,0,17,0,1,45,13,0,0,0,0,0,1,0,44,13,135,18,0,52.45677777777779,592.6857036945638,0.09666666666666666,0.0,0.0,0.0,0.056666666666666664,0.0,0.0033333333333333335,0.15,0.043333333333333335,0.0,0.0,0.0,0.0,0.0,0.0033333333333333335,0.0,0.14666666666666667,0.043333333333333335,0.45,11.298553376750538,0.9659258262890683,0.25881904510252074
window-agent3,2024-12-09 06:05:00+00:00,45,12,1,12,1,07-10-December.csv,31,0,0,0,3,0,0,11,0,0,0,0,0,1,0,0,11,0,45,14,0,6.098533333333334,14.262870115666185,0.10333333333333333,0.0,0.0,0.0,0.01,0.0,0.0,0.03666666666666667,0.0,0.0,0.0,0.0,0.0,0.0033333333333333335,0.0,0.0,0.03666666666666667,0.0,0.15,2.338737748256332,1.0,6.123233995736766e-17
window-agent3,2024-12-09 06:10:00+00:00,44,12,1,17,1,07-10-December.csv,23,0,0,0,2,0,0,17,0,0,0,0,0,3,9,0,17,0,44,15,0,7.007750000000001,13.867347554303974,0.07666666666666666,0.0,0.0,0.0,0.006666666666666667,0.0,0.0,0.056666666666666664,0.0,0.0,0.0,0.0,0.0,0.01,0.03,0.0,0.056666666666666664,0.0,0.14666666666666667,1.978858771260957,1.0,6.123233995736766e-17
window-agent3,2024-12-09 06:15:00+00:00,33,7,1,15,1,07-10-December.csv,14,0,0,0,2,0,0,14,0,0,0,0,0,3,2,0,13,0,33,11,0,10.017030303030303,16.528216130841315,0.04666666666666667,0.0,0.0,0.0,0.006666666666666667,0.0,0.0,0.04666666666666667,0.0,0.0,0.0,0.0,0.0,0.01,0.006666666666666667,0.0,0.043333333333333335,0.0,0.11,1.6500115933403217,1.0,6.123233995736766e-17
window-agent3,2024-12-09 08:10:00+00:00,134,13,2,44,1,07-10-December.csv,56,16,0,0,3,0,0,53,0,0,0,0,0,7,13,0,53,0,134,16,1,2.259134328358209,5.119426753316439,0.18666666666666668,0.05333333333333334,0.0,0.0,0.01,0.0,0.0,0.17666666666666667,0.0,0.0,0.0,0.0,0.0,0.023333333333333334,0.043333333333333335,0.0,0.17666666666666667,0.0,0.44666666666666666,2.266101085293544,0.8660254037844387,-0.4999999999999998
window-agent3,2024-12-09 08:15:00+00:00,38,9,1,14,1,07-10-December.csv,21,0,0,0,1,0,0,13,0,0,0,0,0,1,2,0,13,0,38,10,0,7.7972631578947365,10.953030718886724,0.07,0.0,0.0,0.0,0.0033333333333333335,0.0,0.0,0.043333333333333335,0.0,0.0,0.0,0.0,0.0,0.0033333333333333335,0.006666666666666667,0.0,0.043333333333333335,0.0,0.12666666666666668,1.404727594424817,0.8660254037844387,-0.4999999999999998
window-agent3,2024-12-09 08:20:00+00:00,38,8,2,7,1,07-10-December.csv,16,16,0,0,0,0,0,6,0,0,0,0,0,2,2,0,6,0,38,9,1,6.465657894736842,12.194332536671944,0.05333333333333334,0.05333333333333334,0.0,0.0,0.0,0.0,0.0,0.02,0.0,0.0,0.0,0.0,0.0,0.006666666666666667,0.006666666666666667,0.0,0.02,0.0,0.12666666666666668,1.8860157365576582,0.8660254037844387,-0.4999999999999998
window-agent3,2024-12-09 08:30:00+00:00,17,3,2,1,1,07-10-December.csv,0,16,0,0,0,0,0,0,0,0,0,0,0,0,0,0,0,0,17,3,1,28.583823529411767,90.65807806135874,0.0,0.05333333333333334,0.0,0.0,0.0,0.0,0.0,0.0,0.0,0.0,0.0,0.0,0.0,0.0,0.0,0.0,0.0,0.0,0.056666666666666664,3.171656792803619,0.8660254037844387,-0.4999999999999998
window-agent3,2024-12-09 08:55:00+00:00,16,2,1,1,1,07-10-December.csv,0,16,0,0,0,0,0,0,0,0,0,0,0,0,0,0,0,0,16,2,1,21.5285625,85.79913765065378,0.0,0.05333333333333334,0.0,0.0,0.0,0.0,0.0,0.0,0.0,0.0,0.0,0.0,0.0,0.0,0.0,0.0,0.0,0.0,0.05333333333333334,3.9853630566673357,0.8660254037844387,-0.4999999999999998
window-agent3,2024-12-09 09:40:00+00:00,17,2,2,2,1,07-10-December.csv,0,16,0,0,0,0,0,1,0,0,0,0,0,0,0,0,1,0,17,2,1,38.18982352941176,145.71300785715536,0.0,0.05333333333333334,0.0,0.0,0.0,0.0,0.0,0.0033333333333333335,0.0,0.0,0.0,0.0,0.0,0.0,0.0,0.0,0.0033333333333333335,0.0,0.056666666666666664,3.8154930918948864,0.7071067811865476,-0.7071067811865475
window-agent3,2024-12-09 09:45:00+00:00,41,7,2,11,1,07-10-December.csv,10,16,0,0,2,0,0,11,0,0,0,0,0,2,0,0,11,0,41,8,1,6.2054634146341465,10.816199896677116,0.03333333333333333,0.05333333333333334,0.0,0.0,0.006666666666666667,0.0,0.0,0.03666666666666667,0.0,0.0,0.0,0.0,0.0,0.006666666666666667,0.0,0.0,0.03666666666666667,0.0,0.13666666666666666,1.743012435005195,0.7071067811865476,-0.7071067811865475
window-agent3,2024-12-09 11:45:00+00:00,16,2,1,1,1,07-10-December.csv,0,16,0,0,0,0,0,0,0,0,0,0,0,0,0,0,0,0,16,2,1,13.7541875,53.87992062382021,0.0,0.05333333333333334,0.0,0.0,0.0,0.0,0.0,0.0,0.0,0.0,0.0,0.0,0.0,0.0,0.0,0.0,0.0,0.0,0.05333333333333334,3.9173466716096614,0.258819045102521,-0.9659258262890682
window-agent3,2024-12-09 11:55:00+00:00,24,5,2,4,1,07-10-December.csv,4,16,0,0,0,0,0,4,0,0,0,0,0,0,0,0,4,0,24,5,1,11.698291666666668,39.31665106429122,0.013333333333333334,0.05333333333333334,0.0,0.0,0.0,0.0,0.0,0.013333333333333334,0.0,0.0,0.0,0.0,0.0,0.0,0.0,0.0,0.013333333333333334,0.0,0.08,3.360888254848426,0.258819045102521,-0.9659258262890682
window-agent3,2024-12-09 12:10:00+00:00,17,3,2,1,1,07-10-December.csv,0,16,0,0,0,0,0,0,0,0,0,0,0,0,0,0,0,0,17,3,1,35.708176470588235,135.851461899217,0.0,0.05333333333333334,0.0,0.0,0.0,0.0,0.0,0.0,0.0,0.0,0.0,0.0,0.0,0.0,0.0,0.0,0.0,0.0,0.056666666666666664,3.804491725056692,1.2246467991473532e-16,-1.0
window-agent3,2024-12-09 17:55:00+00:00,73,4,1,2,1,07-10-December.csv,28,0,0,0,0,0,0,1,0,0,0,0,0,0,0,0,0,0,73,4,0,16.674082191780823,128.97565187918153,0.09333333333333334,0.0,0.0,0.0,0.0,0.0,0.0,0.0033333333333333335,0.0,0.0,0.0,0.0,0.0,0.0,0.0,0.0,0.0,0.0,0.24333333333333335,7.735097524153843,-0.9659258262890683,-0.25881904510252063
window-agent3,2024-12-09 18:20:00+00:00,166,12,1,58,1,07-10-December.csv,99,0,0,0,1,0,2,57,0,0,0,0,0,21,0,0,57,0,166,15,0,0.7361144578313253,1.7853610530787076,0.33,0.0,0.0,0.0,0.0033333333333333335,0.0,0.006666666666666667,0.19,0.0,0.0,0.0,0.0,0.0,0.07,0.0,0.0,0.19,0.0,0.5533333333333333,2.425385120594668,-1.0,-1.8369701987210297e-16
window-agent3,2024-12-09 18:50:00+00:00,25,12,2,2,1,07-10-December.csv,8,4,0,0,8,0,0,1,0,0,0,0,0,0,0,0,0,0,25,12,1,15.70208,48.992477771184426,0.02666666666666667,0.013333333333333334,0.0,0.0,0.02666666666666667,0.0,0.0,0.0033333333333333335,0.0,0.0,0.0,0.0,0.0,0.0,0.0,0.0,0.0,0.0,0.08333333333333333,3.1201266183323755,-1.0,-1.8369701987210297e-16
window-agent3,2024-12-09 19:35:00+00:00,36,8,2,21,1,07-10-December.csv,8,4,0,0,1,0,0,20,0,0,0,0,0,3,0,0,20,0,36,11,1,8.307777777777778,18.150700369188613,0.02666666666666667,0.013333333333333334,0.0,0.0,0.0033333333333333335,0.0,0.0,0.06666666666666667,0.0,0.0,0.0,0.0,0.0,0.01,0.0,0.0,0.06666666666666667,0.0,0.12,2.1847840487187042,-0.9659258262890684,0.2588190451025203
window-agent3,2024-12-09 20:15:00+00:00,30,8,2,10,1,07-10-December.csv,15,2,0,0,1,0,0,9,0,0,0,0,0,3,1,0,9,0,28,10,1,10.0782,17.102401661150118,0.05,0.006666666666666667,0.0,0.0,0.0033333333333333335,0.0,0.0,0.03,0.0,0.0,0.0,0.0,0.0,0.01,0.0033333333333333335,0.0,0.03,0.0,0.09333333333333334,1.6969698617957687,-0.8660254037844386,0.5000000000000001
window-agent3,2024-12-09 21:25:00+00:00,26,8,2,11,1,10-December-P1.csv,10,4,0,0,0,0,0,10,0,0,0,0,0,1,0,0,10,0,26,9,1,11.865038461538461,21.18351050695945,0.03333333333333333,0.013333333333333334,0.0,0.0,0.0,0.0,0.0,0.03333333333333333,0.0,0.0,0.0,0.0,0.0,0.0033333333333333335,0.0,0.0,0.03333333333333333,0.0,0.08666666666666667,1.7853722577998896,-0.7071067811865477,0.7071067811865474
window-agent3,2024-12-09 21:40:00+00:00,19,4,2,4,1,10-December-P1.csv,6,2,0,0,0,0,0,3,0,0,0,0,0,1,0,0,3,0,17,4,1,16.55,24.929491274837964,0.02,0.006666666666666667,0.0,0.0,0.0,0.0,0.0,0.01,0.0,0.0,0.0,0.0,0.0,0.0033333333333333335,0.0,0.0,0.01,0.0,0.056666666666666664,1.5063136721956474,-0.7071067811865477,0.7071067811865474
window-agent3,2024-12-09 22:10:00+00:00,32,9,1,16,1,10-December-P1.csv,11,0,0,0,3,0,0,16,0,0,0,0,0,2,0,0,16,0,32,10,0,9.770312500000001,17.7723764316488,0.03666666666666667,0.0,0.0,0.0,0.01,0.0,0.0,0.05333333333333334,0.0,0.0,0.0,0.0,0.0,0.006666666666666667,0.0,0.0,0.05333333333333334,0.0,0.10666666666666667,1.8190182178562662,-0.5000000000000004,0.8660254037844384
window-agent3,2024-12-09 22:15:00+00:00,46,10,1,13,1,10-December-P1.csv,19,0,0,0,3,0,0,12,0,0,0,0,0,1,2,0,11,0,46,13,0,6.808891304347826,15.263078785426774,0.06333333333333334,0.0,0.0,0.0,0.01,0.0,0.0,0.04,0.0,0.0,0.0,0.0,0.0,0.0033333333333333335,0.006666666666666667,0.0,0.03666666666666667,0.0,0.15333333333333332,2.241639365821645,-0.5000000000000004,0.8660254037844384
window-agent3,2024-12-09 23:55:00+00:00,64,11,1,10,1,10-December-P1.csv,12,0,0,0,1,0,0,9,0,0,0,0,0,1,0,1,9,0,64,12,0,4.887859375,13.02189757204134,0.04,0.0,0.0,0.0,0.0033333333333333335,0.0,0.0,0.03,0.0,0.0,0.0,0.0,0.0,0.0033333333333333335,0.0,0.0033333333333333335,0.03,0.0,0.21333333333333335,2.664130976976264,-0.25881904510252157,0.9659258262890681
window-agent3,2024-12-10 00:00:00+00:00,50,8,1,11,1,10-December-P1.csv,9,0,0,0,2,0,0,10,0,0,0,0,0,4,0,0,9,0,50,11,0,6.1858,16.338303121743067,0.03,0.0,0.0,0.0,0.006666666666666667,0.0,0.0,0.03333333333333333,0.0,0.0,0.0,0.0,0.0,0.013333333333333334,0.0,0.0,0.03,0.0,0.16666666666666666,2.6412595172399795,0.0,1.0
window-agent3,2024-12-10 06:25:00+00:00,205,10,1,75,1,10-December-P1.csv,111,0,0,0,6,0,3,74,0,0,0,0,0,39,1,0,74,0,205,14,0,1.4661219512195123,2.3055500300226286,0.37,0.0,0.0,0.0,0.02,0.0,0.01,0.24666666666666667,0.0,0.0,0.0,0.0,0.0,0.13,0.0033333333333333335,0.0,0.24666666666666667,0.0,0.6833333333333333,1.572549969738114,1.0,6.123233995736766e-17
window-agent3,2024-12-10 08:00:00+00:00,26,7,2,9,1,10-December-P1.csv,10,4,0,0,0,0,0,8,0,0,0,0,0,0,4,0,8,0,26,7,1,11.2585,18.958643681972614,0.03333333333333333,0.013333333333333334,0.0,0.0,0.0,0.0,0.0,0.02666666666666667,0.0,0.0,0.0,0.0,0.0,0.0,0.013333333333333334,0.0,0.02666666666666667,0.0,0.08666666666666667,1.6839404611602447,0.8660254037844387,-0.4999999999999998
window-agent3,2024-12-10 08:10:00+00:00,37,8,2,19,1,10-December-P1.csv,9,4,0,0,0,0,0,19,0,0,0,0,0,5,0,0,19,0,37,11,1,7.648027027027027,12.665983495801498,0.03,0.013333333333333334,0.0,0.0,0.0,0.0,0.0,0.06333333333333334,0.0,0.0,0.0,0.0,0.0,0.016666666666666666,0.0,0.0,0.06333333333333334,0.0,0.12333333333333334,1.6561112364066883,0.8660254037844387,-0.4999999999999998
window-agent3,2024-12-10 08:30:00+00:00,72,8,1,40,1,10-December-P1.csv,15,0,0,0,10,0,0,39,0,0,0,0,0,7,3,0,12,0,72,10,0,2.9940972222222224,6.5031679715713215,0.05,0.0,0.0,0.0,0.03333333333333333,0.0,0.0,0.13,0.0,0.0,0.0,0.0,0.0,0.023333333333333334,0.01,0.0,0.04,0.0,0.24,2.171996260944614,0.8660254037844387,-0.4999999999999998
window-agent3,2024-12-10 08:40:00+00:00,46,10,1,28,1,10-December-P1.csv,15,0,0,0,1,0,0,28,0,0,0,0,0,3,4,0,18,0,46,11,0,7.219434782608696,12.001754933994118,0.05,0.0,0.0,0.0,0.0033333333333333335,0.0,0.0,0.09333333333333334,0.0,0.0,0.0,0.0,0.0,0.01,0.013333333333333334,0.0,0.06,0.0,0.15333333333333332,1.662423069864946,0.8660254037844387,-0.4999999999999998
window-agent3,2024-12-10 09:00:00+00:00,40,8,2,17,1,10-December-P1.csv,9,8,0,0,2,0,0,16,0,0,0,0,0,2,1,0,16,0,40,10,1,7.313899999999999,9.548725547395694,0.03,0.02666666666666667,0.0,0.0,0.006666666666666667,0.0,0.0,0.05333333333333334,0.0,0.0,0.0,0.0,0.0,0.006666666666666667,0.0033333333333333335,0.0,0.05333333333333334,0.0,0.13333333333333333,1.3055586687534277,0.7071067811865476,-0.7071067811865475
window-agent3,2024-12-10 09:10:00+00:00,67,9,2,22,1,10-December-P1.csv,39,2,0,0,0,0,0,22,0,0,0,0,0,14,8,0,22,0,65,12,1,4.621567164179104,10.50287277183389,0.13,0.006666666666666667,0.0,0.0,0.0,0.0,0.0,0.07333333333333333,0.0,0.0,0.0,0.0,0.0,0.04666666666666667,0.02666666666666667,0.0,0.07333333333333333,0.0,0.21666666666666667,2.2725781966861103,0.7071067811865476,-0.7071067811865475
window-agent3,2024-12-10 09:15:00+00:00,47,4,2,13,1,10-December-P1.csv,15,2,0,0,0,0,0,12,0,0,0,0,0,4,0,0,12,0,45,5,1,6.126170212765958,9.864677601816952,0.05,0.006666666666666667,0.0,0.0,0.0,0.0,0.0,0.04,0.0,0.0,0.0,0.0,0.0,0.013333333333333334,0.0,0.0,0.04,0.0,0.15,1.6102519615371678,0.7071067811865476,-0.7071067811865475
window-agent3,2024-12-10 10:05:00+00:00,86,8,1,30,1,10-December-P1.csv,40,0,0,0,0,0,0,29,2,0,0,0,0,8,2,0,29,0,86,11,0,3.1795116279069764,4.761760640139406,0.13333333333333333,0.0,0.0,0.0,0.0,0.0,0.0,0.09666666666666666,0.006666666666666667,0.0,0.0,0.0,0.0,0.02666666666666667,0.006666666666666667,0.0,0.09666666666666666,0.0,0.2866666666666667,1.4976390079359452,0.49999999999999994,-0.8660254037844387
window-agent3,2024-12-10 10:10:00+00:00,80,12,1,29,1,10-December-P1.csv,42,0,0,0,2,0,0,32,0,0,0,0,0,2,2,0,30,0,80,16,0,4.073725,8.065491818720549,0.14,0.0,0.0,0.0,0.006666666666666667,0.0,0.0,0.10666666666666667,0.0,0.0,0.0,0.0,0.0,0.006666666666666667,0.006666666666666667,0.0,0.1,0.0,0.26666666666666666,1.979881268058239,0.49999999999999994,-0.8660254037844387
window-agent3,2024-12-10 11:00:00+00:00,116,15,1,48,1,10-December-P1.csv,46,0,0,0,0,0,0,60,0,0,0,0,0,12,8,0,60,0,116,18,0,2.7078620689655173,5.646212421725238,0.15333333333333332,0.0,0.0,0.0,0.0,0.0,0.0,0.2,0.0,0.0,0.0,0.0,0.0,0.04,0.02666666666666667,0.0,0.2,0.0,0.38666666666666666,2.0851181773384257,0.258819045102521,-0.9659258262890682
window-agent3,2024-12-10 11:50:00+00:00,58,7,2,17,1,10-December-P1.csv,30,8,0,0,0,0,0,16,0,0,0,0,0,4,0,0,16,0,58,8,1,4.962689655172414,5.931769370677577,0.1,0.02666666666666667,0.0,0.0,0.0,0.0,0.0,0.05333333333333334,0.0,0.0,0.0,0.0,0.0,0.013333333333333334,0.0,0.0,0.05333333333333334,0.0,0.19333333333333333,1.1952730843233628,0.258819045102521,-0.9659258262890682
window-agent3,2024-12-10 12:35:00+00:00,31,6,2,11,1,10-December-P1.csv,10,8,0,0,1,0,0,10,0,0,0,0,0,2,0,0,10,0,31,7,1,9.880032258064515,16.153947980775207,0.03333333333333333,0.02666666666666667,0.0,0.0,0.0033333333333333335,0.0,0.0,0.03333333333333333,0.0,0.0,0.0,0.0,0.0,0.006666666666666667,0.0,0.0,0.03333333333333333,0.0,0.10333333333333333,1.6350096395272036,1.2246467991473532e-16,-1.0
window-agent3,2024-12-10 12:45:00+00:00,31,8,2,7,1,10-December-P1.csv,17,4,0,0,0,0,0,6,0,0,0,0,0,0,4,0,6,0,27,9,1,9.769064516129033,14.759374385873052,0.056666666666666664,0.013333333333333334,0.0,0.0,0.0,0.0,0.0,0.02,0.0,0.0,0.0,0.0,0.0,0.0,0.013333333333333334,0.0,0.02,0.0,0.09,1.5108278138101003,1.2246467991473532e-16,-1.0
window-agent3,2024-12-10 14:30:00+00:00,158,17,1,33,1,10-December-P2.csv,29,0,0,0,19,0,1,33,20,0,0,0,0,0,0,0,3,20,158,17,0,7.794025316455697,83.42710517693385,0.09666666666666666,0.0,0.0,0.0,0.06333333333333334,0.0,0.0033333333333333335,0.11,0.06666666666666667,0.0,0.0,0.0,0.0,0.0,0.0,0.0,0.01,0.06666666666666667,0.5266666666666666,10.703981805241558,-0.4999999999999997,-0.8660254037844388
window-agent3,2024-12-10 14:35:00+00:00,89,26,1,31,1,10-December-P2.csv,1,0,0,0,27,0,0,31,6,0,0,0,0,0,0,0,17,6,89,26,0,3.119011235955056,6.379504160153653,0.0033333333333333335,0.0,0.0,0.0,0.09,0.0,0.0,0.10333333333333333,0.02,0.0,0.0,0.0,0.0,0.0,0.0,0.0,0.056666666666666664,0.02,0.2966666666666667,2.0453610703971123,-0.4999999999999997,-0.8660254037844388
window-agent3,2024-12-10 16:05:00+00:00,9,4,1,1,1,10-December-P2.csv,0,0,0,0,3,0,1,0,0,0,0,0,0,0,0,0,0,0,9,4,0,23.75622222222222,37.83152972976964,0.0,0.0,0.0,0.0,0.01,0.0,0.0033333333333333335,0.0,0.0,0.0,0.0,0.0,0.0,0.0,0.0,0.0,0.0,0.0,0.03,1.592489301366317,-0.8660254037844385,-0.5000000000000004
window-agent3,2024-12-10 16:15:00+00:00,21,4,1,3,1,10-December-P2.csv,1,0,0,0,1,0,1,2,0,0,0,0,0,0,0,0,2,0,21,4,0,34.909142857142854,143.50780575992573,0.0033333333333333335,0.0,0.0,0.0,0.0033333333333333335,0.0,0.0033333333333333335,0.006666666666666667,0.0,0.0,0.0,0.0,0.0,0.0,0.0,0.0,0.006666666666666667,0.0,0.07,4.1108945684285745,-0.8660254037844385,-0.5000000000000004
window-agent3,2024-12-10 17:30:00+00:00,54,7,1,21,1,10-December-P2.csv,28,0,0,0,2,0,0,20,0,0,0,0,0,0,0,0,19,0,54,7,0,77.98440740740742,568.9555995251638,0.09333333333333334,0.0,0.0,0.0,0.006666666666666667,0.0,0.0,0.06666666666666667,0.0,0.0,0.0,0.0,0.0,0.0,0.0,0.0,0.06333333333333334,0.0,0.18,7.295761017363596,-0.9659258262890683,-0.25881904510252063
window-agent3,2024-12-10 17:35:00+00:00,120,18,1,61,1,10-December-P2.csv,16,0,0,0,12,0,2,71,6,0,0,0,0,0,0,0,10,6,120,18,0,2.4141916666666665,5.549577903997295,0.05333333333333334,0.0,0.0,0.0,0.04,0.0,0.006666666666666667,0.23666666666666666,0.02,0.0,0.0,0.0,0.0,0.0,0.0,0.0,0.03333333333333333,0.02,0.4,2.2987312816217833,-0.9659258262890683,-0.25881904510252063
window-agent3,2024-12-10 17:40:00+00:00,141,14,1,117,1,10-December-P2.csv,15,0,0,0,4,0,0,117,0,0,0,0,0,0,6,0,117,0,141,15,0,1.8906099290780143,6.875874265214828,0.05,0.0,0.0,0.0,0.013333333333333334,0.0,0.0,0.39,0.0,0.0,0.0,0.0,0.0,0.0,0.02,0.0,0.39,0.0,0.47,3.6368550484488127,-0.9659258262890683,-0.25881904510252063
window-agent3,2024-12-10 17:45:00+00:00,25,9,1,12,1,10-December-P2.csv,8,0,0,0,3,0,0,11,0,0,0,0,0,1,1,0,11,0,25,10,0,11.66516,23.16589120646991,0.02666666666666667,0.0,0.0,0.0,0.01,0.0,0.0,0.03666666666666667,0.0,0.0,0.0,0.0,0.0,0.0033333333333333335,0.0033333333333333335,0.0,0.03666666666666667,0.0,0.08333333333333333,1.9859042830505464,-0.9659258262890683,-0.25881904510252063
window-agent3,2024-12-10 17:50:00+00:00,20,4,1,11,1,10-December-P2.csv,6,0,0,0,0,0,0,10,0,0,0,0,0,3,1,0,10,0,20,5,0,15.456800000000001,23.551079464812112,0.02,0.0,0.0,0.0,0.0,0.0,0.0,0.03333333333333333,0.0,0.0,0.0,0.0,0.0,0.01,0.0033333333333333335,0.0,0.03333333333333333,0.0,0.06666666666666667,1.523671100409665,-0.9659258262890683,-0.25881904510252063
window-agent3,2024-12-10 17:55:00+00:00,27,7,1,9,1,10-December-P2.csv,11,0,0,0,1,0,0,8,0,0,0,0,0,0,0,0,8,0,27,7,0,12.554407407407407,18.982319547530498,0.03666666666666667,0.0,0.0,0.0,0.0033333333333333335,0.0,0.0,0.02666666666666667,0.0,0.0,0.0,0.0,0.0,0.0,0.0,0.0,0.02666666666666667,0.0,0.09,1.5120044245442015,-0.9659258262890683,-0.25881904510252063
window-agent3,2024-12-10 18:00:00+00:00,30,7,1,12,1,10-December-P2.csv,11,0,0,0,0,0,1,13,0,0,0,0,0,2,1,0,13,0,30,9,0,8.969,16.679801288818844,0.03666666666666667,0.0,0.0,0.0,0.0,0.0,0.0033333333333333335,0.043333333333333335,0.0,0.0,0.0,0.0,0.0,0.006666666666666667,0.0033333333333333335,0.0,0.043333333333333335,0.0,0.1,1.8597169460161496,-1.0,-1.8369701987210297e-16
window-agent3,2024-12-10 18:05:00+00:00,29,8,2,13,1,10-December-P2.csv,15,1,0,0,0,0,0,12,0,0,0,0,0,0,0,0,12,0,29,9,1,11.52451724137931,16.719452978536044,0.05,0.0033333333333333335,0.0,0.0,0.0,0.0,0.0,0.04,0.0,0.0,0.0,0.0,0.0,0.0,0.0,0.0,0.04,0.0,0.09666666666666666,1.4507725250741157,-1.0,-1.8369701987210297e-16
window-agent3,2024-12-10 18:10:00+00:00,52,11,1,32,1,10-December-P2.csv,15,0,0,0,2,0,0,31,0,0,0,0,0,6,0,0,26,0,52,13,0,5.353288461538461,11.565261319388622,0.05,0.0,0.0,0.0,0.006666666666666667,0.0,0.0,0.10333333333333333,0.0,0.0,0.0,0.0,0.0,0.02,0.0,0.0,0.08666666666666667,0.0,0.17333333333333334,2.16040316199679,-1.0,-1.8369701987210297e-16
window-agent3,2024-12-10 18:15:00+00:00,28,9,1,13,1,10-December-P2.csv,8,0,0,0,2,0,0,12,0,0,0,0,0,2,0,0,7,0,28,10,0,9.734428571428571,15.313823045012903,0.02666666666666667,0.0,0.0,0.0,0.006666666666666667,0.0,0.0,0.04,0.0,0.0,0.0,0.0,0.0,0.006666666666666667,0.0,0.0,0.023333333333333334,0.0,0.09333333333333334,1.5731609649856961,-1.0,-1.8369701987210297e-16
window-agent3,2024-12-10 20:40:00+00:00,6,4,1,1,1,11-12-December.csv,2,0,0,0,2,0,0,0,0,0,0,0,0,0,0,0,0,0,6,4,0,1456.5868333333335,3552.1768502544137,0.006666666666666667,0.0,0.0,0.0,0.006666666666666667,0.0,0.0,0.0,0.0,0.0,0.0,0.0,0.0,0.0,0.0,0.0,0.0,0.0,0.02,2.4386989975224593,-0.8660254037844386,0.5000000000000001
window-agent3,2024-12-10 20:45:00+00:00,119,20,1,5,1,11-12-December.csv,54,0,0,0,20,0,1,4,20,0,0,0,0,0,0,0,3,20,119,20,0,2.4772857142857143,7.571568694395286,0.18,0.0,0.0,0.0,0.06666666666666667,0.0,0.0033333333333333335,0.013333333333333334,0.06666666666666667,0.0,0.0,0.0,0.0,0.0,0.0,0.0,0.01,0.06666666666666667,0.39666666666666667,3.0563970278972956,-0.8660254037844386,0.5000000000000001
window-agent3,2024-12-11 07:50:00+00:00,21,6,2,11,1,11-12-December.csv,5,2,0,0,0,0,0,10,0,0,0,0,0,1,0,0,10,0,19,7,1,15.722380952380954,19.51264017624522,0.016666666666666666,0.006666666666666667,0.0,0.0,0.0,0.0,0.0,0.03333333333333333,0.0,0.0,0.0,0.0,0.0,0.0033333333333333335,0.0,0.0,0.03333333333333333,0.0,0.06333333333333334,1.2410741245453845,0.9659258262890683,-0.25881904510252063
window-agent3,2024-12-11 14:55:00+00:00,3,1,1,1,1,11-12-December.csv,0,0,0,0,0,0,1,0,0,0,0,0,0,0,0,0,0,0,3,1,0,297.29966666666667,376.63180661799305,0.0,0.0,0.0,0.0,0.0,0.0,0.0033333333333333335,0.0,0.0,0.0,0.0,0.0,0.0,0.0,0.0,0.0,0.0,0.0,0.01,1.2668423440927494,-0.4999999999999997,-0.8660254037844388
window-agent3,2024-12-11 15:15:00+00:00,2,2,1,1,1,11-12-December.csv,0,0,0,0,1,0,0,0,0,0,0,0,0,0,0,0,0,0,2,2,0,147.8915,85.35132402312222,0.0,0.0,0.0,0.0,0.0033333333333333335,0.0,0.0,0.0,0.0,0.0,0.0,0.0,0.0,0.0,0.0,0.0,0.0,0.0,0.006666666666666667,0.5771212275426391,-0.7071067811865471,-0.7071067811865479
window-agent3,2024-12-11 15:20:00+00:00,5,3,1,1,1,11-12-December.csv,0,0,0,0,3,0,0,0,0,0,0,0,0,0,0,0,0,0,5,3,0,47.378,73.69441992783443,0.0,0.0,0.0,0.0,0.01,0.0,0.0,0.0,0.0,0.0,0.0,0.0,0.0,0.0,0.0,0.0,0.0,0.0,0.016666666666666666,1.5554565394874083,-0.7071067811865471,-0.7071067811865479
window-agent3,2024-12-11 15:25:00+00:00,2,1,1,1,1,11-12-December.csv,0,0,0,0,0,0,1,0,0,0,0,0,0,0,0,0,0,0,2,1,0,175.2485,207.42906715429254,0.0,0.0,0.0,0.0,0.0,0.0,0.0033333333333333335,0.0,0.0,0.0,0.0,0.0,0.0,0.0,0.0,0.0,0.0,0.0,0.006666666666666667,1.183628203118957,-0.7071067811865471,-0.7071067811865479
window-agent3,2024-12-11 15:35:00+00:00,6,4,1,1,1,11-12-December.csv,0,0,0,0,4,0,0,0,0,0,0,0,0,0,0,0,0,0,6,4,0,98.00383333333333,139.10110022486043,0.0,0.0,0.0,0.0,0.013333333333333334,0.0,0.0,0.0,0.0,0.0,0.0,0.0,0.0,0.0,0.0,0.0,0.0,0.0,0.02,1.4193434633494992,-0.7071067811865471,-0.7071067811865479
window-agent3,2024-12-11 15:40:00+00:00,4,3,1,1,1,11-12-December.csv,0,0,0,0,2,0,0,0,0,0,0,0,0,0,0,0,0,0,4,3,0,87.55375000000001,140.88463963440682,0.0,0.0,0.0,0.0,0.006666666666666667,0.0,0.0,0.0,0.0,0.0,0.0,0.0,0.0,0.0,0.0,0.0,0.0,0.0,0.013333333333333334,1.6091217067733457,-0.7071067811865471,-0.7071067811865479
window-agent3,2024-12-11 15:45:00+00:00,30,6,1,13,1,11-12-December.csv,0,0,0,0,2,0,7,15,0,0,0,0,0,0,0,0,6,0,30,6,0,6.7389,9.794251305986975,0.0,0.0,0.0,0.0,0.006666666666666667,0.0,0.023333333333333334,0.05,0.0,0.0,0.0,0.0,0.0,0.0,0.0,0.0,0.02,0.0,0.1,1.4533902129408323,-0.7071067811865471,-0.7071067811865479
window-agent3,2024-12-11 15:50:00+00:00,227,7,1,85,1,11-12-December.csv,0,0,0,0,131,0,0,93,0,0,0,0,0,0,0,0,0,0,227,7,0,1.7632026431718062,17.202866987683276,0.0,0.0,0.0,0.0,0.43666666666666665,0.0,0.0,0.31,0.0,0.0,0.0,0.0,0.0,0.0,0.0,0.0,0.0,0.0,0.7566666666666667,9.756602313581622,-0.7071067811865471,-0.7071067811865479
window-agent3,2024-12-11 15:55:00+00:00,84,3,1,79,1,11-12-December.csv,0,0,0,0,4,0,1,78,0,0,0,0,0,0,0,0,0,0,84,3,0,3.231059523809524,13.694678732074275,0.0,0.0,0.0,0.0,0.013333333333333334,0.0,0.0033333333333333335,0.26,0.0,0.0,0.0,0.0,0.0,0.0,0.0,0.0,0.0,0.0,0.28,4.238448295724309,-0.7071067811865471,-0.7071067811865479
window-agent3,2024-12-11 16:35:00+00:00,12,4,1,10,1,11-12-December.csv,0,0,0,0,2,0,0,9,0,0,0,0,0,0,0,0,0,0,12,4,0,31.3,73.235086984562,0.0,0.0,0.0,0.0,0.006666666666666667,0.0,0.0,0.03,0.0,0.0,0.0,0.0,0.0,0.0,0.0,0.0,0.0,0.0,0.04,2.339779136886965,-0.8660254037844385,-0.5000000000000004
window-agent3,2024-12-11 17:55:00+00:00,105,16,1,26,1,11-12-December.csv,21,0,0,0,3,0,0,43,0,0,0,0,0,4,3,0,16,0,105,18,0,2.84012380952381,5.697275519078663,0.07,0.0,0.0,0.0,0.01,0.0,0.0,0.14333333333333334,0.0,0.0,0.0,0.0,0.0,0.013333333333333334,0.01,0.0,0.05333333333333334,0.0,0.35,2.005995478075267,-0.9659258262890683,-0.25881904510252063
window-agent3,2024-12-11 18:15:00+00:00,84,16,1,34,1,11-12-December.csv,37,0,0,0,0,0,0,34,0,0,0,0,0,11,5,0,33,0,84,20,0,3.3889761904761904,8.15522088223124,0.12333333333333334,0.0,0.0,0.0,0.0,0.0,0.0,0.11333333333333333,0.0,0.0,0.0,0.0,0.0,0.03666666666666667,0.016666666666666666,0.0,0.11,0.0,0.28,2.406396629504009,-1.0,-1.8369701987210297e-16
window-agent3,2024-12-11 18:20:00+00:00,69,19,1,28,1,11-12-December.csv,31,0,0,0,1,0,0,27,0,0,0,0,0,5,6,0,26,0,69,22,0,4.626072463768116,11.780087626158217,0.10333333333333333,0.0,0.0,0.0,0.0033333333333333335,0.0,0.0,0.09,0.0,0.0,0.0,0.0,0.0,0.016666666666666666,0.02,0.0,0.08666666666666667,0.0,0.23,2.546455490790751,-1.0,-1.8369701987210297e-16
window-agent3,2024-12-11 18:45:00+00:00,58,11,2,23,1,11-12-December.csv,22,2,0,0,0,0,0,22,0,0,0,0,0,2,1,0,22,0,56,12,1,5.689224137931035,10.725852246910966,0.07333333333333333,0.006666666666666667,0.0,0.0,0.0,0.0,0.0,0.07333333333333333,0.0,0.0,0.0,0.0,0.0,0.006666666666666667,0.0033333333333333335,0.0,0.07333333333333333,0.0,0.18666666666666668,1.8852926140490522,-1.0,-1.8369701987210297e-16
window-agent3,2024-12-11 18:55:00+00:00,51,11,2,11,1,11-12-December.csv,18,2,0,0,4,0,0,10,0,0,0,0,0,2,3,0,10,0,49,11,1,5.297549019607843,8.900795621322233,0.06,0.006666666666666667,0.0,0.0,0.013333333333333334,0.0,0.0,0.03333333333333333,0.0,0.0,0.0,0.0,0.0,0.006666666666666667,0.01,0.0,0.03333333333333333,0.0,0.16333333333333333,1.680172394512571,-1.0,-1.8369701987210297e-16
window-agent3,2024-12-11 19:00:00+00:00,51,11,1,19,1,11-12-December.csv,12,0,0,0,3,0,1,18,0,0,0,0,0,3,0,0,9,0,51,12,0,5.471274509803922,10.204567744061348,0.04,0.0,0.0,0.0,0.01,0.0,0.0033333333333333335,0.06,0.0,0.0,0.0,0.0,0.0,0.01,0.0,0.0,0.03,0.0,0.17,1.8651171177347958,-0.9659258262890684,0.2588190451025203
window-agent3,2024-12-11 20:00:00+00:00,11,3,1,10,1,11-12-December.csv,0,0,0,0,1,0,1,9,0,0,0,0,0,0,0,0,0,0,11,3,0,9.768181818181818,21.334423375466148,0.0,0.0,0.0,0.0,0.0033333333333333335,0.0,0.0033333333333333335,0.03,0.0,0.0,0.0,0.0,0.0,0.0,0.0,0.0,0.0,0.0,0.03666666666666667,2.1840731235935564,-0.8660254037844386,0.5000000000000001
window-agent3,2024-12-11 21:25:00+00:00,80,17,1,6,1,12-13-December.csv,12,0,0,0,18,0,1,5,21,0,0,0,0,0,0,0,0,21,80,17,0,5.290625,19.092559555070768,0.04,0.0,0.0,0.0,0.06,0.0,0.0033333333333333335,0.016666666666666666,0.07,0.0,0.0,0.0,0.0,0.0,0.0,0.0,0.0,0.07,0.26666666666666666,3.6087531350399558,-0.7071067811865477,0.7071067811865474
window-agent3,2024-12-11 21:30:00+00:00,41,12,1,9,1,12-13-December.csv,8,0,0,0,7,0,0,8,0,0,0,0,0,0,0,0,0,0,41,12,0,7.0925365853658535,9.612869298751441,0.02666666666666667,0.0,0.0,0.0,0.023333333333333334,0.0,0.0,0.02666666666666667,0.0,0.0,0.0,0.0,0.0,0.0,0.0,0.0,0.0,0.0,0.13666666666666666,1.3553499771274824,-0.7071067811865477,0.7071067811865474
window-agent3,2024-12-11 22:45:00+00:00,4,2,1,1,1,12-13-December.csv,0,0,0,0,1,0,0,0,0,0,0,0,0,0,0,0,0,0,4,2,0,218.82675,313.79565357556606,0.0,0.0,0.0,0.0,0.0033333333333333335,0.0,0.0,0.0,0.0,0.0,0.0,0.0,0.0,0.0,0.0,0.0,0.0,0.0,0.013333333333333334,1.4339912902584626,-0.5000000000000004,0.8660254037844384
window-agent3,2024-12-11 23:00:00+00:00,8,3,1,1,1,12-13-December.csv,0,0,0,0,3,0,1,0,0,0,0,0,0,0,0,0,0,0,8,3,0,35.0135,40.495496970121785,0.0,0.0,0.0,0.0,0.01,0.0,0.0033333333333333335,0.0,0.0,0.0,0.0,0.0,0.0,0.0,0.0,0.0,0.0,0.0,0.02666666666666667,1.15656809430996,-0.25881904510252157,0.9659258262890681
window-agent3,2024-12-11 23:15:00+00:00,4,2,1,1,1,12-13-December.csv,0,0,0,0,1,0,0,0,0,0,0,0,0,0,0,0,0,0,4,2,0,197.181,352.4990031938625,0.0,0.0,0.0,0.0,0.0033333333333333335,0.0,0.0,0.0,0.0,0.0,0.0,0.0,0.0,0.0,0.0,0.0,0.0,0.0,0.013333333333333334,1.787692542353789,-0.25881904510252157,0.9659258262890681
window-agent3,2024-12-11 23:30:00+00:00,6,1,1,1,1,12-13-December.csv,0,0,0,0,0,0,1,0,0,0,0,0,0,0,0,0,0,0,6,1,0,145.93866666666665,352.279050142166,0.0,0.0,0.0,0.0,0.0,0.0,0.0033333333333333335,0.0,0.0,0.0,0.0,0.0,0.0,0.0,0.0,0.0,0.0,0.0,0.02,2.413884258287724,-0.25881904510252157,0.9659258262890681
window-agent3,2024-12-11 23:35:00+00:00,6,4,1,1,1,12-13-December.csv,0,0,0,0,3,0,0,0,0,0,0,0,0,0,0,0,0,0,6,4,0,30.233166666666666,34.8780568920728,0.0,0.0,0.0,0.0,0.01,0.0,0.0,0.0,0.0,0.0,0.0,0.0,0.0,0.0,0.0,0.0,0.0,0.0,0.02,1.1536355842779553,-0.25881904510252157,0.9659258262890681
window-agent3,2024-12-11 23:55:00+00:00,1,1,1,1,1,12-13-December.csv,0,0,0,0,0,0,0,0,0,0,0,0,0,0,0,0,0,0,1,1,0,431.272,,0.0,0.0,0.0,0.0,0.0,0.0,0.0,0.0,0.0,0.0,0.0,0.0,0.0,0.0,0.0,0.0,0.0,0.0,0.0033333333333333335,0.0,-0.25881904510252157,0.9659258262890681
window-agent3,2024-12-12 00:30:00+00:00,2,1,1,1,1,12-13-December.csv,0,0,0,0,0,0,1,0,0,0,0,0,0,0,0,0,0,0,2,1,0,151.5775,55.707993542219754,0.0,0.0,0.0,0.0,0.0,0.0,0.0033333333333333335,0.0,0.0,0.0,0.0,0.0,0.0,0.0,0.0,0.0,0.0,0.0,0.006666666666666667,0.3675215222722354,0.0,1.0
window-agent3,2024-12-12 00:45:00+00:00,1,1,1,1,1,12-13-December.csv,0,0,0,0,0,0,0,0,0,0,0,0,0,0,0,0,0,0,1,1,0,832.329,,0.0,0.0,0.0,0.0,0.0,0.0,0.0,0.0,0.0,0.0,0.0,0.0,0.0,0.0,0.0,0.0,0.0,0.0,0.0033333333333333335,0.0,0.0,1.0
window-agent3,2024-12-12 04:40:00+00:00,11,5,1,1,1,12-13-December.csv,0,0,0,0,4,0,1,0,0,0,0,0,0,0,0,0,0,0,11,5,0,1145.1626363636365,3783.993908277794,0.0,0.0,0.0,0.0,0.013333333333333334,0.0,0.0033333333333333335,0.0,0.0,0.0,0.0,0.0,0.0,0.0,0.0,0.0,0.0,0.0,0.03666666666666667,3.304328824675537,0.8660254037844386,0.5000000000000001
window-agent3,2024-12-12 04:55:00+00:00,9,5,1,1,1,12-13-December.csv,1,0,0,0,4,0,0,0,0,0,0,0,0,1,0,0,0,0,9,5,0,40.077222222222225,87.1866031334198,0.0033333333333333335,0.0,0.0,0.0,0.013333333333333334,0.0,0.0,0.0,0.0,0.0,0.0,0.0,0.0,0.0033333333333333335,0.0,0.0,0.0,0.0,0.03,2.175465221865504,0.8660254037844386,0.5000000000000001
window-agent3,2024-12-12 05:10:00+00:00,5,2,1,1,1,12-13-December.csv,0,0,0,0,1,0,1,0,0,0,0,0,0,0,0,0,0,0,5,2,0,53.5504,70.31815901529275,0.0,0.0,0.0,0.0,0.0033333333333333335,0.0,0.0033333333333333335,0.0,0.0,0.0,0.0,0.0,0.0,0.0,0.0,0.0,0.0,0.0,0.016666666666666666,1.3131210787462417,0.9659258262890683,0.25881904510252074
window-agent3,2024-12-12 05:15:00+00:00,2,2,1,1,1,12-13-December.csv,0,0,0,0,1,0,0,0,0,0,0,0,0,0,0,0,0,0,2,2,0,162.505,95.1610163985232,0.0,0.0,0.0,0.0,0.0033333333333333335,0.0,0.0,0.0,0.0,0.0,0.0,0.0,0.0,0.0,0.0,0.0,0.0,0.0,0.006666666666666667,0.5855882366605533,0.9659258262890683,0.25881904510252074
window-agent3,2024-12-12 05:25:00+00:00,5,3,1,1,1,12-13-December.csv,0,0,0,0,2,0,0,0,0,0,0,0,0,0,0,0,0,0,5,3,0,115.18820000000001,188.62658676522778,0.0,0.0,0.0,0.0,0.006666666666666667,0.0,0.0,0.0,0.0,0.0,0.0,0.0,0.0,0.0,0.0,0.0,0.0,0.0,0.016666666666666666,1.637551300959888,0.9659258262890683,0.25881904510252074
window-agent3,2024-12-12 05:30:00+00:00,1,1,1,1,1,12-13-December.csv,0,0,0,0,0,0,0,0,0,0,0,0,0,0,0,0,0,0,1,1,0,402.969,,0.0,0.0,0.0,0.0,0.0,0.0,0.0,0.0,0.0,0.0,0.0,0.0,0.0,0.0,0.0,0.0,0.0,0.0,0.0033333333333333335,0.0,0.9659258262890683,0.25881904510252074
window-agent3,2024-12-12 05:55:00+00:00,3,1,1,1,1,12-13-December.csv,0,0,0,0,0,0,0,0,0,0,0,0,0,0,0,0,0,0,3,1,0,109.44833333333332,166.14525462177164,0.0,0.0,0.0,0.0,0.0,0.0,0.0,0.0,0.0,0.0,0.0,0.0,0.0,0.0,0.0,0.0,0.0,0.0,0.01,1.5180245286674534,0.9659258262890683,0.25881904510252074
window-agent3,2024-12-12 06:10:00+00:00,4,1,1,1,1,12-13-December.csv,0,0,0,0,0,0,1,0,0,0,0,0,0,0,0,0,0,0,4,1,0,224.8265,431.7741370157164,0.0,0.0,0.0,0.0,0.0,0.0,0.0033333333333333335,0.0,0.0,0.0,0.0,0.0,0.0,0.0,0.0,0.0,0.0,0.0,0.013333333333333334,1.9204770657183046,1.0,6.123233995736766e-17
window-agent3,2024-12-12 06:15:00+00:00,2,2,1,1,1,12-13-December.csv,0,0,0,0,1,0,0,0,0,0,0,0,0,0,0,0,0,0,2,2,0,162.3535,107.18536721260044,0.0,0.0,0.0,0.0,0.0033333333333333335,0.0,0.0,0.0,0.0,0.0,0.0,0.0,0.0,0.0,0.0,0.0,0.0,0.0,0.006666666666666667,0.6601974531660878,1.0,6.123233995736766e-17
window-agent3,2024-12-12 06:25:00+00:00,4,1,1,1,1,12-13-December.csv,0,0,0,0,0,0,0,0,0,0,0,0,0,0,0,0,0,0,4,1,0,173.4955,254.91999637337202,0.0,0.0,0.0,0.0,0.0,0.0,0.0,0.0,0.0,0.0,0.0,0.0,0.0,0.0,0.0,0.0,0.0,0.0,0.013333333333333334,1.4693176271048645,1.0,6.123233995736766e-17
window-agent3,2024-12-12 06:40:00+00:00,23,3,1,1,1,12-13-December.csv,0,0,0,0,5,0,1,0,0,0,0,0,0,0,0,0,0,0,23,3,0,20.47321739130435,55.60833067900112,0.0,0.0,0.0,0.0,0.016666666666666666,0.0,0.0033333333333333335,0.0,0.0,0.0,0.0,0.0,0.0,0.0,0.0,0.0,0.0,0.0,0.07666666666666666,2.71615006162245,1.0,6.123233995736766e-17
window-agent3,2024-12-12 07:05:00+00:00,705,18,1,77,1,12-13-December.csv,31,0,0,0,16,0,521,76,20,0,0,0,0,0,1,0,75,20,705,19,0,2.1715148936170214,49.526302794921236,0.10333333333333333,0.0,0.0,0.0,0.05333333333333334,0.0,1.7366666666666666,0.25333333333333335,0.06666666666666667,0.0,0.0,0.0,0.0,0.0,0.0033333333333333335,0.0,0.25,0.06666666666666667,2.35,22.80725908926505,0.9659258262890683,-0.25881904510252063
window-agent3,2024-12-12 07:10:00+00:00,189,15,1,18,1,12-13-December.csv,34,0,0,0,4,0,127,19,0,0,0,0,0,1,6,0,19,0,189,17,0,1.575915343915344,6.257097497976055,0.11333333333333333,0.0,0.0,0.0,0.013333333333333334,0.0,0.42333333333333334,0.06333333333333334,0.0,0.0,0.0,0.0,0.0,0.0033333333333333335,0.02,0.0,0.06333333333333334,0.0,0.63,3.9704528051807446,0.9659258262890683,-0.25881904510252063
window-agent3,2024-12-12 07:15:00+00:00,77,13,1,59,1,12-13-December.csv,9,0,0,0,4,0,0,59,0,0,0,0,0,1,2,0,58,0,77,13,0,2.9885714285714284,8.566407669109815,0.03,0.0,0.0,0.0,0.013333333333333334,0.0,0.0,0.19666666666666666,0.0,0.0,0.0,0.0,0.0,0.0033333333333333335,0.006666666666666667,0.0,0.19333333333333333,0.0,0.25666666666666665,2.86638879941533,0.9659258262890683,-0.25881904510252063
window-agent3,2024-12-12 07:20:00+00:00,11,5,1,1,1,12-13-December.csv,0,0,0,0,5,0,0,0,0,0,0,0,0,0,0,0,0,0,11,5,0,25.201727272727272,29.273246092946064,0.0,0.0,0.0,0.0,0.016666666666666666,0.0,0.0,0.0,0.0,0.0,0.0,0.0,0.0,0.0,0.0,0.0,0.0,0.0,0.03666666666666667,1.1615571336106354,0.9659258262890683,-0.25881904510252063
window-agent3,2024-12-12 07:35:00+00:00,2,2,1,1,1,12-13-December.csv,0,0,0,0,1,0,0,0,0,0,0,0,0,0,0,0,0,0,2,2,0,219.983,221.94101962458404,0.0,0.0,0.0,0.0,0.0033333333333333335,0.0,0.0,0.0,0.0,0.0,0.0,0.0,0.0,0.0,0.0,0.0,0.0,0.0,0.006666666666666667,1.0089007769899676,0.9659258262890683,-0.25881904510252063
window-agent3,2024-12-12 07:55:00+00:00,4,2,1,1,1,12-13-December.csv,0,0,0,0,1,0,0,0,0,0,0,0,0,0,0,0,0,0,4,2,0,59.17725,46.03286785457394,0.0,0.0,0.0,0.0,0.0033333333333333335,0.0,0.0,0.0,0.0,0.0,0.0,0.0,0.0,0.0,0.0,0.0,0.0,0.0,0.013333333333333334,0.7778811596445244,0.9659258262890683,-0.25881904510252063
window-agent3,2024-12-12 08:05:00+00:00,3,2,1,1,1,12-13-December.csv,0,0,0,0,1,0,1,0,0,0,0,0,0,0,0,0,0,0,3,2,0,114.38900000000001,87.26342751118591,0.0,0.0,0.0,0.0,0.0033333333333333335,0.0,0.0033333333333333335,0.0,0.0,0.0,0.0,0.0,0.0,0.0,0.0,0.0,0.0,0.0,0.01,0.7628655509811774,0.8660254037844387,-0.4999999999999998
window-agent3,2024-12-12 08:15:00+00:00,4,3,1,1,1,12-13-December.csv,0,0,0,0,1,0,0,0,1,0,0,0,0,0,0,0,0,1,4,3,0,107.10525,99.01149301427922,0.0,0.0,0.0,0.0,0.0033333333333333335,0.0,0.0,0.0,0.0033333333333333335,0.0,0.0,0.0,0.0,0.0,0.0,0.0,0.0,0.0033333333333333335,0.013333333333333334,0.9244317436753028,0.8660254037844387,-0.4999999999999998
window-agent3,2024-12-12 08:35:00+00:00,2,1,1,1,1,12-13-December.csv,0,0,0,0,0,0,1,0,0,0,0,0,0,0,0,0,0,0,2,1,0,556.3344999999999,389.23187745160334,0.0,0.0,0.0,0.0,0.0,0.0,0.0033333333333333335,0.0,0.0,0.0,0.0,0.0,0.0,0.0,0.0,0.0,0.0,0.0,0.006666666666666667,0.6996364191895404,0.8660254037844387,-0.4999999999999998
window-agent3,2024-12-12 08:40:00+00:00,2,1,1,1,1,12-13-December.csv,0,0,0,0,0,0,0,0,0,0,0,0,0,0,0,0,0,0,2,1,0,129.487,39.675761492377184,0.0,0.0,0.0,0.0,0.0,0.0,0.0,0.0,0.0,0.0,0.0,0.0,0.0,0.0,0.0,0.0,0.0,0.0,0.006666666666666667,0.3064072956542138,0.8660254037844387,-0.4999999999999998
window-agent3,2024-12-12 08:50:00+00:00,2,1,1,1,1,12-13-December.csv,0,0,0,0,0,0,0,0,0,0,0,0,0,0,0,0,0,0,2,1,0,224.7495,191.3636010857342,0.0,0.0,0.0,0.0,0.0,0.0,0.0,0.0,0.0,0.0,0.0,0.0,0.0,0.0,0.0,0.0,0.0,0.0,0.006666666666666667,0.8514528445479709,0.8660254037844387,-0.4999999999999998
window-agent3,2024-12-12 09:05:00+00:00,4,2,1,1,1,12-13-December.csv,0,0,0,0,1,0,1,0,0,0,0,0,0,0,0,0,0,0,4,2,0,166.3115,160.12425652078244,0.0,0.0,0.0,0.0,0.0033333333333333335,0.0,0.0033333333333333335,0.0,0.0,0.0,0.0,0.0,0.0,0.0,0.0,0.0,0.0,0.0,0.013333333333333334,0.9627972600859378,0.7071067811865476,-0.7071067811865475
window-agent3,2024-12-12 09:10:00+00:00,7,4,1,1,1,12-13-December.csv,0,0,0,0,3,0,0,0,0,0,0,0,0,0,0,0,0,0,7,4,0,18.883857142857146,28.245427396474707,0.0,0.0,0.0,0.0,0.01,0.0,0.0,0.0,0.0,0.0,0.0,0.0,0.0,0.0,0.0,0.0,0.0,0.0,0.023333333333333334,1.4957446025352183,0.7071067811865476,-0.7071067811865475
window-agent3,2024-12-12 09:15:00+00:00,2,2,1,1,1,12-13-December.csv,0,0,0,0,1,0,0,0,0,0,0,0,0,0,0,0,0,0,2,2,0,175.8145,78.91099546007514,0.0,0.0,0.0,0.0,0.0033333333333333335,0.0,0.0,0.0,0.0,0.0,0.0,0.0,0.0,0.0,0.0,0.0,0.0,0.0,0.006666666666666667,0.44883098640939817,0.7071067811865476,-0.7071067811865475
window-agent3,2024-12-12 09:35:00+00:00,70,9,1,18,1,12-13-December.csv,47,0,0,0,0,0,1,18,0,0,0,0,0,2,1,0,18,0,70,13,0,4.286771428571429,9.948540494765222,0.15666666666666668,0.0,0.0,0.0,0.0,0.0,0.0033333333333333335,0.06,0.0,0.0,0.0,0.0,0.0,0.006666666666666667,0.0033333333333333335,0.0,0.06,0.0,0.23333333333333334,2.3207536628750423,0.7071067811865476,-0.7071067811865475
window-agent3,2024-12-12 09:40:00+00:00,66,13,1,20,1,12-13-December.csv,34,0,0,0,0,0,0,22,4,0,0,0,0,3,19,0,22,0,66,18,0,4.457166666666667,9.900514663519473,0.11333333333333333,0.0,0.0,0.0,0.0,0.0,0.0,0.07333333333333333,0.013333333333333334,0.0,0.0,0.0,0.0,0.01,0.06333333333333334,0.0,0.07333333333333333,0.0,0.22,2.2212574498417097,0.7071067811865476,-0.7071067811865475
window-agent3,2024-12-12 09:45:00+00:00,57,11,1,24,1,12-13-December.csv,23,0,0,0,1,0,0,23,2,0,0,0,0,4,2,0,23,0,57,13,0,5.1974912280701755,9.304380026791542,0.07666666666666666,0.0,0.0,0.0,0.0033333333333333335,0.0,0.0,0.07666666666666666,0.006666666666666667,0.0,0.0,0.0,0.0,0.013333333333333334,0.006666666666666667,0.0,0.07666666666666666,0.0,0.19,1.7901675286225063,0.7071067811865476,-0.7071067811865475
window-agent3,2024-12-12 09:50:00+00:00,33,9,1,7,1,12-13-December.csv,19,0,0,0,0,0,1,6,0,0,0,0,0,3,1,0,6,0,33,11,0,8.560272727272729,22.026412474959365,0.06333333333333334,0.0,0.0,0.0,0.0,0.0,0.0033333333333333335,0.02,0.0,0.0,0.0,0.0,0.0,0.01,0.0033333333333333335,0.0,0.02,0.0,0.11,2.573097046871414,0.7071067811865476,-0.7071067811865475
window-agent3,2024-12-12 09:55:00+00:00,2,2,1,1,1,12-13-December.csv,0,0,0,0,1,0,0,0,0,0,0,0,0,0,0,0,0,0,2,2,0,62.196999999999996,85.4524402928319,0.0,0.0,0.0,0.0,0.0033333333333333335,0.0,0.0,0.0,0.0,0.0,0.0,0.0,0.0,0.0,0.0,0.0,0.0,0.0,0.006666666666666667,1.3738997104817259,0.7071067811865476,-0.7071067811865475
window-agent3,2024-12-12 10:00:00+00:00,6,3,1,1,1,12-13-December.csv,0,0,0,0,2,0,0,0,0,0,0,0,0,0,0,0,0,0,6,3,0,57.74316666666667,111.81333664714,0.0,0.0,0.0,0.0,0.006666666666666667,0.0,0.0,0.0,0.0,0.0,0.0,0.0,0.0,0.0,0.0,0.0,0.0,0.0,0.02,1.9363907991503757,0.49999999999999994,-0.8660254037844387
window-agent3,2024-12-12 10:15:00+00:00,21,9,1,5,1,12-13-December.csv,9,0,0,0,2,0,0,4,4,0,0,0,0,1,1,0,4,0,21,12,0,12.765095238095238,21.247065599524,0.03,0.0,0.0,0.0,0.006666666666666667,0.0,0.0,0.013333333333333334,0.013333333333333334,0.0,0.0,0.0,0.0,0.0033333333333333335,0.0033333333333333335,0.0,0.013333333333333334,0.0,0.07,1.6644658894604856,0.49999999999999994,-0.8660254037844387
window-agent3,2024-12-12 10:20:00+00:00,18,8,1,3,1,12-13-December.csv,11,0,0,0,1,0,0,2,0,0,0,0,0,0,0,0,2,0,18,8,0,17.11327777777778,21.670699507713056,0.03666666666666667,0.0,0.0,0.0,0.0033333333333333335,0.0,0.0,0.006666666666666667,0.0,0.0,0.0,0.0,0.0,0.0,0.0,0.0,0.006666666666666667,0.0,0.06,1.2663091074144346,0.49999999999999994,-0.8660254037844387
window-agent3,2024-12-12 10:30:00+00:00,14,3,1,9,1,12-13-December.csv,3,0,0,0,0,0,0,8,0,0,0,0,0,0,0,0,8,0,14,3,0,19.892285714285716,20.85674674251281,0.01,0.0,0.0,0.0,0.0,0.0,0.0,0.02666666666666667,0.0,0.0,0.0,0.0,0.0,0.0,0.0,0.0,0.02666666666666667,0.0,0.04666666666666667,1.048484173316215,0.49999999999999994,-0.8660254037844387
window-agent3,2024-12-12 10:35:00+00:00,23,8,1,12,1,12-13-December.csv,6,0,0,0,1,0,1,11,0,0,0,0,0,3,0,0,10,0,23,10,0,14.579695652173914,17.299061447044366,0.02,0.0,0.0,0.0,0.0033333333333333335,0.0,0.0033333333333333335,0.03666666666666667,0.0,0.0,0.0,0.0,0.0,0.01,0.0,0.0,0.03333333333333333,0.0,0.07666666666666666,1.1865173224288108,0.49999999999999994,-0.8660254037844387
window-agent3,2024-12-12 10:45:00+00:00,9,4,1,5,1,12-13-December.csv,2,0,0,0,0,0,0,4,0,0,0,0,0,0,0,0,4,0,9,5,0,24.123222222222225,36.452777859779694,0.006666666666666667,0.0,0.0,0.0,0.0,0.0,0.0,0.013333333333333334,0.0,0.0,0.0,0.0,0.0,0.0,0.0,0.0,0.013333333333333334,0.0,0.03,1.511107327370202,0.49999999999999994,-0.8660254037844387
window-agent3,2024-12-12 10:50:00+00:00,15,6,1,5,1,12-13-December.csv,3,0,0,0,2,0,0,4,0,0,0,0,0,0,0,0,4,0,15,6,0,25.994666666666667,30.271073511255086,0.01,0.0,0.0,0.0,0.006666666666666667,0.0,0.0,0.013333333333333334,0.0,0.0,0.0,0.0,0.0,0.0,0.0,0.0,0.013333333333333334,0.0,0.05,1.1645109321625622,0.49999999999999994,-0.8660254037844387
window-agent3,2024-12-12 11:00:00+00:00,14,5,1,5,1,12-13-December.csv,6,0,0,0,0,0,0,4,0,0,0,0,0,2,1,0,4,0,14,6,0,24.020857142857146,27.384905162283342,0.02,0.0,0.0,0.0,0.0,0.0,0.0,0.013333333333333334,0.0,0.0,0.0,0.0,0.0,0.006666666666666667,0.0033333333333333335,0.0,0.013333333333333334,0.0,0.04666666666666667,1.1400469599989496,0.258819045102521,-0.9659258262890682
window-agent3,2024-12-12 11:05:00+00:00,13,7,1,7,1,12-13-December.csv,4,0,0,0,2,0,0,6,0,0,0,0,0,1,0,0,6,0,13,7,0,23.043692307692307,20.680693304725125,0.013333333333333334,0.0,0.0,0.0,0.006666666666666667,0.0,0.0,0.02,0.0,0.0,0.0,0.0,0.0,0.0033333333333333335,0.0,0.0,0.02,0.0,0.043333333333333335,0.8974557127644696,0.258819045102521,-0.9659258262890682
window-agent3,2024-12-12 11:10:00+00:00,15,5,1,5,1,12-13-December.csv,6,0,0,0,0,0,1,5,0,0,0,0,0,1,0,0,5,0,15,6,0,19.863733333333336,28.293055691324348,0.02,0.0,0.0,0.0,0.0,0.0,0.0033333333333333335,0.016666666666666666,0.0,0.0,0.0,0.0,0.0,0.0033333333333333335,0.0,0.0,0.016666666666666666,0.0,0.05,1.4243574063615607,0.258819045102521,-0.9659258262890682
window-agent3,2024-12-12 11:15:00+00:00,20,9,2,3,1,12-13-December.csv,8,1,0,0,1,0,0,2,0,0,0,0,0,0,0,0,2,0,20,10,1,14.1227,17.508728680590327,0.02666666666666667,0.0033333333333333335,0.0,0.0,0.0033333333333333335,0.0,0.0,0.006666666666666667,0.0,0.0,0.0,0.0,0.0,0.0,0.0,0.0,0.006666666666666667,0.0,0.06666666666666667,1.2397578848655233,0.258819045102521,-0.9659258262890682
window-agent3,2024-12-12 11:20:00+00:00,27,7,1,5,1,12-13-December.csv,2,0,0,0,5,0,0,4,1,0,0,0,0,2,0,0,4,0,27,8,0,10.145814814814814,12.221163573071598,0.006666666666666667,0.0,0.0,0.0,0.016666666666666666,0.0,0.0,0.013333333333333334,0.0033333333333333335,0.0,0.0,0.0,0.0,0.006666666666666667,0.0,0.0,0.013333333333333334,0.0,0.09,1.204552201684815,0.258819045102521,-0.9659258262890682
window-agent3,2024-12-12 11:30:00+00:00,14,9,1,5,1,12-13-December.csv,5,0,0,0,3,0,0,4,0,0,0,0,0,2,0,0,4,0,14,9,0,19.879571428571428,26.58384747784404,0.016666666666666666,0.0,0.0,0.0,0.01,0.0,0.0,0.013333333333333334,0.0,0.0,0.0,0.0,0.0,0.006666666666666667,0.0,0.0,0.013333333333333334,0.0,0.04666666666666667,1.3372444961080525,0.258819045102521,-0.9659258262890682
window-agent3,2024-12-12 11:35:00+00:00,15,4,1,7,1,12-13-December.csv,3,0,0,0,0,0,0,6,0,0,0,0,0,2,2,0,6,0,15,4,0,20.9416,27.309790936062264,0.01,0.0,0.0,0.0,0.0,0.0,0.0,0.02,0.0,0.0,0.0,0.0,0.0,0.006666666666666667,0.006666666666666667,0.0,0.02,0.0,0.05,1.304092855181183,0.258819045102521,-0.9659258262890682
window-agent3,2024-12-12 11:40:00+00:00,17,6,1,3,1,12-13-December.csv,4,0,0,0,2,0,1,2,0,0,0,0,0,0,0,0,2,0,17,6,0,15.950117647058823,21.01016122582818,0.013333333333333334,0.0,0.0,0.0,0.006666666666666667,0.0,0.0033333333333333335,0.006666666666666667,0.0,0.0,0.0,0.0,0.0,0.0,0.0,0.0,0.006666666666666667,0.0,0.056666666666666664,1.317241771549091,0.258819045102521,-0.9659258262890682
window-agent3,2024-12-12 11:50:00+00:00,14,8,1,5,1,12-13-December.csv,5,0,0,0,3,0,0,4,0,0,0,0,0,1,0,0,4,0,14,9,0,26.06385714285714,38.78044773982244,0.016666666666666666,0.0,0.0,0.0,0.01,0.0,0.0,0.013333333333333334,0.0,0.0,0.0,0.0,0.0,0.0033333333333333335,0.0,0.0,0.013333333333333334,0.0,0.04666666666666667,1.4879013312291083,0.258819045102521,-0.9659258262890682
window-agent3,2024-12-12 11:55:00+00:00,16,5,1,6,1,12-13-December.csv,2,0,0,0,1,0,0,5,0,0,0,0,0,1,1,0,5,0,16,5,0,15.2460625,21.097549533753124,0.006666666666666667,0.0,0.0,0.0,0.0033333333333333335,0.0,0.0,0.016666666666666666,0.0,0.0,0.0,0.0,0.0,0.0033333333333333335,0.0033333333333333335,0.0,0.016666666666666666,0.0,0.05333333333333334,1.3838031645057944,0.258819045102521,-0.9659258262890682
window-agent3,2024-12-12 12:00:00+00:00,15,3,1,5,1,12-13-December.csv,2,0,0,0,0,0,1,4,0,0,0,0,0,0,1,0,4,0,15,4,0,22.82153333333333,31.45264945884452,0.006666666666666667,0.0,0.0,0.0,0.0,0.0,0.0033333333333333335,0.013333333333333334,0.0,0.0,0.0,0.0,0.0,0.0,0.0033333333333333335,0.0,0.013333333333333334,0.0,0.05,1.3782005354085698,1.2246467991473532e-16,-1.0
window-agent3,2024-12-12 12:05:00+00:00,29,6,1,4,1,12-13-December.csv,6,0,0,0,1,0,1,3,0,0,0,0,0,4,0,0,3,0,29,6,0,11.057620689655172,18.13991860789307,0.02,0.0,0.0,0.0,0.0033333333333333335,0.0,0.0033333333333333335,0.01,0.0,0.0,0.0,0.0,0.0,0.013333333333333334,0.0,0.0,0.01,0.0,0.09666666666666666,1.6404902209083423,1.2246467991473532e-16,-1.0
window-agent3,2024-12-12 12:15:00+00:00,13,7,1,5,1,12-13-December.csv,4,0,0,0,2,0,0,4,0,0,0,0,0,1,0,0,4,0,13,7,0,26.610999999999997,26.135432210570638,0.013333333333333334,0.0,0.0,0.0,0.006666666666666667,0.0,0.0,0.013333333333333334,0.0,0.0,0.0,0.0,0.0,0.0033333333333333335,0.0,0.0,0.013333333333333334,0.0,0.043333333333333335,0.9821289019792808,1.2246467991473532e-16,-1.0
window-agent3,2024-12-12 12:20:00+00:00,27,6,1,4,1,12-13-December.csv,4,0,0,0,1,0,0,3,0,0,0,0,0,0,0,0,3,0,27,6,0,10.499814814814815,18.735218711205246,0.013333333333333334,0.0,0.0,0.0,0.0033333333333333335,0.0,0.0,0.01,0.0,0.0,0.0,0.0,0.0,0.0,0.0,0.0,0.01,0.0,0.09,1.7843380137305476,1.2246467991473532e-16,-1.0
window-agent3,2024-12-12 12:25:00+00:00,13,4,1,3,1,12-13-December.csv,6,0,0,0,0,0,0,2,0,0,0,0,0,2,0,0,2,0,13,4,0,23.092615384615385,27.60706175823637,0.02,0.0,0.0,0.0,0.0,0.0,0.0,0.006666666666666667,0.0,0.0,0.0,0.0,0.0,0.006666666666666667,0.0,0.0,0.006666666666666667,0.0,0.043333333333333335,1.1954930742330976,1.2246467991473532e-16,-1.0
window-agent3,2024-12-12 12:35:00+00:00,3,1,1,1,1,12-13-December.csv,0,0,0,0,0,0,1,0,0,0,0,0,0,0,0,0,0,0,3,1,0,144.41866666666667,47.44283497361149,0.0,0.0,0.0,0.0,0.0,0.0,0.0033333333333333335,0.0,0.0,0.0,0.0,0.0,0.0,0.0,0.0,0.0,0.0,0.0,0.01,0.3285090221966562,1.2246467991473532e-16,-1.0
window-agent3,2024-12-12 12:50:00+00:00,11,3,1,1,1,12-13-December.csv,0,0,0,0,2,0,0,0,0,0,0,0,0,0,0,0,0,0,11,3,0,64.24945454545454,183.58247041826388,0.0,0.0,0.0,0.0,0.006666666666666667,0.0,0.0,0.0,0.0,0.0,0.0,0.0,0.0,0.0,0.0,0.0,0.0,0.0,0.03666666666666667,2.8573389722458242,1.2246467991473532e-16,-1.0
window-agent3,2024-12-12 13:05:00+00:00,2,1,1,1,1,12-13-December.csv,0,0,0,0,0,0,0,0,0,0,0,0,0,0,0,0,0,0,2,1,0,378.659,349.6402616661874,0.0,0.0,0.0,0.0,0.0,0.0,0.0,0.0,0.0,0.0,0.0,0.0,0.0,0.0,0.0,0.0,0.0,0.0,0.006666666666666667,0.9233644563213536,-0.2588190451025208,-0.9659258262890683
window-agent3,2024-12-12 13:15:00+00:00,2,2,1,1,1,12-13-December.csv,0,0,0,0,1,0,0,0,0,0,0,0,0,0,0,0,0,0,2,2,0,241.841,174.5224388782142,0.0,0.0,0.0,0.0,0.0033333333333333335,0.0,0.0,0.0,0.0,0.0,0.0,0.0,0.0,0.0,0.0,0.0,0.0,0.0,0.006666666666666667,0.721641238988485,-0.2588190451025208,-0.9659258262890683
window-agent3,2024-12-12 13:35:00+00:00,3,2,1,1,1,12-13-December.csv,0,0,0,0,1,0,0,0,0,0,0,0,0,0,0,0,0,0,3,2,0,135.092,82.42507081586282,0.0,0.0,0.0,0.0,0.0033333333333333335,0.0,0.0,0.0,0.0,0.0,0.0,0.0,0.0,0.0,0.0,0.0,0.0,0.0,0.01,0.610140280815021,-0.2588190451025208,-0.9659258262890683
window-agent3,2024-12-12 13:50:00+00:00,1,1,1,1,1,12-13-December.csv,0,0,0,0,0,0,0,0,0,0,0,0,0,0,0,0,0,0,1,1,0,674.902,,0.0,0.0,0.0,0.0,0.0,0.0,0.0,0.0,0.0,0.0,0.0,0.0,0.0,0.0,0.0,0.0,0.0,0.0,0.0033333333333333335,0.0,-0.2588190451025208,-0.9659258262890683
window-agent3,2024-12-12 14:05:00+00:00,5,3,1,1,1,12-13-December.csv,0,0,0,0,2,0,0,0,0,0,0,0,0,0,0,0,0,0,5,3,0,133.1038,191.5941851706361,0.0,0.0,0.0,0.0,0.006666666666666667,0.0,0.0,0.0,0.0,0.0,0.0,0.0,0.0,0.0,0.0,0.0,0.0,0.0,0.016666666666666666,1.4394343750564305,-0.4999999999999997,-0.8660254037844388
window-agent3,2024-12-12 14:15:00+00:00,2,2,1,1,1,12-13-December.csv,0,0,0,0,1,0,0,0,0,0,0,0,0,0,0,0,0,0,2,2,0,241.6865,173.35783400959994,0.0,0.0,0.0,0.0,0.0033333333333333335,0.0,0.0,0.0,0.0,0.0,0.0,0.0,0.0,0.0,0.0,0.0,0.0,0.0,0.006666666666666667,0.7172838946718164,-0.4999999999999997,-0.8660254037844388
window-agent3,2024-12-12 14:35:00+00:00,10,2,1,1,1,12-13-December.csv,0,0,0,0,1,0,0,0,0,0,0,0,0,0,0,0,0,0,10,2,0,52.54789999999999,110.75540080179685,0.0,0.0,0.0,0.0,0.0033333333333333335,0.0,0.0,0.0,0.0,0.0,0.0,0.0,0.0,0.0,0.0,0.0,0.0,0.0,0.03333333333333333,2.1077036532724787,-0.4999999999999997,-0.8660254037844388
window-agent3,2024-12-12 14:50:00+00:00,2,1,1,1,1,12-13-December.csv,0,0,0,0,0,0,0,0,0,0,0,0,0,0,0,0,0,0,2,1,0,148.602,7.632510596127582,0.0,0.0,0.0,0.0,0.0,0.0,0.0,0.0,0.0,0.0,0.0,0.0,0.0,0.0,0.0,0.0,0.0,0.0,0.006666666666666667,0.05136209873438838,-0.4999999999999997,-0.8660254037844388
window-agent3,2024-12-12 15:05:00+00:00,84,12,1,29,1,12-13-December.csv,29,0,0,0,6,0,0,28,0,0,0,0,0,0,1,0,0,0,84,12,0,4.279952380952381,20.727962039500127,0.09666666666666666,0.0,0.0,0.0,0.02,0.0,0.0,0.09333333333333334,0.0,0.0,0.0,0.0,0.0,0.0,0.0033333333333333335,0.0,0.0,0.0,0.28,4.84303566828183,-0.7071067811865471,-0.7071067811865479
window-agent3,2024-12-12 15:10:00+00:00,87,11,1,46,1,12-13-December.csv,1,0,0,0,8,0,0,45,20,0,0,0,0,0,0,0,45,20,87,11,0,2.5533333333333337,10.636699395900953,0.0033333333333333335,0.0,0.0,0.0,0.02666666666666667,0.0,0.0,0.15,0.06666666666666667,0.0,0.0,0.0,0.0,0.0,0.0,0.0,0.15,0.06666666666666667,0.29,4.16580916288549,-0.7071067811865471,-0.7071067811865479
window-agent3,2024-12-12 15:15:00+00:00,4,4,1,1,1,12-13-December.csv,0,0,0,0,3,0,0,0,0,0,0,0,0,0,0,0,0,0,4,4,0,45.81275,63.91505020663496,0.0,0.0,0.0,0.0,0.01,0.0,0.0,0.0,0.0,0.0,0.0,0.0,0.0,0.0,0.0,0.0,0.0,0.0,0.013333333333333334,1.39513672954876,-0.7071067811865471,-0.7071067811865479
window-agent3,2024-12-12 15:30:00+00:00,66,12,1,2,1,12-13-December.csv,30,0,0,0,15,0,1,1,0,0,0,0,0,0,1,0,0,0,66,13,0,16.90533333333333,108.64300245515948,0.1,0.0,0.0,0.0,0.05,0.0,0.0033333333333333335,0.0033333333333333335,0.0,0.0,0.0,0.0,0.0,0.0,0.0033333333333333335,0.0,0.0,0.0,0.22,6.426551923761307,-0.7071067811865471,-0.7071067811865479
window-agent3,2024-12-12 16:05:00+00:00,29,12,1,10,1,12-13-December.csv,8,0,0,0,4,0,0,9,0,0,0,0,0,1,1,0,8,0,29,14,0,10.465827586206897,17.71115602839264,0.02666666666666667,0.0,0.0,0.0,0.013333333333333334,0.0,0.0,0.03,0.0,0.0,0.0,0.0,0.0,0.0033333333333333335,0.0033333333333333335,0.0,0.02666666666666667,0.0,0.09666666666666666,1.692284330360505,-0.8660254037844385,-0.5000000000000004
window-agent3,2024-12-12 18:15:00+00:00,4,3,1,1,1,12-13-December.csv,0,0,0,0,2,0,0,0,0,0,0,0,0,0,0,0,0,0,4,3,0,150.29375,156.5651494519667,0.0,0.0,0.0,0.0,0.006666666666666667,0.0,0.0,0.0,0.0,0.0,0.0,0.0,0.0,0.0,0.0,0.0,0.0,0.0,0.013333333333333334,1.0417276131041158,-1.0,-1.8369701987210297e-16
window-agent3,2024-12-12 18:30:00+00:00,4,3,1,1,1,12-13-December.csv,0,0,0,0,2,0,0,0,0,0,0,0,0,0,0,0,0,0,4,3,0,119.38375,214.23074243188506,0.0,0.0,0.0,0.0,0.006666666666666667,0.0,0.0,0.0,0.0,0.0,0.0,0.0,0.0,0.0,0.0,0.0,0.0,0.0,0.013333333333333334,1.7944715460176537,-1.0,-1.8369701987210297e-16
window-agent3,2024-12-12 18:45:00+00:00,3,2,1,1,1,12-13-December.csv,0,0,0,0,1,0,0,0,0,0,0,0,0,0,0,0,0,0,3,2,0,162.912,181.90039863892548,0.0,0.0,0.0,0.0,0.0033333333333333335,0.0,0.0,0.0,0.0,0.0,0.0,0.0,0.0,0.0,0.0,0.0,0.0,0.0,0.01,1.1165561692135968,-1.0,-1.8369701987210297e-16
window-agent3,2024-12-12 18:50:00+00:00,14,4,1,6,1,12-13-December.csv,3,0,0,0,0,0,0,5,0,0,0,0,0,1,0,0,5,0,14,4,0,27.250357142857144,42.88813392035527,0.01,0.0,0.0,0.0,0.0,0.0,0.0,0.016666666666666666,0.0,0.0,0.0,0.0,0.0,0.0033333333333333335,0.0,0.0,0.016666666666666666,0.0,0.04666666666666667,1.573855846935096,-1.0,-1.8369701987210297e-16
window-agent3,2024-12-12 19:00:00+00:00,12,5,1,3,1,12-13-December.csv,6,0,0,0,0,0,0,2,0,0,0,0,0,0,0,0,2,0,12,5,0,31.638333333333335,29.904522629478134,0.02,0.0,0.0,0.0,0.0,0.0,0.0,0.006666666666666667,0.0,0.0,0.0,0.0,0.0,0.0,0.0,0.0,0.006666666666666667,0.0,0.04,0.9451990506077479,-0.9659258262890684,0.2588190451025203
window-agent3,2024-12-12 19:05:00+00:00,13,5,1,3,1,12-13-December.csv,6,0,0,0,1,0,0,2,0,0,0,0,0,0,0,0,2,0,13,5,0,23.014384615384618,22.625430207837898,0.02,0.0,0.0,0.0,0.0033333333333333335,0.0,0.0,0.006666666666666667,0.0,0.0,0.0,0.0,0.0,0.0,0.0,0.0,0.006666666666666667,0.0,0.043333333333333335,0.9830995086748175,-0.9659258262890684,0.2588190451025203
window-agent3,2024-12-12 19:15:00+00:00,20,8,2,10,1,12-13-December.csv,3,1,0,0,2,0,0,9,0,0,0,0,0,1,0,0,9,0,20,10,1,17.1607,23.087994649988435,0.01,0.0033333333333333335,0.0,0.0,0.006666666666666667,0.0,0.0,0.03,0.0,0.0,0.0,0.0,0.0,0.0033333333333333335,0.0,0.0,0.03,0.0,0.06666666666666667,1.3453993514243845,-0.9659258262890684,0.2588190451025203
window-agent3,2024-12-12 19:25:00+00:00,14,5,1,6,1,12-13-December.csv,5,0,0,0,0,0,1,5,0,0,0,0,0,1,0,0,5,0,14,6,0,25.006428571428568,29.61781231913371,0.016666666666666666,0.0,0.0,0.0,0.0,0.0,0.0033333333333333335,0.016666666666666666,0.0,0.0,0.0,0.0,0.0,0.0033333333333333335,0.0,0.0,0.016666666666666666,0.0,0.04666666666666667,1.184407930726019,-0.9659258262890684,0.2588190451025203
window-agent3,2024-12-12 19:30:00+00:00,12,5,1,5,1,12-13-December.csv,2,0,0,0,2,0,0,4,0,0,0,0,0,2,0,0,4,0,12,5,0,18.928166666666666,21.25755981392089,0.006666666666666667,0.0,0.0,0.0,0.006666666666666667,0.0,0.0,0.013333333333333334,0.0,0.0,0.0,0.0,0.0,0.006666666666666667,0.0,0.0,0.013333333333333334,0.0,0.04,1.1230649110542958,-0.9659258262890684,0.2588190451025203
window-agent3,2024-12-12 19:45:00+00:00,3,2,1,1,1,12-13-December.csv,0,0,0,0,2,0,0,0,0,0,0,0,0,0,0,0,0,0,3,2,0,156.72366666666667,142.38009023853488,0.0,0.0,0.0,0.0,0.006666666666666667,0.0,0.0,0.0,0.0,0.0,0.0,0.0,0.0,0.0,0.0,0.0,0.0,0.0,0.01,0.9084785550695483,-0.9659258262890684,0.2588190451025203
window-agent3,2024-12-12 20:00:00+00:00,2,2,1,1,1,12-13-December.csv,0,0,0,0,1,0,0,0,0,0,0,0,0,0,0,0,0,0,2,2,0,201.529,273.62062583438404,0.0,0.0,0.0,0.0,0.0033333333333333335,0.0,0.0,0.0,0.0,0.0,0.0,0.0,0.0,0.0,0.0,0.0,0.0,0.0,0.006666666666666667,1.3577233342813395,-0.8660254037844386,0.5000000000000001
window-agent3,2024-12-12 20:10:00+00:00,5,3,1,1,1,12-13-December.csv,0,0,0,0,2,0,0,0,0,0,0,0,0,0,0,0,0,0,5,3,0,60.45559999999999,92.65021698463528,0.0,0.0,0.0,0.0,0.006666666666666667,0.0,0.0,0.0,0.0,0.0,0.0,0.0,0.0,0.0,0.0,0.0,0.0,0.0,0.016666666666666666,1.532533247286195,-0.8660254037844386,0.5000000000000001
window-agent3,2024-12-12 20:30:00+00:00,1,1,1,1,1,13-14-December.csv,0,0,0,0,0,0,0,0,0,0,0,0,0,0,0,0,0,0,1,1,0,329.517,,0.0,0.0,0.0,0.0,0.0,0.0,0.0,0.0,0.0,0.0,0.0,0.0,0.0,0.0,0.0,0.0,0.0,0.0,0.0033333333333333335,0.0,-0.8660254037844386,0.5000000000000001
window-agent3,2024-12-12 20:40:00+00:00,1,1,1,1,1,13-14-December.csv,0,0,0,0,0,0,0,0,0,0,0,0,0,0,0,0,0,0,1,1,0,524.172,,0.0,0.0,0.0,0.0,0.0,0.0,0.0,0.0,0.0,0.0,0.0,0.0,0.0,0.0,0.0,0.0,0.0,0.0,0.0033333333333333335,0.0,-0.8660254037844386,0.5000000000000001
window-agent3,2024-12-12 20:55:00+00:00,17,6,1,7,1,13-14-December.csv,4,0,0,0,2,0,1,6,0,0,0,0,0,1,0,0,6,0,17,7,0,17.59735294117647,18.815669603222926,0.013333333333333334,0.0,0.0,0.0,0.006666666666666667,0.0,0.0033333333333333335,0.02,0.0,0.0,0.0,0.0,0.0,0.0033333333333333335,0.0,0.0,0.02,0.0,0.056666666666666664,1.0692329503260507,-0.8660254037844386,0.5000000000000001
window-agent3,2024-12-12 21:00:00+00:00,12,4,1,5,1,13-14-December.csv,2,0,0,0,0,0,0,4,0,0,0,0,0,0,1,0,4,0,12,4,0,21.644833333333334,29.95691024191955,0.006666666666666667,0.0,0.0,0.0,0.0,0.0,0.0,0.013333333333333334,0.0,0.0,0.0,0.0,0.0,0.0,0.0033333333333333335,0.0,0.013333333333333334,0.0,0.04,1.3840212941619425,-0.7071067811865477,0.7071067811865474
window-agent3,2024-12-12 21:10:00+00:00,15,5,1,10,1,13-14-December.csv,3,0,0,0,0,0,0,9,0,0,0,0,0,1,0,0,9,0,15,6,0,25.135133333333332,32.84489677879235,0.01,0.0,0.0,0.0,0.0,0.0,0.0,0.03,0.0,0.0,0.0,0.0,0.0,0.0033333333333333335,0.0,0.0,0.03,0.0,0.05,1.306732546162172,-0.7071067811865477,0.7071067811865474
window-agent3,2024-12-12 21:15:00+00:00,12,5,1,5,1,13-14-December.csv,1,0,0,0,2,0,0,4,0,0,0,0,0,0,0,0,4,0,12,5,0,25.229666666666663,24.762243856078122,0.0033333333333333335,0.0,0.0,0.0,0.006666666666666667,0.0,0.0,0.013333333333333334,0.0,0.0,0.0,0.0,0.0,0.0,0.0,0.0,0.013333333333333334,0.0,0.04,0.9814732863194702,-0.7071067811865477,0.7071067811865474
window-agent3,2024-12-12 21:20:00+00:00,11,8,1,2,1,13-14-December.csv,3,0,0,0,4,0,0,1,0,0,0,0,0,0,0,0,0,0,11,8,0,22.257545454545458,38.85703474369509,0.01,0.0,0.0,0.0,0.013333333333333334,0.0,0.0,0.0033333333333333335,0.0,0.0,0.0,0.0,0.0,0.0,0.0,0.0,0.0,0.0,0.03666666666666667,1.7457915484458628,-0.7071067811865477,0.7071067811865474
window-agent3,2024-12-12 21:30:00+00:00,12,8,1,4,1,13-14-December.csv,5,0,0,0,2,0,0,3,0,0,0,0,0,0,0,0,3,0,12,8,0,32.925666666666665,54.244818079004034,0.016666666666666666,0.0,0.0,0.0,0.006666666666666667,0.0,0.0,0.01,0.0,0.0,0.0,0.0,0.0,0.0,0.0,0.0,0.01,0.0,0.04,1.6474933864868553,-0.7071067811865477,0.7071067811865474
window-agent3,2024-12-12 21:35:00+00:00,28,11,1,11,1,13-14-December.csv,14,0,0,0,1,0,0,10,0,0,0,0,0,1,3,0,10,0,28,13,0,10.277,18.896787594916958,0.04666666666666667,0.0,0.0,0.0,0.0033333333333333335,0.0,0.0,0.03333333333333333,0.0,0.0,0.0,0.0,0.0,0.0033333333333333335,0.01,0.0,0.03333333333333333,0.0,0.09333333333333334,1.8387455088952962,-0.7071067811865477,0.7071067811865474
window-agent3,2024-12-12 21:40:00+00:00,29,7,1,12,1,13-14-December.csv,9,0,0,0,1,0,0,11,0,0,0,0,0,0,2,0,11,0,29,8,0,10.784413793103448,14.325107485304159,0.03,0.0,0.0,0.0,0.0033333333333333335,0.0,0.0,0.03666666666666667,0.0,0.0,0.0,0.0,0.0,0.0,0.006666666666666667,0.0,0.03666666666666667,0.0,0.09666666666666666,1.3283158231989352,-0.7071067811865477,0.7071067811865474
window-agent3,2024-12-12 21:45:00+00:00,21,5,1,9,1,13-14-December.csv,7,0,0,0,1,0,0,8,0,0,0,0,0,6,2,0,8,0,21,6,0,13.122714285714286,22.293757671471305,0.023333333333333334,0.0,0.0,0.0,0.0033333333333333335,0.0,0.0,0.02666666666666667,0.0,0.0,0.0,0.0,0.0,0.02,0.006666666666666667,0.0,0.02666666666666667,0.0,0.07,1.6988678703262514,-0.7071067811865477,0.7071067811865474
window-agent3,2024-12-12 21:50:00+00:00,27,10,1,12,1,13-14-December.csv,8,0,0,0,3,0,0,11,0,0,0,0,0,1,0,0,11,0,27,11,0,11.473740740740741,18.122094940861118,0.02666666666666667,0.0,0.0,0.0,0.01,0.0,0.0,0.03666666666666667,0.0,0.0,0.0,0.0,0.0,0.0033333333333333335,0.0,0.0,0.03666666666666667,0.0,0.09,1.5794408598159733,-0.7071067811865477,0.7071067811865474
window-agent3,2024-12-12 21:55:00+00:00,24,6,1,10,1,13-14-December.csv,7,0,0,0,1,0,1,9,0,0,0,0,0,1,0,0,9,0,24,7,0,11.366333333333335,18.11144706404276,0.023333333333333334,0.0,0.0,0.0,0.0033333333333333335,0.0,0.0033333333333333335,0.03,0.0,0.0,0.0,0.0,0.0,0.0033333333333333335,0.0,0.0,0.03,0.0,0.08,1.5934291677799428,-0.7071067811865477,0.7071067811865474
window-agent3,2024-12-12 22:00:00+00:00,22,11,1,4,1,13-14-December.csv,7,0,0,0,4,0,0,3,0,0,0,0,0,0,0,0,2,0,22,11,0,13.440227272727272,27.389338346172686,0.023333333333333334,0.0,0.0,0.0,0.013333333333333334,0.0,0.0,0.01,0.0,0.0,0.0,0.0,0.0,0.0,0.0,0.0,0.006666666666666667,0.0,0.07333333333333333,2.0378627377641716,-0.5000000000000004,0.8660254037844384
window-agent3,2024-12-12 22:15:00+00:00,2,2,1,1,1,13-14-December.csv,0,0,0,0,1,0,0,0,0,0,0,0,0,0,0,0,0,0,2,2,0,204.683,120.73424024691586,0.0,0.0,0.0,0.0,0.0033333333333333335,0.0,0.0,0.0,0.0,0.0,0.0,0.0,0.0,0.0,0.0,0.0,0.0,0.0,0.006666666666666667,0.5898596378151378,-0.5000000000000004,0.8660254037844384
window-agent3,2024-12-12 22:30:00+00:00,3,2,1,1,1,13-14-December.csv,0,0,0,0,1,0,0,0,0,0,0,0,0,0,0,0,0,0,3,2,0,149.40566666666666,126.8125897390844,0.0,0.0,0.0,0.0,0.0033333333333333335,0.0,0.0,0.0,0.0,0.0,0.0,0.0,0.0,0.0,0.0,0.0,0.0,0.0,0.01,0.8487803211775841,-0.5000000000000004,0.8660254037844384
window-agent3,2024-12-12 22:45:00+00:00,2,2,1,1,1,13-14-December.csv,0,0,0,0,1,0,0,0,0,0,0,0,0,0,0,0,0,0,2,2,0,178.8415,182.48092570046876,0.0,0.0,0.0,0.0,0.0033333333333333335,0.0,0.0,0.0,0.0,0.0,0.0,0.0,0.0,0.0,0.0,0.0,0.0,0.0,0.006666666666666667,1.0203500065726845,-0.5000000000000004,0.8660254037844384
window-agent3,2024-12-12 22:55:00+00:00,7,5,1,3,1,13-14-December.csv,0,0,0,0,2,0,2,2,0,0,0,0,0,0,0,0,2,0,7,5,0,69.97428571428571,112.52645102036273,0.0,0.0,0.0,0.0,0.006666666666666667,0.0,0.006666666666666667,0.006666666666666667,0.0,0.0,0.0,0.0,0.0,0.0,0.0,0.0,0.006666666666666667,0.0,0.023333333333333334,1.6081114636857194,-0.5000000000000004,0.8660254037844384
window-agent3,2024-12-12 23:00:00+00:00,5,3,1,1,1,13-14-December.csv,0,0,0,0,2,0,0,0,0,0,0,0,0,0,0,0,0,0,5,3,0,61.117200000000004,46.28347701610155,0.0,0.0,0.0,0.0,0.006666666666666667,0.0,0.0,0.0,0.0,0.0,0.0,0.0,0.0,0.0,0.0,0.0,0.0,0.0,0.016666666666666666,0.7572905338611969,-0.25881904510252157,0.9659258262890681
window-agent3,2024-12-12 23:10:00+00:00,17,7,1,2,1,13-14-December.csv,12,0,0,0,1,0,0,1,0,0,0,0,0,0,0,0,1,0,17,8,0,29.930705882352942,105.91816763353485,0.04,0.0,0.0,0.0,0.0033333333333333335,0.0,0.0,0.0033333333333333335,0.0,0.0,0.0,0.0,0.0,0.0,0.0,0.0,0.0033333333333333335,0.0,0.056666666666666664,3.5387794744922436,-0.25881904510252157,0.9659258262890681
window-agent3,2024-12-12 23:15:00+00:00,60,14,1,22,1,13-14-December.csv,27,0,0,0,2,0,0,21,0,0,0,0,0,0,3,0,21,0,60,16,0,6.86285,18.01024875822238,0.09,0.0,0.0,0.0,0.006666666666666667,0.0,0.0,0.07,0.0,0.0,0.0,0.0,0.0,0.0,0.01,0.0,0.07,0.0,0.2,2.6243104188817155,-0.25881904510252157,0.9659258262890681
window-agent3,2024-12-12 23:20:00+00:00,56,13,1,22,1,13-14-December.csv,24,0,0,0,3,0,0,22,0,0,0,0,0,3,3,0,22,0,56,15,0,5.203839285714286,8.813235622479276,0.08,0.0,0.0,0.0,0.01,0.0,0.0,0.07333333333333333,0.0,0.0,0.0,0.0,0.0,0.01,0.01,0.0,0.07333333333333333,0.0,0.18666666666666668,1.6936025765963982,-0.25881904510252157,0.9659258262890681
window-agent3,2024-12-12 23:25:00+00:00,46,8,1,18,1,13-14-December.csv,19,0,0,0,0,0,1,17,0,0,0,0,0,4,2,0,17,0,46,10,0,6.698608695652174,10.66754911657731,0.06333333333333334,0.0,0.0,0.0,0.0,0.0,0.0033333333333333335,0.056666666666666664,0.0,0.0,0.0,0.0,0.0,0.013333333333333334,0.006666666666666667,0.0,0.056666666666666664,0.0,0.15333333333333332,1.5925022047490598,-0.25881904510252157,0.9659258262890681
window-agent3,2024-12-12 23:30:00+00:00,65,12,1,15,1,13-14-December.csv,30,0,0,0,2,0,0,15,0,0,0,0,0,3,2,0,13,0,65,14,0,4.438015384615385,8.21807058502083,0.1,0.0,0.0,0.0,0.006666666666666667,0.0,0.0,0.05,0.0,0.0,0.0,0.0,0.0,0.01,0.006666666666666667,0.0,0.043333333333333335,0.0,0.21666666666666667,1.8517445012717186,-0.25881904510252157,0.9659258262890681
window-agent3,2024-12-12 23:35:00+00:00,63,7,1,20,1,13-14-December.csv,23,0,0,0,0,0,0,19,0,0,0,0,0,8,5,0,19,0,63,12,0,4.934063492063492,9.30059549406869,0.07666666666666666,0.0,0.0,0.0,0.0,0.0,0.0,0.06333333333333334,0.0,0.0,0.0,0.0,0.0,0.02666666666666667,0.016666666666666666,0.0,0.06333333333333334,0.0,0.21,1.8849768571135785,-0.25881904510252157,0.9659258262890681
window-agent3,2024-12-12 23:40:00+00:00,76,14,1,17,1,13-14-December.csv,22,0,0,0,2,0,0,18,0,0,0,0,0,4,6,0,18,0,76,15,0,3.7933026315789475,9.187178793688135,0.07333333333333333,0.0,0.0,0.0,0.006666666666666667,0.0,0.0,0.06,0.0,0.0,0.0,0.0,0.0,0.013333333333333334,0.02,0.0,0.06,0.0,0.25333333333333335,2.4219472280449206,-0.25881904510252157,0.9659258262890681
window-agent3,2024-12-12 23:45:00+00:00,42,8,1,19,1,13-14-December.csv,10,0,0,0,0,0,0,18,0,0,0,0,0,3,0,0,18,0,42,10,0,7.434380952380953,18.64198593779628,0.03333333333333333,0.0,0.0,0.0,0.0,0.0,0.0,0.06,0.0,0.0,0.0,0.0,0.0,0.01,0.0,0.0,0.06,0.0,0.14,2.5075370844193765,-0.25881904510252157,0.9659258262890681
window-agent3,2024-12-12 23:50:00+00:00,77,9,1,16,1,13-14-December.csv,27,0,0,0,1,0,0,15,0,0,0,0,0,1,0,0,15,0,77,11,0,3.485558441558441,6.755162899772344,0.09,0.0,0.0,0.0,0.0033333333333333335,0.0,0.0,0.05,0.0,0.0,0.0,0.0,0.0,0.0033333333333333335,0.0,0.0,0.05,0.0,0.25666666666666665,1.9380432183349128,-0.25881904510252157,0.9659258262890681
window-agent3,2024-12-12 23:55:00+00:00,72,10,1,15,1,13-14-December.csv,21,0,0,0,0,1,2,14,0,0,0,0,0,0,1,0,14,0,72,10,0,4.4883750000000004,10.55891730930394,0.07,0.0,0.0,0.0,0.0,0.0033333333333333335,0.006666666666666667,0.04666666666666667,0.0,0.0,0.0,0.0,0.0,0.0,0.0033333333333333335,0.0,0.04666666666666667,0.0,0.24,2.352503369104395,-0.25881904510252157,0.9659258262890681
window-agent3,2024-12-13 00:00:00+00:00,79,8,1,21,1,13-14-December.csv,21,0,0,0,0,0,0,20,0,0,0,0,0,3,1,0,20,0,79,9,0,3.8469113924050635,7.452326704631303,0.07,0.0,0.0,0.0,0.0,0.0,0.0,0.06666666666666667,0.0,0.0,0.0,0.0,0.0,0.01,0.0033333333333333335,0.0,0.06666666666666667,0.0,0.2633333333333333,1.9372233837629822,0.0,1.0
window-agent3,2024-12-13 00:05:00+00:00,45,10,1,18,1,13-14-December.csv,23,0,0,0,0,0,0,19,0,0,0,0,0,3,6,0,19,0,45,11,0,6.638488888888888,11.289585940595918,0.07666666666666666,0.0,0.0,0.0,0.0,0.0,0.0,0.06333333333333334,0.0,0.0,0.0,0.0,0.0,0.01,0.02,0.0,0.06333333333333334,0.0,0.15,1.7006258697655972,0.0,1.0
window-agent3,2024-12-13 00:10:00+00:00,110,11,1,15,1,13-14-December.csv,26,0,0,0,3,0,0,14,0,0,0,0,0,7,2,0,14,0,110,13,0,2.7117181818181817,5.4388720247401725,0.08666666666666667,0.0,0.0,0.0,0.01,0.0,0.0,0.04666666666666667,0.0,0.0,0.0,0.0,0.0,0.023333333333333334,0.006666666666666667,0.0,0.04666666666666667,0.0,0.36666666666666664,2.005692206958416,0.0,1.0
window-agent3,2024-12-13 00:15:00+00:00,104,16,1,16,1,13-14-December.csv,33,0,0,0,6,0,0,15,0,0,0,0,0,6,0,0,15,0,104,18,0,2.968115384615385,6.889558933432294,0.11,0.0,0.0,0.0,0.02,0.0,0.0,0.05,0.0,0.0,0.0,0.0,0.0,0.02,0.0,0.0,0.05,0.0,0.3466666666666667,2.3211897250163873,0.0,1.0
window-agent3,2024-12-13 00:20:00+00:00,86,9,1,19,1,13-14-December.csv,14,0,0,0,1,0,0,19,0,0,0,0,0,4,0,0,19,0,86,10,0,3.4411744186046507,6.819642699268843,0.04666666666666667,0.0,0.0,0.0,0.0033333333333333335,0.0,0.0,0.06333333333333334,0.0,0.0,0.0,0.0,0.0,0.013333333333333334,0.0,0.0,0.06333333333333334,0.0,0.2866666666666667,1.981777692638467,0.0,1.0
window-agent3,2024-12-13 00:25:00+00:00,87,7,1,17,1,13-14-December.csv,11,0,0,0,0,0,1,16,0,0,0,0,0,3,0,0,16,0,87,8,0,3.082241379310345,6.125258511802371,0.03666666666666667,0.0,0.0,0.0,0.0,0.0,0.0033333333333333335,0.05333333333333334,0.0,0.0,0.0,0.0,0.0,0.01,0.0,0.0,0.05333333333333334,0.0,0.29,1.9872741158166218,0.0,1.0
window-agent3,2024-12-13 00:30:00+00:00,68,11,1,23,1,13-14-December.csv,12,0,0,0,0,0,0,22,0,0,0,0,0,3,0,0,22,0,68,11,0,4.890955882352941,11.860702888025845,0.04,0.0,0.0,0.0,0.0,0.0,0.0,0.07333333333333333,0.0,0.0,0.0,0.0,0.0,0.01,0.0,0.0,0.07333333333333333,0.0,0.22666666666666666,2.4250275760655398,0.0,1.0
window-agent3,2024-12-13 00:35:00+00:00,114,12,1,29,1,13-14-December.csv,24,0,0,0,0,0,0,28,0,0,0,0,0,6,1,0,28,0,114,13,0,2.6322894736842106,6.806480118661107,0.08,0.0,0.0,0.0,0.0,0.0,0.0,0.09333333333333334,0.0,0.0,0.0,0.0,0.0,0.02,0.0033333333333333335,0.0,0.09333333333333334,0.0,0.38,2.585764288733263,0.0,1.0
window-agent3,2024-12-13 00:40:00+00:00,98,7,1,12,1,13-14-December.csv,18,0,0,0,2,0,0,11,0,0,0,0,0,4,1,0,11,0,98,8,0,2.984326530612245,7.178608026020619,0.06,0.0,0.0,0.0,0.006666666666666667,0.0,0.0,0.03666666666666667,0.0,0.0,0.0,0.0,0.0,0.013333333333333334,0.0033333333333333335,0.0,0.03666666666666667,0.0,0.32666666666666666,2.4054365205632853,0.0,1.0
window-agent3,2024-12-13 00:45:00+00:00,91,6,1,9,1,13-14-December.csv,16,0,0,0,0,0,0,8,0,0,0,0,0,0,0,0,8,0,91,6,0,3.248285714285714,9.448968127420892,0.05333333333333334,0.0,0.0,0.0,0.0,0.0,0.0,0.02666666666666667,0.0,0.0,0.0,0.0,0.0,0.0,0.0,0.0,0.02666666666666667,0.0,0.30333333333333334,2.908909178113565,0.0,1.0
window-agent3,2024-12-13 00:50:00+00:00,143,8,1,12,1,13-14-December.csv,16,0,0,0,3,0,0,11,0,0,0,0,0,0,0,0,11,0,143,8,0,2.147307692307692,7.111834572679945,0.05333333333333334,0.0,0.0,0.0,0.01,0.0,0.0,0.03666666666666667,0.0,0.0,0.0,0.0,0.0,0.0,0.0,0.0,0.03666666666666667,0.0,0.4766666666666667,3.311977411600906,0.0,1.0
window-agent3,2024-12-13 00:55:00+00:00,62,6,1,12,1,13-14-December.csv,11,0,0,0,0,0,1,11,0,0,0,0,0,4,2,0,11,0,62,7,0,4.06791935483871,12.264069950366729,0.03666666666666667,0.0,0.0,0.0,0.0,0.0,0.0033333333333333335,0.03666666666666667,0.0,0.0,0.0,0.0,0.0,0.013333333333333334,0.006666666666666667,0.0,0.03666666666666667,0.0,0.20666666666666667,3.0148262245609314,0.0,1.0
window-agent3,2024-12-13 01:00:00+00:00,71,9,1,12,1,13-14-December.csv,15,0,0,0,0,1,1,11,0,0,0,0,0,2,0,0,11,0,71,9,0,4.913183098591549,12.435643600220706,0.05,0.0,0.0,0.0,0.0,0.0033333333333333335,0.0033333333333333335,0.03666666666666667,0.0,0.0,0.0,0.0,0.0,0.006666666666666667,0.0,0.0,0.03666666666666667,0.0,0.23666666666666666,2.5310767684977185,0.25881904510252074,0.9659258262890683
window-agent3,2024-12-13 01:05:00+00:00,64,5,1,15,1,13-14-December.csv,6,0,0,0,0,0,0,14,0,0,0,0,0,0,0,0,14,0,64,5,0,4.6128125,10.95816056698864,0.02,0.0,0.0,0.0,0.0,0.0,0.0,0.04666666666666667,0.0,0.0,0.0,0.0,0.0,0.0,0.0,0.0,0.04666666666666667,0.0,0.21333333333333335,2.3755920204839542,0.25881904510252074,0.9659258262890683
window-agent3,2024-12-13 01:10:00+00:00,91,7,1,17,1,13-14-December.csv,20,0,0,0,0,0,0,16,0,0,0,0,0,6,5,0,16,0,91,8,0,3.428021978021978,7.4609864435356466,0.06666666666666667,0.0,0.0,0.0,0.0,0.0,0.0,0.05333333333333334,0.0,0.0,0.0,0.0,0.0,0.02,0.016666666666666666,0.0,0.05333333333333334,0.0,0.30333333333333334,2.176469839274704,0.25881904510252074,0.9659258262890683
window-agent3,2024-12-13 01:20:00+00:00,133,7,1,14,1,13-14-December.csv,24,0,0,0,0,0,1,14,0,0,0,0,0,6,3,0,14,0,133,9,0,2.243172932330827,5.466024696014791,0.08,0.0,0.0,0.0,0.0,0.0,0.0033333333333333335,0.04666666666666667,0.0,0.0,0.0,0.0,0.0,0.02,0.01,0.0,0.04666666666666667,0.0,0.44333333333333336,2.4367379871756816,0.25881904510252074,0.9659258262890683
window-agent3,2024-12-13 01:25:00+00:00,241,9,1,12,1,13-14-December.csv,29,0,0,0,0,0,1,11,0,0,0,0,0,9,0,0,11,0,241,14,0,1.2095145228215767,3.448239555797017,0.09666666666666666,0.0,0.0,0.0,0.0,0.0,0.0033333333333333335,0.03666666666666667,0.0,0.0,0.0,0.0,0.0,0.03,0.0,0.0,0.03666666666666667,0.0,0.8033333333333333,2.8509286087387387,0.25881904510252074,0.9659258262890683
window-agent3,2024-12-13 01:30:00+00:00,151,9,1,13,1,13-14-December.csv,27,0,0,0,0,0,0,12,4,0,0,0,0,1,2,0,12,0,151,11,0,2.0302582781456953,5.674026207745344,0.09,0.0,0.0,0.0,0.0,0.0,0.0,0.04,0.013333333333333334,0.0,0.0,0.0,0.0,0.0033333333333333335,0.006666666666666667,0.0,0.04,0.0,0.5033333333333333,2.7947312264760855,0.25881904510252074,0.9659258262890683
window-agent3,2024-12-13 01:40:00+00:00,101,10,1,11,1,13-14-December.csv,15,0,0,0,2,0,0,10,0,0,0,0,0,1,0,0,10,0,101,10,0,2.9478613861386136,9.719612721739178,0.05,0.0,0.0,0.0,0.006666666666666667,0.0,0.0,0.03333333333333333,0.0,0.0,0.0,0.0,0.0,0.0033333333333333335,0.0,0.0,0.03333333333333333,0.0,0.33666666666666667,3.2971742726583364,0.25881904510252074,0.9659258262890683
window-agent3,2024-12-13 01:45:00+00:00,86,8,1,10,1,13-14-December.csv,9,0,0,0,0,0,0,9,0,0,0,0,0,2,0,2,9,0,86,8,0,3.7495116279069762,10.569093302693457,0.03,0.0,0.0,0.0,0.0,0.0,0.0,0.03,0.0,0.0,0.0,0.0,0.0,0.006666666666666667,0.0,0.006666666666666667,0.03,0.0,0.2866666666666667,2.818791979208571,0.25881904510252074,0.9659258262890683
window-agent3,2024-12-13 01:50:00+00:00,112,8,1,9,1,13-14-December.csv,13,0,0,0,1,0,0,8,0,0,0,0,0,0,0,0,8,0,112,8,0,2.4928392857142856,8.926718471904495,0.043333333333333335,0.0,0.0,0.0,0.0033333333333333335,0.0,0.0,0.02666666666666667,0.0,0.0,0.0,0.0,0.0,0.0,0.0,0.0,0.02666666666666667,0.0,0.37333333333333335,3.580944236181146,0.25881904510252074,0.9659258262890683
window-agent3,2024-12-13 02:00:00+00:00,37,11,1,21,1,13-14-December.csv,14,0,0,0,0,0,0,20,0,0,0,0,0,6,0,0,20,0,37,11,0,7.290513513513514,13.529330088575918,0.04666666666666667,0.0,0.0,0.0,0.0,0.0,0.0,0.06666666666666667,0.0,0.0,0.0,0.0,0.0,0.02,0.0,0.0,0.06666666666666667,0.0,0.12333333333333334,1.855744463472743,0.49999999999999994,0.8660254037844387
window-agent3,2024-12-13 02:10:00+00:00,30,7,1,12,1,13-14-December.csv,13,0,0,0,0,0,0,11,0,0,0,0,0,2,0,0,11,0,30,7,0,10.8968,13.712498163706538,0.043333333333333335,0.0,0.0,0.0,0.0,0.0,0.0,0.03666666666666667,0.0,0.0,0.0,0.0,0.0,0.006666666666666667,0.0,0.0,0.03666666666666667,0.0,0.1,1.2583967920588188,0.49999999999999994,0.8660254037844387
window-agent3,2024-12-13 02:15:00+00:00,18,5,1,11,1,13-14-December.csv,2,0,0,0,1,0,0,10,0,0,0,0,0,2,0,0,10,0,18,5,0,16.19838888888889,19.23973780284498,0.006666666666666667,0.0,0.0,0.0,0.0033333333333333335,0.0,0.0,0.03333333333333333,0.0,0.0,0.0,0.0,0.0,0.006666666666666667,0.0,0.0,0.03333333333333333,0.0,0.06,1.1877562598859615,0.49999999999999994,0.8660254037844387
window-agent3,2024-12-13 02:20:00+00:00,27,6,1,14,1,13-14-December.csv,5,0,0,0,0,0,0,14,0,0,0,0,0,5,0,0,14,0,27,6,0,11.804333333333332,14.886405137677695,0.016666666666666666,0.0,0.0,0.0,0.0,0.0,0.0,0.04666666666666667,0.0,0.0,0.0,0.0,0.0,0.016666666666666666,0.0,0.0,0.04666666666666667,0.0,0.09,1.261096642843958,0.49999999999999994,0.8660254037844387
window-agent3,2024-12-13 02:30:00+00:00,13,5,1,4,1,13-14-December.csv,5,0,0,0,0,0,0,3,0,0,0,0,0,0,0,0,3,0,13,5,0,23.150846153846153,30.9191481282127,0.016666666666666666,0.0,0.0,0.0,0.0,0.0,0.0,0.01,0.0,0.0,0.0,0.0,0.0,0.0,0.0,0.0,0.01,0.0,0.043333333333333335,1.335551535470593,0.49999999999999994,0.8660254037844387
window-agent3,2024-12-13 02:35:00+00:00,12,3,1,5,1,13-14-December.csv,3,0,0,0,0,0,0,4,0,0,0,0,0,0,1,0,4,0,12,4,0,25.36691666666667,28.68956808971237,0.01,0.0,0.0,0.0,0.0,0.0,0.0,0.013333333333333334,0.0,0.0,0.0,0.0,0.0,0.0,0.0033333333333333335,0.0,0.013333333333333334,0.0,0.04,1.1309836535006172,0.49999999999999994,0.8660254037844387
window-agent3,2024-12-13 02:40:00+00:00,14,6,1,5,1,13-14-December.csv,5,0,0,0,0,0,1,4,0,0,0,0,0,0,0,0,4,0,14,6,0,24.33664285714286,31.70515256500636,0.016666666666666666,0.0,0.0,0.0,0.0,0.0,0.0033333333333333335,0.013333333333333334,0.0,0.0,0.0,0.0,0.0,0.0,0.0,0.0,0.013333333333333334,0.0,0.04666666666666667,1.3027742877732549,0.49999999999999994,0.8660254037844387
window-agent3,2024-12-13 02:55:00+00:00,17,5,1,5,1,13-14-December.csv,5,0,0,0,0,0,1,4,0,0,0,0,0,1,0,0,4,0,17,5,0,23.729235294117647,37.145232290849606,0.016666666666666666,0.0,0.0,0.0,0.0,0.0,0.0033333333333333335,0.013333333333333334,0.0,0.0,0.0,0.0,0.0,0.0033333333333333335,0.0,0.0,0.013333333333333334,0.0,0.056666666666666664,1.5653783963302734,0.49999999999999994,0.8660254037844387
window-agent3,2024-12-13 03:00:00+00:00,11,6,1,5,1,13-14-December.csv,5,0,0,0,0,0,0,4,0,0,0,0,0,1,0,0,4,0,11,6,0,23.447636363636363,23.51460314899117,0.016666666666666666,0.0,0.0,0.0,0.0,0.0,0.0,0.013333333333333334,0.0,0.0,0.0,0.0,0.0,0.0033333333333333335,0.0,0.0,0.013333333333333334,0.0,0.03666666666666667,1.002856014325549,0.7071067811865476,0.7071067811865476
window-agent3,2024-12-13 03:05:00+00:00,19,9,1,3,1,13-14-December.csv,11,0,0,0,2,0,0,2,0,0,0,0,0,0,0,0,2,0,19,9,0,15.99178947368421,24.183449525516753,0.03666666666666667,0.0,0.0,0.0,0.006666666666666667,0.0,0.0,0.006666666666666667,0.0,0.0,0.0,0.0,0.0,0.0,0.0,0.0,0.006666666666666667,0.0,0.06333333333333334,1.5122416140678054,0.7071067811865476,0.7071067811865476
window-agent3,2024-12-13 03:10:00+00:00,14,8,1,4,1,13-14-December.csv,7,0,0,0,1,0,0,3,0,0,0,0,0,1,0,0,3,0,14,8,0,22.518071428571428,30.573790760323522,0.023333333333333334,0.0,0.0,0.0,0.0033333333333333335,0.0,0.0,0.01,0.0,0.0,0.0,0.0,0.0,0.0033333333333333335,0.0,0.0,0.01,0.0,0.04666666666666667,1.3577446388917134,0.7071067811865476,0.7071067811865476
window-agent3,2024-12-13 03:15:00+00:00,18,3,1,5,1,13-14-December.csv,3,0,0,0,0,0,0,4,0,0,0,0,0,1,0,0,4,0,18,3,0,18.098722222222225,21.714292348875162,0.01,0.0,0.0,0.0,0.0,0.0,0.0,0.013333333333333334,0.0,0.0,0.0,0.0,0.0,0.0033333333333333335,0.0,0.0,0.013333333333333334,0.0,0.06,1.199769358425404,0.7071067811865476,0.7071067811865476
window-agent3,2024-12-13 03:25:00+00:00,9,4,1,3,1,13-14-December.csv,5,0,0,0,0,0,1,2,0,0,0,0,0,1,0,0,2,0,9,4,0,32.01455555555556,42.66804326164697,0.016666666666666666,0.0,0.0,0.0,0.0,0.0,0.0033333333333333335,0.006666666666666667,0.0,0.0,0.0,0.0,0.0,0.0033333333333333335,0.0,0.0,0.006666666666666667,0.0,0.03,1.332770126625815,0.7071067811865476,0.7071067811865476
window-agent3,2024-12-13 03:35:00+00:00,21,4,1,3,1,13-14-December.csv,9,0,0,0,0,0,0,2,0,0,0,0,0,0,0,0,2,0,21,4,0,13.793380952380952,17.986624631865176,0.03,0.0,0.0,0.0,0.0,0.0,0.0,0.006666666666666667,0.0,0.0,0.0,0.0,0.0,0.0,0.0,0.0,0.006666666666666667,0.0,0.07,1.304004050490638,0.7071067811865476,0.7071067811865476
window-agent3,2024-12-13 03:40:00+00:00,12,3,1,3,1,13-14-December.csv,2,0,0,0,0,0,0,2,0,0,0,0,0,0,0,0,2,0,12,3,0,21.491500000000002,15.56732802728493,0.006666666666666667,0.0,0.0,0.0,0.0,0.0,0.0,0.006666666666666667,0.0,0.0,0.0,0.0,0.0,0.0,0.0,0.0,0.006666666666666667,0.0,0.04,0.7243481389053779,0.7071067811865476,0.7071067811865476
window-agent3,2024-12-13 04:35:00+00:00,2,1,1,1,1,13-14-December.csv,0,0,0,0,0,0,0,0,0,0,0,0,0,0,0,0,0,0,2,1,0,285.54449999999997,368.0625146364405,0.0,0.0,0.0,0.0,0.0,0.0,0.0,0.0,0.0,0.0,0.0,0.0,0.0,0.0,0.0,0.0,0.0,0.0,0.006666666666666667,1.2889847804333143,0.8660254037844386,0.5000000000000001
window-agent3,2024-12-13 05:15:00+00:00,9,1,1,1,1,13-14-December.csv,0,0,0,0,0,0,0,0,0,0,0,0,0,0,0,0,0,0,9,1,0,139.06655555555554,327.97700133931306,0.0,0.0,0.0,0.0,0.0,0.0,0.0,0.0,0.0,0.0,0.0,0.0,0.0,0.0,0.0,0.0,0.0,0.0,0.03,2.358417521948977,0.9659258262890683,0.25881904510252074
window-agent3,2024-12-13 05:20:00+00:00,1,1,1,1,1,13-14-December.csv,0,0,0,0,0,0,0,0,0,0,0,0,0,0,0,0,0,0,1,1,0,187.436,,0.0,0.0,0.0,0.0,0.0,0.0,0.0,0.0,0.0,0.0,0.0,0.0,0.0,0.0,0.0,0.0,0.0,0.0,0.0033333333333333335,0.0,0.9659258262890683,0.25881904510252074
window-agent3,2024-12-13 05:35:00+00:00,3,3,1,1,1,13-14-December.csv,0,0,0,0,2,0,0,0,0,0,0,0,0,0,0,0,0,0,3,3,0,69.173,66.53103163937864,0.0,0.0,0.0,0.0,0.006666666666666667,0.0,0.0,0.0,0.0,0.0,0.0,0.0,0.0,0.0,0.0,0.0,0.0,0.0,0.01,0.9618063643239217,0.9659258262890683,0.25881904510252074
window-agent3,2024-12-13 06:00:00+00:00,2,1,1,1,1,13-14-December.csv,0,0,0,0,0,0,0,0,0,0,0,0,0,0,0,0,0,0,2,1,0,116.9345,30.717425681524812,0.0,0.0,0.0,0.0,0.0,0.0,0.0,0.0,0.0,0.0,0.0,0.0,0.0,0.0,0.0,0.0,0.0,0.0,0.006666666666666667,0.26268916086804844,1.0,6.123233995736766e-17
window-agent3,2024-12-13 06:15:00+00:00,4,3,1,1,1,13-14-December.csv,0,0,0,0,2,0,0,0,0,0,0,0,0,0,0,0,0,0,4,3,0,246.667,320.1892599770746,0.0,0.0,0.0,0.0,0.006666666666666667,0.0,0.0,0.0,0.0,0.0,0.0,0.0,0.0,0.0,0.0,0.0,0.0,0.0,0.013333333333333334,1.2980628133356897,1.0,6.123233995736766e-17
window-agent3,2024-12-13 06:20:00+00:00,1,1,1,1,1,13-14-December.csv,0,0,0,0,0,0,0,0,0,0,0,0,0,0,0,0,0,0,1,1,0,231.996,,0.0,0.0,0.0,0.0,0.0,0.0,0.0,0.0,0.0,0.0,0.0,0.0,0.0,0.0,0.0,0.0,0.0,0.0,0.0033333333333333335,0.0,1.0,6.123233995736766e-17
window-agent3,2024-12-13 06:30:00+00:00,3,2,1,1,1,13-14-December.csv,0,0,0,0,1,0,0,0,0,0,0,0,0,0,0,0,0,0,3,2,0,148.41066666666666,183.7038106581715,0.0,0.0,0.0,0.0,0.0033333333333333335,0.0,0.0,0.0,0.0,0.0,0.0,0.0,0.0,0.0,0.0,0.0,0.0,0.0,0.01,1.2378073273585783,1.0,6.123233995736766e-17
window-agent3,2024-12-13 11:20:00+00:00,63,11,1,2,1,13-14-December.csv,30,0,0,0,13,0,1,1,0,0,0,0,0,0,1,0,0,0,63,12,0,62.38884126984127,479.8022680517668,0.1,0.0,0.0,0.0,0.043333333333333335,0.0,0.0033333333333333335,0.0033333333333333335,0.0,0.0,0.0,0.0,0.0,0.0,0.0033333333333333335,0.0,0.0,0.0,0.21,7.69051417346491,0.258819045102521,-0.9659258262890682
window-agent3,2024-12-13 13:35:00+00:00,31,11,1,9,1,13-14-December.csv,9,0,0,0,2,0,0,8,0,0,0,0,0,1,0,0,8,0,31,11,0,12.558516129032258,22.686538939601704,0.03,0.0,0.0,0.0,0.006666666666666667,0.0,0.0,0.02666666666666667,0.0,0.0,0.0,0.0,0.0,0.0033333333333333335,0.0,0.0,0.02666666666666667,0.0,0.10333333333333333,1.8064665209256612,-0.2588190451025208,-0.9659258262890683
window-agent3,2024-12-13 15:30:00+00:00,87,18,2,23,1,13-14-December.csv,39,2,0,0,8,1,1,24,0,0,0,0,0,7,2,0,23,0,87,23,1,3.437770114942529,5.501624598753364,0.13,0.006666666666666667,0.0,0.0,0.02666666666666667,0.0033333333333333335,0.0033333333333333335,0.08,0.0,0.0,0.0,0.0,0.0,0.023333333333333334,0.006666666666666667,0.0,0.07666666666666666,0.0,0.29,1.600346857062994,-0.7071067811865471,-0.7071067811865479
window-agent3,2024-12-13 16:15:00+00:00,6,2,1,2,1,13-14-December.csv,0,0,0,0,1,0,0,2,0,0,0,0,0,0,0,0,2,0,6,2,0,120.37566666666667,268.1127278833786,0.0,0.0,0.0,0.0,0.0033333333333333335,0.0,0.0,0.006666666666666667,0.0,0.0,0.0,0.0,0.0,0.0,0.0,0.0,0.006666666666666667,0.0,0.02,2.227300045829129,-0.8660254037844385,-0.5000000000000004
window-agent3,2024-12-13 16:50:00+00:00,5,4,1,1,1,13-14-December.csv,0,0,0,0,3,0,0,0,0,0,0,0,0,0,0,0,0,0,5,4,0,128.721,263.87568969308256,0.0,0.0,0.0,0.0,0.01,0.0,0.0,0.0,0.0,0.0,0.0,0.0,0.0,0.0,0.0,0.0,0.0,0.0,0.016666666666666666,2.0499816633888996,-0.8660254037844385,-0.5000000000000004
window-agent3,2024-12-13 17:00:00+00:00,2,2,1,1,1,13-14-December.csv,0,0,0,0,1,0,0,0,0,0,0,0,0,0,0,0,0,0,2,2,0,76.2405,95.69346780475666,0.0,0.0,0.0,0.0,0.0033333333333333335,0.0,0.0,0.0,0.0,0.0,0.0,0.0,0.0,0.0,0.0,0.0,0.0,0.0,0.006666666666666667,1.255152678756785,-0.9659258262890683,-0.25881904510252063
window-agent3,2024-12-13 17:05:00+00:00,5,3,1,1,1,13-14-December.csv,0,0,0,0,2,0,0,0,0,0,0,0,0,0,0,0,0,0,5,3,0,111.7518,142.32364400443097,0.0,0.0,0.0,0.0,0.006666666666666667,0.0,0.0,0.0,0.0,0.0,0.0,0.0,0.0,0.0,0.0,0.0,0.0,0.0,0.016666666666666666,1.2735691416552661,-0.9659258262890683,-0.25881904510252063
window-agent3,2024-12-13 17:20:00+00:00,1,1,1,1,1,13-14-December.csv,0,0,0,0,0,0,0,0,0,0,0,0,0,0,0,0,0,0,1,1,0,377.387,,0.0,0.0,0.0,0.0,0.0,0.0,0.0,0.0,0.0,0.0,0.0,0.0,0.0,0.0,0.0,0.0,0.0,0.0,0.0033333333333333335,0.0,-0.9659258262890683,-0.25881904510252063
window-agent3,2024-12-13 17:30:00+00:00,4,3,1,1,1,13-14-December.csv,0,0,0,0,2,0,0,0,0,0,0,0,0,0,0,0,0,0,4,3,0,105.60375,186.8694780131755,0.0,0.0,0.0,0.0,0.006666666666666667,0.0,0.0,0.0,0.0,0.0,0.0,0.0,0.0,0.0,0.0,0.0,0.0,0.0,0.013333333333333334,1.7695344910874422,-0.9659258262890683,-0.25881904510252063
window-agent3,2024-12-13 17:50:00+00:00,5,4,1,1,1,13-14-December.csv,0,0,0,0,3,0,0,0,0,0,0,0,0,0,0,0,0,0,5,4,0,74.9496,149.3547269700561,0.0,0.0,0.0,0.0,0.01,0.0,0.0,0.0,0.0,0.0,0.0,0.0,0.0,0.0,0.0,0.0,0.0,0.0,0.016666666666666666,1.9927354778418578,-0.9659258262890683,-0.25881904510252063
window-agent3,2024-12-13 17:55:00+00:00,3,2,1,1,1,13-14-December.csv,0,0,0,0,1,0,1,0,0,0,0,0,0,0,0,0,0,0,3,2,0,125.42133333333334,175.4569493988008,0.0,0.0,0.0,0.0,0.0033333333333333335,0.0,0.0033333333333333335,0.0,0.0,0.0,0.0,0.0,0.0,0.0,0.0,0.0,0.0,0.0,0.01,1.3989402339750876,-0.9659258262890683,-0.25881904510252063
window-agent3,2024-12-13 18:15:00+00:00,9,4,1,1,1,13-14-December.csv,0,0,0,0,5,0,0,0,0,0,0,0,0,0,0,0,0,0,9,4,0,74.44722222222222,141.75360755001776,0.0,0.0,0.0,0.0,0.016666666666666666,0.0,0.0,0.0,0.0,0.0,0.0,0.0,0.0,0.0,0.0,0.0,0.0,0.0,0.03,1.9040818894073503,-1.0,-1.8369701987210297e-16
window-agent3,2024-12-13 18:35:00+00:00,2,2,1,1,1,13-14-December.csv,0,0,0,0,1,0,0,0,0,0,0,0,0,0,0,0,0,0,2,2,0,328.30050000000006,454.2277185647085,0.0,0.0,0.0,0.0,0.0033333333333333335,0.0,0.0,0.0,0.0,0.0,0.0,0.0,0.0,0.0,0.0,0.0,0.0,0.0,0.006666666666666667,1.3835730331349128,-1.0,-1.8369701987210297e-16
window-agent3,2024-12-13 18:50:00+00:00,5,4,1,1,1,13-14-December.csv,0,0,0,0,3,0,0,0,0,0,0,0,0,0,0,0,0,0,5,4,0,81.0678,101.9484026736074,0.0,0.0,0.0,0.0,0.01,0.0,0.0,0.0,0.0,0.0,0.0,0.0,0.0,0.0,0.0,0.0,0.0,0.0,0.016666666666666666,1.2575696228787188,-1.0,-1.8369701987210297e-16
window-agent3,2024-12-13 19:15:00+00:00,3,2,1,1,1,13-14-December.csv,0,0,0,0,1,0,0,0,0,0,0,0,0,0,0,0,0,0,3,2,0,404.71600000000007,585.7018302583662,0.0,0.0,0.0,0.0,0.0033333333333333335,0.0,0.0,0.0,0.0,0.0,0.0,0.0,0.0,0.0,0.0,0.0,0.0,0.0,0.01,1.4471921798455363,-0.9659258262890684,0.2588190451025203
window-agent3,2024-12-13 19:25:00+00:00,5,2,1,1,1,13-14-December.csv,0,0,0,0,1,0,1,0,0,0,0,0,0,0,0,0,0,0,5,2,0,67.06660000000001,45.66280520073202,0.0,0.0,0.0,0.0,0.0033333333333333335,0.0,0.0033333333333333335,0.0,0.0,0.0,0.0,0.0,0.0,0.0,0.0,0.0,0.0,0.0,0.016666666666666666,0.6808576131894567,-0.9659258262890684,0.2588190451025203
window-agent3,2024-12-13 19:45:00+00:00,3,2,1,1,1,13-14-December.csv,0,0,0,0,1,0,0,0,0,0,0,0,0,0,0,0,0,0,3,2,0,136.79133333333334,101.54842120551818,0.0,0.0,0.0,0.0,0.0033333333333333335,0.0,0.0,0.0,0.0,0.0,0.0,0.0,0.0,0.0,0.0,0.0,0.0,0.0,0.01,0.7423600511157006,-0.9659258262890684,0.2588190451025203
window-agent3,2024-12-13 20:00:00+00:00,4,3,1,1,1,13-14-December.csv,0,0,0,0,2,0,0,0,0,0,0,0,0,0,0,0,0,0,4,3,0,41.29975,62.27165935038186,0.0,0.0,0.0,0.0,0.006666666666666667,0.0,0.0,0.0,0.0,0.0,0.0,0.0,0.0,0.0,0.0,0.0,0.0,0.0,0.013333333333333334,1.507797489098163,-0.8660254037844386,0.5000000000000001
window-agent3,2024-12-13 20:05:00+00:00,4,3,1,1,1,13-14-December.csv,0,0,0,0,2,0,0,0,0,0,0,0,0,0,0,0,0,0,4,3,0,85.902,150.89222701208524,0.0,0.0,0.0,0.0,0.006666666666666667,0.0,0.0,0.0,0.0,0.0,0.0,0.0,0.0,0.0,0.0,0.0,0.0,0.0,0.013333333333333334,1.7565624433899705,-0.8660254037844386,0.5000000000000001
window-agent3,2024-12-13 20:20:00+00:00,4,3,1,1,1,13-14-December.csv,0,0,0,0,2,0,0,0,0,0,0,0,0,0,0,0,0,0,4,3,0,52.92075,83.79700666640784,0.0,0.0,0.0,0.0,0.006666666666666667,0.0,0.0,0.0,0.0,0.0,0.0,0.0,0.0,0.0,0.0,0.0,0.0,0.0,0.013333333333333334,1.5834432933472757,-0.8660254037844386,0.5000000000000001
window-agent3,2024-12-13 20:35:00+00:00,1,1,1,1,1,14-17-December.csv,0,0,0,0,0,0,0,0,0,0,0,0,0,0,0,0,0,0,1,1,0,531.097,,0.0,0.0,0.0,0.0,0.0,0.0,0.0,0.0,0.0,0.0,0.0,0.0,0.0,0.0,0.0,0.0,0.0,0.0,0.0033333333333333335,0.0,-0.8660254037844386,0.5000000000000001
window-agent3,2024-12-13 21:25:00+00:00,8,3,1,1,1,14-17-December.csv,0,0,0,0,4,0,1,0,0,0,0,0,0,0,0,0,0,0,8,3,0,74.967875,166.38663865951114,0.0,0.0,0.0,0.0,0.013333333333333334,0.0,0.0033333333333333335,0.0,0.0,0.0,0.0,0.0,0.0,0.0,0.0,0.0,0.0,0.0,0.02666666666666667,2.2194391752402094,-0.7071067811865477,0.7071067811865474
window-agent3,2024-12-13 21:45:00+00:00,2,1,1,1,1,14-17-December.csv,0,0,0,0,0,0,0,0,0,0,0,0,0,0,0,0,0,0,2,1,0,156.939,211.36835903228277,0.0,0.0,0.0,0.0,0.0,0.0,0.0,0.0,0.0,0.0,0.0,0.0,0.0,0.0,0.0,0.0,0.0,0.0,0.006666666666666667,1.3468185666550876,-0.7071067811865477,0.7071067811865474
window-agent3,2024-12-13 22:00:00+00:00,5,3,1,1,1,14-17-December.csv,0,0,0,0,2,0,0,0,0,0,0,0,0,0,0,0,0,0,5,3,0,52.22860000000001,80.82840933916738,0.0,0.0,0.0,0.0,0.006666666666666667,0.0,0.0,0.0,0.0,0.0,0.0,0.0,0.0,0.0,0.0,0.0,0.0,0.0,0.016666666666666666,1.547589047747161,-0.5000000000000004,0.8660254037844384
window-agent3,2024-12-13 22:10:00+00:00,4,3,1,1,1,14-17-December.csv,0,0,0,0,2,0,0,0,0,0,0,0,0,0,0,0,0,0,4,3,0,140.33599999999998,252.88323567607245,0.0,0.0,0.0,0.0,0.006666666666666667,0.0,0.0,0.0,0.0,0.0,0.0,0.0,0.0,0.0,0.0,0.0,0.0,0.0,0.013333333333333334,1.8019840645028538,-0.5000000000000004,0.8660254037844384
window-agent3,2024-12-13 22:20:00+00:00,1,1,1,1,1,14-17-December.csv,0,0,0,0,0,0,0,0,0,0,0,0,0,0,0,0,0,0,1,1,0,290.222,,0.0,0.0,0.0,0.0,0.0,0.0,0.0,0.0,0.0,0.0,0.0,0.0,0.0,0.0,0.0,0.0,0.0,0.0,0.0033333333333333335,0.0,-0.5000000000000004,0.8660254037844384
window-agent3,2024-12-13 22:45:00+00:00,5,3,1,1,1,14-17-December.csv,0,0,0,0,2,0,0,0,0,0,0,0,0,0,0,0,0,0,5,3,0,63.888,119.58325485200677,0.0,0.0,0.0,0.0,0.006666666666666667,0.0,0.0,0.0,0.0,0.0,0.0,0.0,0.0,0.0,0.0,0.0,0.0,0.0,0.016666666666666666,1.871763943964544,-0.5000000000000004,0.8660254037844384
window-agent3,2024-12-13 23:00:00+00:00,5,3,1,1,1,14-17-December.csv,0,0,0,0,2,0,0,0,0,0,0,0,0,0,0,0,0,0,5,3,0,59.263,93.39471275987736,0.0,0.0,0.0,0.0,0.006666666666666667,0.0,0.0,0.0,0.0,0.0,0.0,0.0,0.0,0.0,0.0,0.0,0.0,0.0,0.016666666666666666,1.5759362968441923,-0.25881904510252157,0.9659258262890681
window-agent3,2024-12-13 23:20:00+00:00,380,4,1,2,1,14-17-December.csv,28,0,0,0,0,0,0,1,0,0,0,0,0,0,0,0,0,0,380,4,0,0.9401999999999999,15.791794371584453,0.09333333333333334,0.0,0.0,0.0,0.0,0.0,0.0,0.0033333333333333335,0.0,0.0,0.0,0.0,0.0,0.0,0.0,0.0,0.0,0.0,1.2666666666666666,16.796207585178106,-0.25881904510252157,0.9659258262890681
window-agent3,2024-12-13 23:40:00+00:00,5,4,1,1,1,14-17-December.csv,0,0,0,0,3,0,0,0,0,0,0,0,0,0,0,0,0,0,5,4,0,144.18720000000002,230.11019292982223,0.0,0.0,0.0,0.0,0.01,0.0,0.0,0.0,0.0,0.0,0.0,0.0,0.0,0.0,0.0,0.0,0.0,0.0,0.016666666666666666,1.5959127643079427,-0.25881904510252157,0.9659258262890681
window-agent3,2024-12-14 00:35:00+00:00,4,3,1,1,1,14-17-December.csv,0,0,0,0,2,0,0,0,0,0,0,0,0,0,0,0,0,0,4,3,0,100.8475,174.02125551878234,0.0,0.0,0.0,0.0,0.006666666666666667,0.0,0.0,0.0,0.0,0.0,0.0,0.0,0.0,0.0,0.0,0.0,0.0,0.0,0.013333333333333334,1.725588195233222,0.0,1.0
window-agent3,2024-12-14 00:40:00+00:00,5,4,1,1,1,14-17-December.csv,0,0,0,0,3,0,0,0,0,0,0,0,0,0,0,0,0,0,5,4,0,44.3038,45.024284910479146,0.0,0.0,0.0,0.0,0.01,0.0,0.0,0.0,0.0,0.0,0.0,0.0,0.0,0.0,0.0,0.0,0.0,0.0,0.016666666666666666,1.0162623727643936,0.0,1.0
window-agent3,2024-12-14 01:00:00+00:00,2,1,1,1,1,14-17-December.csv,0,0,0,0,0,0,0,0,0,0,0,0,0,0,0,0,0,0,2,1,0,211.224,147.00891402224562,0.0,0.0,0.0,0.0,0.0,0.0,0.0,0.0,0.0,0.0,0.0,0.0,0.0,0.0,0.0,0.0,0.0,0.0,0.006666666666666667,0.6959858445169376,0.25881904510252074,0.9659258262890683
window-agent3,2024-12-14 01:25:00+00:00,3,2,1,1,1,14-17-December.csv,0,0,0,0,1,0,1,0,0,0,0,0,0,0,0,0,0,0,3,2,0,254.27066666666667,346.09521594545816,0.0,0.0,0.0,0.0,0.0033333333333333335,0.0,0.0033333333333333335,0.0,0.0,0.0,0.0,0.0,0.0,0.0,0.0,0.0,0.0,0.0,0.01,1.3611291482519605,0.25881904510252074,0.9659258262890683
window-agent3,2024-12-14 01:30:00+00:00,9,5,1,1,1,14-17-December.csv,1,0,0,0,4,0,0,0,0,0,0,0,0,1,0,0,0,0,9,5,0,15.617444444444443,11.366611622545118,0.0033333333333333335,0.0,0.0,0.0,0.013333333333333334,0.0,0.0,0.0,0.0,0.0,0.0,0.0,0.0,0.0033333333333333335,0.0,0.0,0.0,0.0,0.03,0.7278150828696264,0.25881904510252074,0.9659258262890683
window-agent3,2024-12-14 02:15:00+00:00,3,2,1,1,1,14-17-December.csv,0,0,0,0,1,0,0,0,0,0,0,0,0,0,0,0,0,0,3,2,0,314.84666666666664,461.0675960662746,0.0,0.0,0.0,0.0,0.0033333333333333335,0.0,0.0,0.0,0.0,0.0,0.0,0.0,0.0,0.0,0.0,0.0,0.0,0.0,0.01,1.46441949329708,0.49999999999999994,0.8660254037844387
window-agent3,2024-12-14 02:20:00+00:00,1,1,1,1,1,14-17-December.csv,0,0,0,0,0,0,0,0,0,0,0,0,0,0,0,0,0,0,1,1,0,285.27,,0.0,0.0,0.0,0.0,0.0,0.0,0.0,0.0,0.0,0.0,0.0,0.0,0.0,0.0,0.0,0.0,0.0,0.0,0.0033333333333333335,0.0,0.49999999999999994,0.8660254037844387
window-agent3,2024-12-14 02:25:00+00:00,5,3,1,1,1,14-17-December.csv,0,0,0,0,2,0,1,0,0,0,0,0,0,0,0,0,0,0,5,3,0,65.10900000000001,127.73934902761954,0.0,0.0,0.0,0.0,0.006666666666666667,0.0,0.0033333333333333335,0.0,0.0,0.0,0.0,0.0,0.0,0.0,0.0,0.0,0.0,0.0,0.016666666666666666,1.9619307473255545,0.49999999999999994,0.8660254037844387
window-agent3,2024-12-14 03:05:00+00:00,5,3,1,1,1,14-17-December.csv,0,0,0,0,2,0,0,0,0,0,0,0,0,0,0,0,0,0,5,3,0,56.13680000000001,101.06127289520948,0.0,0.0,0.0,0.0,0.006666666666666667,0.0,0.0,0.0,0.0,0.0,0.0,0.0,0.0,0.0,0.0,0.0,0.0,0.0,0.016666666666666666,1.8002677903836604,0.7071067811865476,0.7071067811865476
window-agent3,2024-12-14 03:10:00+00:00,5,3,1,1,1,14-17-December.csv,0,0,0,0,2,0,0,0,0,0,0,0,0,0,0,0,0,0,5,3,0,88.1498,172.51316028842555,0.0,0.0,0.0,0.0,0.006666666666666667,0.0,0.0,0.0,0.0,0.0,0.0,0.0,0.0,0.0,0.0,0.0,0.0,0.0,0.016666666666666666,1.9570453964549615,0.7071067811865476,0.7071067811865476
window-agent3,2024-12-14 03:55:00+00:00,6,3,1,1,1,14-17-December.csv,0,0,0,0,2,0,1,0,0,0,0,0,0,0,0,0,0,0,6,3,0,75.14049999999999,139.14713878589095,0.0,0.0,0.0,0.0,0.006666666666666667,0.0,0.0033333333333333335,0.0,0.0,0.0,0.0,0.0,0.0,0.0,0.0,0.0,0.0,0.0,0.02,1.8518260962582225,0.7071067811865476,0.7071067811865476
window-agent3,2024-12-14 04:50:00+00:00,6,4,1,1,1,14-17-December.csv,0,0,0,0,3,0,0,0,0,0,0,0,0,0,0,0,0,0,6,4,0,45.090666666666664,90.61918896495744,0.0,0.0,0.0,0.0,0.01,0.0,0.0,0.0,0.0,0.0,0.0,0.0,0.0,0.0,0.0,0.0,0.0,0.0,0.02,2.0097105601667185,0.8660254037844386,0.5000000000000001
window-agent3,2024-12-14 05:00:00+00:00,9,2,1,1,1,14-17-December.csv,0,0,0,0,1,0,0,0,0,0,0,0,0,0,0,0,0,0,9,2,0,45.18755555555556,88.37302020853296,0.0,0.0,0.0,0.0,0.0033333333333333335,0.0,0.0,0.0,0.0,0.0,0.0,0.0,0.0,0.0,0.0,0.0,0.0,0.0,0.03,1.955693755106609,0.9659258262890683,0.25881904510252074
window-agent3,2024-12-14 05:20:00+00:00,6,4,1,1,1,14-17-December.csv,0,0,0,0,3,0,0,0,0,0,0,0,0,0,0,0,0,0,6,4,0,59.68666666666667,122.55228857213018,0.0,0.0,0.0,0.0,0.01,0.0,0.0,0.0,0.0,0.0,0.0,0.0,0.0,0.0,0.0,0.0,0.0,0.0,0.02,2.0532607266636353,0.9659258262890683,0.25881904510252074
window-agent3,2024-12-14 05:40:00+00:00,15,4,1,1,1,14-17-December.csv,0,0,0,0,3,0,0,0,0,0,0,0,0,0,0,0,0,0,15,4,0,45.9874,137.2866868089234,0.0,0.0,0.0,0.0,0.01,0.0,0.0,0.0,0.0,0.0,0.0,0.0,0.0,0.0,0.0,0.0,0.0,0.0,0.05,2.985310907094626,0.9659258262890683,0.25881904510252074
window-agent3,2024-12-14 06:00:00+00:00,4,2,1,2,1,14-17-December.csv,0,0,0,0,0,0,1,1,0,0,0,0,0,0,0,0,1,0,4,2,0,106.36325000000001,164.68018394730032,0.0,0.0,0.0,0.0,0.0,0.0,0.0033333333333333335,0.0033333333333333335,0.0,0.0,0.0,0.0,0.0,0.0,0.0,0.0,0.0033333333333333335,0.0,0.013333333333333334,1.5482808577897,1.0,6.123233995736766e-17
window-agent3,2024-12-14 06:20:00+00:00,2,2,1,1,1,14-17-December.csv,0,0,0,0,1,0,0,0,0,0,0,0,0,0,0,0,0,0,2,2,0,225.502,211.69079972450385,0.0,0.0,0.0,0.0,0.0033333333333333335,0.0,0.0,0.0,0.0,0.0,0.0,0.0,0.0,0.0,0.0,0.0,0.0,0.0,0.006666666666666667,0.9387535353322979,1.0,6.123233995736766e-17
window-agent3,2024-12-14 06:25:00+00:00,25,3,1,14,1,14-17-December.csv,6,0,0,0,0,0,1,13,0,0,0,0,0,0,0,0,13,0,25,3,0,12.465639999999999,26.66586563361482,0.02,0.0,0.0,0.0,0.0,0.0,0.0033333333333333335,0.043333333333333335,0.0,0.0,0.0,0.0,0.0,0.0,0.0,0.0,0.043333333333333335,0.0,0.08333333333333333,2.139149344407092,1.0,6.123233995736766e-17
window-agent3,2024-12-14 06:30:00+00:00,38,7,1,16,1,14-17-December.csv,15,0,0,0,2,0,0,16,0,0,0,0,0,6,2,0,16,0,38,8,0,9.743,21.503629716235647,0.05,0.0,0.0,0.0,0.006666666666666667,0.0,0.0,0.05333333333333334,0.0,0.0,0.0,0.0,0.0,0.02,0.006666666666666667,0.0,0.05333333333333334,0.0,0.12666666666666668,2.207085057603987,1.0,6.123233995736766e-17
window-agent3,2024-12-14 06:35:00+00:00,31,5,1,14,1,14-17-December.csv,11,0,0,0,0,0,0,13,0,0,0,0,0,2,6,0,13,0,31,6,0,9.70790322580645,9.973797586191662,0.03666666666666667,0.0,0.0,0.0,0.0,0.0,0.0,0.043333333333333335,0.0,0.0,0.0,0.0,0.0,0.006666666666666667,0.02,0.0,0.043333333333333335,0.0,0.10333333333333333,1.0273894737308862,1.0,6.123233995736766e-17
window-agent3,2024-12-14 06:40:00+00:00,39,9,1,11,1,14-17-December.csv,14,0,0,0,3,0,0,10,0,0,0,0,0,1,0,0,10,0,39,9,0,7.736948717948717,15.023761777420106,0.04666666666666667,0.0,0.0,0.0,0.01,0.0,0.0,0.03333333333333333,0.0,0.0,0.0,0.0,0.0,0.0033333333333333335,0.0,0.0,0.03333333333333333,0.0,0.13,1.9418200023178294,1.0,6.123233995736766e-17
window-agent3,2024-12-14 06:45:00+00:00,34,6,1,6,1,14-17-December.csv,25,0,0,0,0,0,0,5,0,0,0,0,0,5,2,0,5,0,34,8,0,8.42220588235294,11.202594238996639,0.08333333333333333,0.0,0.0,0.0,0.0,0.0,0.0,0.016666666666666666,0.0,0.0,0.0,0.0,0.0,0.016666666666666666,0.006666666666666667,0.0,0.016666666666666666,0.0,0.11333333333333333,1.330125907093942,1.0,6.123233995736766e-17
window-agent3,2024-12-14 06:55:00+00:00,27,6,1,7,1,14-17-December.csv,16,0,0,0,0,0,1,7,0,0,0,0,0,4,0,0,7,0,27,7,0,11.935666666666666,17.874748295161655,0.05333333333333334,0.0,0.0,0.0,0.0,0.0,0.0033333333333333335,0.023333333333333334,0.0,0.0,0.0,0.0,0.0,0.013333333333333334,0.0,0.0,0.023333333333333334,0.0,0.09,1.4975911102713149,1.0,6.123233995736766e-17
window-agent3,2024-12-14 07:00:00+00:00,24,3,1,12,1,14-17-December.csv,2,0,0,0,0,0,0,12,0,0,0,0,0,2,0,0,12,0,24,4,0,12.358166666666667,21.45964203207797,0.006666666666666667,0.0,0.0,0.0,0.0,0.0,0.0,0.04,0.0,0.0,0.0,0.0,0.0,0.006666666666666667,0.0,0.0,0.04,0.0,0.08,1.7364745605802885,0.9659258262890683,-0.25881904510252063
window-agent3,2024-12-14 07:05:00+00:00,18,7,2,4,1,14-17-December.csv,5,2,0,0,2,0,0,4,0,0,0,0,0,0,0,0,4,0,18,8,1,11.927055555555556,14.021240607492715,0.016666666666666666,0.006666666666666667,0.0,0.0,0.006666666666666667,0.0,0.0,0.013333333333333334,0.0,0.0,0.0,0.0,0.0,0.0,0.0,0.0,0.013333333333333334,0.0,0.06,1.175582736424976,0.9659258262890683,-0.25881904510252063
window-agent3,2024-12-14 07:10:00+00:00,27,6,1,10,1,14-17-December.csv,12,0,0,0,1,0,0,11,0,0,0,0,0,1,0,0,11,0,27,7,0,14.151037037037039,23.60050441684128,0.04,0.0,0.0,0.0,0.0033333333333333335,0.0,0.0,0.03666666666666667,0.0,0.0,0.0,0.0,0.0,0.0033333333333333335,0.0,0.0,0.03666666666666667,0.0,0.09,1.6677579427622486,0.9659258262890683,-0.25881904510252063
window-agent3,2024-12-14 07:15:00+00:00,21,7,1,9,1,14-17-December.csv,3,0,0,0,4,0,0,8,0,0,0,0,0,3,0,0,8,0,21,7,0,14.39447619047619,15.875925845817772,0.01,0.0,0.0,0.0,0.013333333333333334,0.0,0.0,0.02666666666666667,0.0,0.0,0.0,0.0,0.0,0.01,0.0,0.0,0.02666666666666667,0.0,0.07,1.1029179273867395,0.9659258262890683,-0.25881904510252063
window-agent3,2024-12-14 07:20:00+00:00,39,11,1,20,1,14-17-December.csv,16,0,0,0,0,0,0,20,0,0,0,0,0,6,3,0,20,0,39,13,0,7.393153846153846,15.406546439297639,0.05333333333333334,0.0,0.0,0.0,0.0,0.0,0.0,0.06666666666666667,0.0,0.0,0.0,0.0,0.0,0.02,0.01,0.0,0.06666666666666667,0.0,0.13,2.0838936616086534,0.9659258262890683,-0.25881904510252063
window-agent3,2024-12-14 07:25:00+00:00,44,12,1,17,1,14-17-December.csv,23,0,0,0,0,0,1,17,0,0,0,0,0,5,9,0,15,0,44,15,0,7.334977272727272,11.750850329426706,0.07666666666666666,0.0,0.0,0.0,0.0,0.0,0.0033333333333333335,0.056666666666666664,0.0,0.0,0.0,0.0,0.0,0.016666666666666666,0.03,0.0,0.05,0.0,0.14666666666666667,1.602029548628381,0.9659258262890683,-0.25881904510252063
window-agent3,2024-12-14 07:30:00+00:00,18,6,1,5,1,14-17-December.csv,9,0,0,0,1,0,0,4,0,0,0,0,0,1,0,0,4,0,18,6,0,16.038277777777775,13.951271090332511,0.03,0.0,0.0,0.0,0.0033333333333333335,0.0,0.0,0.013333333333333334,0.0,0.0,0.0,0.0,0.0,0.0033333333333333335,0.0,0.0,0.013333333333333334,0.0,0.06,0.8698733918714785,0.9659258262890683,-0.25881904510252063
window-agent3,2024-12-14 07:35:00+00:00,20,4,1,7,1,14-17-December.csv,4,0,0,0,2,0,1,6,0,0,0,0,0,0,4,0,6,0,20,5,0,13.63955,22.357818155660425,0.013333333333333334,0.0,0.0,0.0,0.006666666666666667,0.0,0.0033333333333333335,0.02,0.0,0.0,0.0,0.0,0.0,0.0,0.013333333333333334,0.0,0.02,0.0,0.06666666666666667,1.6391903072799634,0.9659258262890683,-0.25881904510252063
window-agent3,2024-12-14 07:40:00+00:00,11,3,1,7,1,14-17-December.csv,2,0,0,0,0,0,0,6,0,0,0,0,0,0,0,0,6,0,11,3,0,28.629363636363635,24.53888853747344,0.006666666666666667,0.0,0.0,0.0,0.0,0.0,0.0,0.02,0.0,0.0,0.0,0.0,0.0,0.0,0.0,0.0,0.02,0.0,0.03666666666666667,0.8571230869520735,0.9659258262890683,-0.25881904510252063
window-agent3,2024-12-14 07:45:00+00:00,16,3,1,10,1,14-17-December.csv,0,0,0,0,0,0,0,9,0,0,0,0,0,0,0,0,9,0,16,3,0,15.680562499999999,10.954032651456115,0.0,0.0,0.0,0.0,0.0,0.0,0.0,0.03,0.0,0.0,0.0,0.0,0.0,0.0,0.0,0.0,0.03,0.0,0.05333333333333334,0.6985739606889815,0.9659258262890683,-0.25881904510252063
window-agent3,2024-12-14 07:50:00+00:00,15,6,1,8,1,14-17-December.csv,2,0,0,0,2,0,0,7,0,0,0,0,0,2,0,0,7,0,15,6,0,18.62206666666667,29.658569545668215,0.006666666666666667,0.0,0.0,0.0,0.006666666666666667,0.0,0.0,0.023333333333333334,0.0,0.0,0.0,0.0,0.0,0.006666666666666667,0.0,0.0,0.023333333333333334,0.0,0.05,1.5926572531692622,0.9659258262890683,-0.25881904510252063
window-agent3,2024-12-14 07:55:00+00:00,47,6,2,5,1,14-17-December.csv,14,4,0,0,0,0,1,4,0,0,0,0,0,2,0,0,4,0,43,7,1,8.17395744680851,18.094787654432956,0.04666666666666667,0.013333333333333334,0.0,0.0,0.0,0.0,0.0033333333333333335,0.013333333333333334,0.0,0.0,0.0,0.0,0.0,0.006666666666666667,0.0,0.0,0.013333333333333334,0.0,0.14333333333333334,2.2137119959558875,0.9659258262890683,-0.25881904510252063
window-agent3,2024-12-14 08:00:00+00:00,22,5,1,6,1,14-17-December.csv,11,0,0,0,0,0,0,5,0,0,0,0,0,2,0,0,5,0,22,5,0,13.544681818181818,15.431763928389989,0.03666666666666667,0.0,0.0,0.0,0.0,0.0,0.0,0.016666666666666666,0.0,0.0,0.0,0.0,0.0,0.006666666666666667,0.0,0.0,0.016666666666666666,0.0,0.07333333333333333,1.1393227346008992,0.8660254037844387,-0.4999999999999998
window-agent3,2024-12-14 08:05:00+00:00,17,5,1,6,1,14-17-December.csv,8,0,0,0,0,0,0,5,0,0,0,0,0,3,0,0,5,0,17,5,0,17.51823529411765,26.446761197095128,0.02666666666666667,0.0,0.0,0.0,0.0,0.0,0.0,0.016666666666666666,0.0,0.0,0.0,0.0,0.0,0.01,0.0,0.0,0.016666666666666666,0.0,0.056666666666666664,1.5096703950526078,0.8660254037844387,-0.4999999999999998
window-agent3,2024-12-14 08:10:00+00:00,22,5,1,10,1,14-17-December.csv,6,0,0,0,0,0,0,10,0,0,0,0,0,2,0,0,10,0,22,5,0,12.972499999999998,17.83991423679471,0.02,0.0,0.0,0.0,0.0,0.0,0.0,0.03333333333333333,0.0,0.0,0.0,0.0,0.0,0.006666666666666667,0.0,0.0,0.03333333333333333,0.0,0.07333333333333333,1.3752101936245682,0.8660254037844387,-0.4999999999999998
window-agent3,2024-12-14 08:15:00+00:00,23,7,2,7,1,14-17-December.csv,8,2,0,0,1,0,0,7,0,0,0,0,0,0,0,0,7,0,23,8,1,14.193782608695653,18.885679030699237,0.02666666666666667,0.006666666666666667,0.0,0.0,0.0033333333333333335,0.0,0.0,0.023333333333333334,0.0,0.0,0.0,0.0,0.0,0.0,0.0,0.0,0.023333333333333334,0.0,0.07666666666666666,1.3305599748392052,0.8660254037844387,-0.4999999999999998
window-agent3,2024-12-14 08:20:00+00:00,19,4,1,7,1,14-17-December.csv,10,0,0,0,0,0,0,6,0,0,0,0,0,0,2,0,6,0,19,5,0,15.751210526315791,16.02928260534779,0.03333333333333333,0.0,0.0,0.0,0.0,0.0,0.0,0.02,0.0,0.0,0.0,0.0,0.0,0.0,0.006666666666666667,0.0,0.02,0.0,0.06333333333333334,1.0176540132307559,0.8660254037844387,-0.4999999999999998
window-agent3,2024-12-14 08:25:00+00:00,33,10,1,9,1,14-17-December.csv,15,0,0,0,3,0,1,8,0,0,0,0,0,0,2,0,7,0,33,12,0,8.641454545454545,16.387858905472726,0.05,0.0,0.0,0.0,0.01,0.0,0.0033333333333333335,0.02666666666666667,0.0,0.0,0.0,0.0,0.0,0.0,0.006666666666666667,0.0,0.023333333333333334,0.0,0.11,1.896423665630786,0.8660254037844387,-0.4999999999999998
window-agent3,2024-12-14 08:30:00+00:00,29,8,1,8,1,14-17-December.csv,15,0,0,0,3,0,0,8,0,0,0,0,0,2,6,0,8,0,29,10,0,10.553275862068967,22.06108580881819,0.05,0.0,0.0,0.0,0.01,0.0,0.0,0.02666666666666667,0.0,0.0,0.0,0.0,0.0,0.006666666666666667,0.02,0.0,0.02666666666666667,0.0,0.09666666666666666,2.0904490792390904,0.8660254037844387,-0.4999999999999998
window-agent3,2024-12-14 08:35:00+00:00,22,4,1,5,1,14-17-December.csv,12,0,0,0,2,0,0,4,0,0,0,0,0,2,2,0,4,0,22,6,0,13.82909090909091,15.077168402553612,0.04,0.0,0.0,0.0,0.006666666666666667,0.0,0.0,0.013333333333333334,0.0,0.0,0.0,0.0,0.0,0.006666666666666667,0.006666666666666667,0.0,0.013333333333333334,0.0,0.07333333333333333,1.0902501474368245,0.8660254037844387,-0.4999999999999998
window-agent3,2024-12-14 08:40:00+00:00,28,7,1,9,1,14-17-December.csv,12,0,0,0,0,0,0,9,0,0,0,0,0,0,0,0,9,0,28,9,0,10.446928571428572,11.064793994596426,0.04,0.0,0.0,0.0,0.0,0.0,0.0,0.03,0.0,0.0,0.0,0.0,0.0,0.0,0.0,0.0,0.03,0.0,0.09333333333333334,1.0591432610018663,0.8660254037844387,-0.4999999999999998
window-agent3,2024-12-14 08:45:00+00:00,15,5,1,4,1,14-17-December.csv,10,0,0,0,0,0,0,3,0,0,0,0,0,0,0,0,3,0,15,5,0,20.216333333333335,24.720372239646125,0.03333333333333333,0.0,0.0,0.0,0.0,0.0,0.0,0.01,0.0,0.0,0.0,0.0,0.0,0.0,0.0,0.0,0.01,0.0,0.05,1.22279207767545,0.8660254037844387,-0.4999999999999998
window-agent3,2024-12-14 08:50:00+00:00,22,4,1,10,1,14-17-December.csv,8,0,0,0,0,0,0,9,0,0,0,0,0,4,4,0,9,0,22,5,0,12.068954545454545,19.384995104160115,0.02666666666666667,0.0,0.0,0.0,0.0,0.0,0.0,0.03,0.0,0.0,0.0,0.0,0.0,0.013333333333333334,0.013333333333333334,0.0,0.03,0.0,0.07333333333333333,1.6061867688001994,0.8660254037844387,-0.4999999999999998
window-agent3,2024-12-14 08:55:00+00:00,21,6,1,8,1,14-17-December.csv,8,0,0,0,0,0,1,8,0,0,0,0,0,0,0,0,8,0,21,6,0,15.216,21.117618154043793,0.02666666666666667,0.0,0.0,0.0,0.0,0.0,0.0033333333333333335,0.02666666666666667,0.0,0.0,0.0,0.0,0.0,0.0,0.0,0.0,0.02666666666666667,0.0,0.07,1.3878560826790085,0.8660254037844387,-0.4999999999999998
window-agent3,2024-12-14 09:00:00+00:00,25,7,1,7,1,14-17-December.csv,12,0,0,0,1,0,0,6,0,0,0,0,0,0,0,0,6,0,25,7,0,12.793520000000001,13.791226601599535,0.04,0.0,0.0,0.0,0.0033333333333333335,0.0,0.0,0.02,0.0,0.0,0.0,0.0,0.0,0.0,0.0,0.0,0.02,0.0,0.08333333333333333,1.0779853083122968,0.7071067811865476,-0.7071067811865475
window-agent3,2024-12-14 09:05:00+00:00,15,3,1,10,1,14-17-December.csv,0,0,0,0,0,0,0,9,0,0,0,0,0,0,0,0,9,0,15,3,0,19.7976,25.341401169965778,0.0,0.0,0.0,0.0,0.0,0.0,0.0,0.03,0.0,0.0,0.0,0.0,0.0,0.0,0.0,0.0,0.03,0.0,0.05,1.2800239003700338,0.7071067811865476,-0.7071067811865475
window-agent3,2024-12-14 09:10:00+00:00,26,6,1,11,1,14-17-December.csv,8,0,0,0,0,0,0,10,0,0,0,0,0,4,0,0,10,0,26,6,0,11.628307692307693,13.781980698779785,0.02666666666666667,0.0,0.0,0.0,0.0,0.0,0.0,0.03333333333333333,0.0,0.0,0.0,0.0,0.0,0.013333333333333334,0.0,0.0,0.03333333333333333,0.0,0.08666666666666667,1.1852094959524317,0.7071067811865476,-0.7071067811865475
window-agent3,2024-12-14 09:15:00+00:00,16,6,1,7,1,14-17-December.csv,2,0,0,0,2,0,0,7,0,0,0,0,0,0,0,0,7,0,16,6,0,18.5243125,20.126883695590664,0.006666666666666667,0.0,0.0,0.0,0.006666666666666667,0.0,0.0,0.023333333333333334,0.0,0.0,0.0,0.0,0.0,0.0,0.0,0.0,0.023333333333333334,0.0,0.05333333333333334,1.0865117771896076,0.7071067811865476,-0.7071067811865475
window-agent3,2024-12-14 09:20:00+00:00,12,4,1,7,1,14-17-December.csv,0,0,0,0,2,0,0,6,0,0,0,0,0,0,0,0,6,0,12,4,0,17.823583333333335,15.443281966651881,0.0,0.0,0.0,0.0,0.006666666666666667,0.0,0.0,0.02,0.0,0.0,0.0,0.0,0.0,0.0,0.0,0.0,0.02,0.0,0.04,0.8664521425256918,0.7071067811865476,-0.7071067811865475
window-agent3,2024-12-14 09:45:00+00:00,5,3,1,1,1,14-17-December.csv,0,0,0,0,2,0,0,0,0,0,0,0,0,0,0,0,0,0,5,3,0,121.35560000000001,238.73403613393714,0.0,0.0,0.0,0.0,0.006666666666666667,0.0,0.0,0.0,0.0,0.0,0.0,0.0,0.0,0.0,0.0,0.0,0.0,0.0,0.016666666666666666,1.9672271912786647,0.7071067811865476,-0.7071067811865475
window-agent3,2024-12-14 10:00:00+00:00,4,3,1,1,1,14-17-December.csv,0,0,0,0,2,0,0,0,0,0,0,0,0,0,0,0,0,0,4,3,0,55.48075,90.45685795035112,0.0,0.0,0.0,0.0,0.006666666666666667,0.0,0.0,0.0,0.0,0.0,0.0,0.0,0.0,0.0,0.0,0.0,0.0,0.0,0.013333333333333334,1.6304188020232444,0.49999999999999994,-0.8660254037844387
window-agent3,2024-12-14 10:20:00+00:00,24,5,1,1,1,14-17-December.csv,0,0,0,0,7,0,0,0,0,0,0,0,0,0,0,0,0,0,24,5,0,17.854041666666667,42.647408784610434,0.0,0.0,0.0,0.0,0.023333333333333334,0.0,0.0,0.0,0.0,0.0,0.0,0.0,0.0,0.0,0.0,0.0,0.0,0.0,0.08,2.3886697242469617,0.49999999999999994,-0.8660254037844387
window-agent3,2024-12-14 10:50:00+00:00,4,3,1,1,1,14-17-December.csv,0,0,0,0,2,0,0,0,0,0,0,0,0,0,0,0,0,0,4,3,0,51.524,82.46891623716984,0.0,0.0,0.0,0.0,0.006666666666666667,0.0,0.0,0.0,0.0,0.0,0.0,0.0,0.0,0.0,0.0,0.0,0.0,0.0,0.013333333333333334,1.600592272284175,0.49999999999999994,-0.8660254037844387
window-agent3,2024-12-14 11:00:00+00:00,1,1,1,1,1,14-17-December.csv,0,0,0,0,0,0,0,0,0,0,0,0,0,0,0,0,0,0,1,1,0,411.377,,0.0,0.0,0.0,0.0,0.0,0.0,0.0,0.0,0.0,0.0,0.0,0.0,0.0,0.0,0.0,0.0,0.0,0.0,0.0033333333333333335,0.0,0.258819045102521,-0.9659258262890682
window-agent3,2024-12-14 11:20:00+00:00,231,4,1,2,1,14-17-December.csv,28,0,0,0,0,0,0,1,0,0,0,0,0,0,0,0,0,0,231,4,0,1.4478571428571427,17.221850525509193,0.09333333333333334,0.0,0.0,0.0,0.0,0.0,0.0,0.0033333333333333335,0.0,0.0,0.0,0.0,0.0,0.0,0.0,0.0,0.0,0.0,0.77,11.894716692507584,0.258819045102521,-0.9659258262890682
window-agent3,2024-12-14 11:30:00+00:00,5,3,1,2,1,14-17-December.csv,0,0,0,0,2,0,0,1,0,0,0,0,0,0,0,0,0,0,5,3,0,67.809,131.9308404884923,0.0,0.0,0.0,0.0,0.006666666666666667,0.0,0.0,0.0033333333333333335,0.0,0.0,0.0,0.0,0.0,0.0,0.0,0.0,0.0,0.0,0.016666666666666666,1.9456243343581574,0.258819045102521,-0.9659258262890682
window-agent3,2024-12-14 11:35:00+00:00,5,4,1,3,1,14-17-December.csv,0,0,0,0,1,0,1,2,0,0,0,0,0,0,0,0,2,0,5,4,0,40.8138,70.09344460575468,0.0,0.0,0.0,0.0,0.0033333333333333335,0.0,0.0033333333333333335,0.006666666666666667,0.0,0.0,0.0,0.0,0.0,0.0,0.0,0.0,0.006666666666666667,0.0,0.016666666666666666,1.7173956996347972,0.258819045102521,-0.9659258262890682
window-agent3,2024-12-14 11:45:00+00:00,5,3,1,1,1,14-17-December.csv,0,0,0,0,2,0,0,0,0,0,0,0,0,0,0,0,0,0,5,3,0,81.0946,118.50591660461515,0.0,0.0,0.0,0.0,0.006666666666666667,0.0,0.0,0.0,0.0,0.0,0.0,0.0,0.0,0.0,0.0,0.0,0.0,0.0,0.016666666666666666,1.4613293191484409,0.258819045102521,-0.9659258262890682
window-agent3,2024-12-14 12:20:00+00:00,4,3,1,1,1,14-17-December.csv,0,0,0,0,2,0,0,0,0,0,0,0,0,0,0,0,0,0,4,3,0,81.77975,142.90542904166844,0.0,0.0,0.0,0.0,0.006666666666666667,0.0,0.0,0.0,0.0,0.0,0.0,0.0,0.0,0.0,0.0,0.0,0.0,0.0,0.013333333333333334,1.7474427231884229,1.2246467991473532e-16,-1.0
window-agent3,2024-12-14 12:30:00+00:00,4,3,1,1,1,14-17-December.csv,0,0,0,0,2,0,0,0,0,0,0,0,0,0,0,0,0,0,4,3,0,86.32050000000001,150.37927522656395,0.0,0.0,0.0,0.0,0.006666666666666667,0.0,0.0,0.0,0.0,0.0,0.0,0.0,0.0,0.0,0.0,0.0,0.0,0.0,0.013333333333333334,1.742103848177014,1.2246467991473532e-16,-1.0
window-agent3,2024-12-14 12:40:00+00:00,3,3,1,1,1,14-17-December.csv,1,0,0,0,1,0,0,0,0,0,0,0,0,1,1,0,0,0,3,3,0,162.06966666666668,141.21535268282034,0.0033333333333333335,0.0,0.0,0.0,0.0033333333333333335,0.0,0.0,0.0,0.0,0.0,0.0,0.0,0.0,0.0033333333333333335,0.0033333333333333335,0.0,0.0,0.0,0.01,0.8713250023106545,1.2246467991473532e-16,-1.0
window-agent3,2024-12-14 13:00:00+00:00,2,2,1,1,1,14-17-December.csv,0,0,0,0,1,0,0,0,0,0,0,0,0,0,0,0,0,0,2,2,0,125.28699999999999,170.16524689254265,0.0,0.0,0.0,0.0,0.0033333333333333335,0.0,0.0,0.0,0.0,0.0,0.0,0.0,0.0,0.0,0.0,0.0,0.0,0.0,0.006666666666666667,1.3582035398129308,-0.2588190451025208,-0.9659258262890683
window-agent3,2024-12-14 13:10:00+00:00,5,4,1,1,1,14-17-December.csv,0,0,0,0,3,0,0,0,0,0,0,0,0,0,0,0,0,0,5,4,0,134.356,187.34718601703096,0.0,0.0,0.0,0.0,0.01,0.0,0.0,0.0,0.0,0.0,0.0,0.0,0.0,0.0,0.0,0.0,0.0,0.0,0.016666666666666666,1.3944087797867677,-0.2588190451025208,-0.9659258262890683
window-agent3,2024-12-14 13:15:00+00:00,3,2,1,1,1,14-17-December.csv,0,0,0,0,1,0,0,0,0,0,0,0,0,0,0,0,0,0,3,2,0,97.22366666666666,107.22589634194406,0.0,0.0,0.0,0.0,0.0033333333333333335,0.0,0.0,0.0,0.0,0.0,0.0,0.0,0.0,0.0,0.0,0.0,0.0,0.0,0.01,1.102878548178709,-0.2588190451025208,-0.9659258262890683
window-agent3,2024-12-14 13:25:00+00:00,3,1,1,1,1,14-17-December.csv,0,0,0,0,0,0,1,0,0,0,0,0,0,0,0,0,0,0,3,1,0,202.34166666666667,177.03736509656184,0.0,0.0,0.0,0.0,0.0,0.0,0.0033333333333333335,0.0,0.0,0.0,0.0,0.0,0.0,0.0,0.0,0.0,0.0,0.0,0.01,0.8749427046492081,-0.2588190451025208,-0.9659258262890683
window-agent3,2024-12-14 13:40:00+00:00,7,4,1,1,1,14-17-December.csv,0,0,0,0,4,0,0,0,0,0,0,0,0,0,0,0,0,0,7,4,0,128.28485714285713,267.3358874938845,0.0,0.0,0.0,0.0,0.013333333333333334,0.0,0.0,0.0,0.0,0.0,0.0,0.0,0.0,0.0,0.0,0.0,0.0,0.0,0.023333333333333334,2.0839239599119725,-0.2588190451025208,-0.9659258262890683
window-agent3,2024-12-14 14:00:00+00:00,4,1,1,1,1,14-17-December.csv,0,0,0,0,0,0,0,0,0,0,0,0,0,0,0,0,0,0,4,1,0,105.66450000000002,129.7091596932666,0.0,0.0,0.0,0.0,0.0,0.0,0.0,0.0,0.0,0.0,0.0,0.0,0.0,0.0,0.0,0.0,0.0,0.0,0.013333333333333334,1.2275566504669646,-0.4999999999999997,-0.8660254037844388
window-agent3,2024-12-14 14:15:00+00:00,5,4,1,1,1,14-17-December.csv,0,0,0,0,3,0,0,0,0,0,0,0,0,0,0,0,0,0,5,4,0,139.251,280.1248918304119,0.0,0.0,0.0,0.0,0.01,0.0,0.0,0.0,0.0,0.0,0.0,0.0,0.0,0.0,0.0,0.0,0.0,0.0,0.016666666666666666,2.0116544357341195,-0.4999999999999997,-0.8660254037844388
window-agent3,2024-12-14 14:20:00+00:00,4,3,1,1,1,14-17-December.csv,0,0,0,0,2,0,0,0,0,0,0,0,0,0,0,0,0,0,4,3,0,81.91525,84.87705359076739,0.0,0.0,0.0,0.0,0.006666666666666667,0.0,0.0,0.0,0.0,0.0,0.0,0.0,0.0,0.0,0.0,0.0,0.0,0.0,0.013333333333333334,1.0361569254902767,-0.4999999999999997,-0.8660254037844388
window-agent3,2024-12-14 14:25:00+00:00,5,3,1,1,1,14-17-December.csv,0,0,0,0,2,0,1,0,0,0,0,0,0,0,0,0,0,0,5,3,0,85.6924,134.61367730397978,0.0,0.0,0.0,0.0,0.006666666666666667,0.0,0.0033333333333333335,0.0,0.0,0.0,0.0,0.0,0.0,0.0,0.0,0.0,0.0,0.0,0.016666666666666666,1.5708940034819865,-0.4999999999999997,-0.8660254037844388
window-agent3,2024-12-14 14:30:00+00:00,3,2,1,1,1,14-17-December.csv,0,0,0,0,1,0,0,0,0,0,0,0,0,0,0,0,0,0,3,2,0,99.914,139.86638816742212,0.0,0.0,0.0,0.0,0.0033333333333333335,0.0,0.0,0.0,0.0,0.0,0.0,0.0,0.0,0.0,0.0,0.0,0.0,0.0,0.01,1.399867767954662,-0.4999999999999997,-0.8660254037844388
window-agent3,2024-12-14 15:20:00+00:00,5,4,1,2,1,14-17-December.csv,0,0,0,0,2,0,0,1,0,0,0,0,0,0,0,0,1,0,5,4,0,44.312599999999996,68.02108552720988,0.0,0.0,0.0,0.0,0.006666666666666667,0.0,0.0,0.0033333333333333335,0.0,0.0,0.0,0.0,0.0,0.0,0.0,0.0,0.0033333333333333335,0.0,0.016666666666666666,1.5350280851768996,-0.7071067811865471,-0.7071067811865479
window-agent3,2024-12-14 15:35:00+00:00,2,1,1,1,1,14-17-December.csv,0,0,0,0,0,0,0,0,0,0,0,0,0,0,0,0,0,0,2,1,0,150.69,45.83748998363675,0.0,0.0,0.0,0.0,0.0,0.0,0.0,0.0,0.0,0.0,0.0,0.0,0.0,0.0,0.0,0.0,0.0,0.0,0.006666666666666667,0.30418402006527806,-0.7071067811865471,-0.7071067811865479
window-agent3,2024-12-14 17:30:00+00:00,44,6,1,13,1,14-17-December.csv,7,0,0,0,0,0,0,12,0,0,0,0,0,2,0,0,12,0,44,6,0,5.919409090909091,8.366382078566973,0.023333333333333334,0.0,0.0,0.0,0.0,0.0,0.0,0.04,0.0,0.0,0.0,0.0,0.0,0.006666666666666667,0.0,0.0,0.04,0.0,0.14666666666666667,1.4133812936524177,-0.9659258262890683,-0.25881904510252063
window-agent3,2024-12-15 06:35:00+00:00,59,8,1,3,1,14-17-December.csv,6,0,0,0,6,0,1,2,20,0,0,0,0,0,1,0,2,20,59,9,0,783.0126949152543,6004.466128652679,0.02,0.0,0.0,0.0,0.02,0.0,0.0033333333333333335,0.006666666666666667,0.06666666666666667,0.0,0.0,0.0,0.0,0.0,0.0033333333333333335,0.0,0.006666666666666667,0.06666666666666667,0.19666666666666666,7.668414787709851,1.0,6.123233995736766e-17
window-agent3,2024-12-15 06:40:00+00:00,80,20,1,23,1,14-17-December.csv,20,0,0,0,19,0,1,22,0,0,0,0,0,0,0,0,20,0,80,20,0,3.4466499999999995,7.1425377915554265,0.06666666666666667,0.0,0.0,0.0,0.06333333333333334,0.0,0.0033333333333333335,0.07333333333333333,0.0,0.0,0.0,0.0,0.0,0.0,0.0,0.0,0.06666666666666667,0.0,0.26666666666666666,2.0723130551565805,1.0,6.123233995736766e-17
window-agent3,2024-12-15 06:45:00+00:00,39,8,1,4,1,14-17-December.csv,0,0,0,0,7,0,1,3,0,0,0,0,0,0,0,0,3,0,39,8,0,8.143,13.125669316267265,0.0,0.0,0.0,0.0,0.023333333333333334,0.0,0.0033333333333333335,0.01,0.0,0.0,0.0,0.0,0.0,0.0,0.0,0.0,0.01,0.0,0.13,1.6118960231201356,1.0,6.123233995736766e-17
window-agent3,2024-12-15 06:50:00+00:00,26,8,1,12,1,14-17-December.csv,5,0,0,0,5,0,0,11,0,0,0,0,0,1,0,0,10,0,26,8,0,11.333346153846154,11.89895928202902,0.016666666666666666,0.0,0.0,0.0,0.016666666666666666,0.0,0.0,0.03666666666666667,0.0,0.0,0.0,0.0,0.0,0.0033333333333333335,0.0,0.0,0.03333333333333333,0.0,0.08666666666666667,1.049906984266153,1.0,6.123233995736766e-17
window-agent3,2024-12-15 06:55:00+00:00,34,6,1,5,1,14-17-December.csv,9,0,0,0,1,0,0,4,0,0,0,0,0,2,3,0,4,0,34,7,0,8.897735294117647,16.140427162513806,0.03,0.0,0.0,0.0,0.0033333333333333335,0.0,0.0,0.013333333333333334,0.0,0.0,0.0,0.0,0.0,0.006666666666666667,0.01,0.0,0.013333333333333334,0.0,0.11333333333333333,1.8139927328681436,1.0,6.123233995736766e-17
window-agent3,2024-12-15 07:00:00+00:00,234,4,1,7,1,14-17-December.csv,2,0,0,0,0,0,0,6,0,0,0,0,0,0,1,0,6,0,234,4,0,1.3320641025641027,6.936807323665452,0.006666666666666667,0.0,0.0,0.0,0.0,0.0,0.0,0.02,0.0,0.0,0.0,0.0,0.0,0.0,0.0033333333333333335,0.0,0.02,0.0,0.78,5.207562691849984,0.9659258262890683,-0.25881904510252063
window-agent3,2024-12-15 11:10:00+00:00,96,15,1,2,1,14-17-December.csv,28,0,0,0,16,0,1,1,20,0,0,0,0,0,1,0,0,20,96,16,0,149.38759375,1444.5255092412767,0.09333333333333334,0.0,0.0,0.0,0.05333333333333334,0.0,0.0033333333333333335,0.0033333333333333335,0.06666666666666667,0.0,0.0,0.0,0.0,0.0,0.0033333333333333335,0.0,0.0,0.06666666666666667,0.32,9.669648415776003,0.258819045102521,-0.9659258262890682
window-agent3,2024-12-15 11:15:00+00:00,7,5,1,2,1,14-17-December.csv,0,0,0,0,4,0,0,1,0,0,0,0,0,0,0,0,1,0,7,5,0,21.867142857142856,28.71097019972547,0.0,0.0,0.0,0.0,0.013333333333333334,0.0,0.0,0.0033333333333333335,0.0,0.0,0.0,0.0,0.0,0.0,0.0,0.0,0.0033333333333333335,0.0,0.023333333333333334,1.3129730933434265,0.258819045102521,-0.9659258262890682
window-agent3,2024-12-15 11:20:00+00:00,12,7,1,5,1,14-17-December.csv,0,0,0,0,5,0,1,4,0,0,0,0,0,0,0,0,3,0,12,7,0,31.718166666666665,63.492048167586724,0.0,0.0,0.0,0.0,0.016666666666666666,0.0,0.0033333333333333335,0.013333333333333334,0.0,0.0,0.0,0.0,0.0,0.0,0.0,0.0,0.01,0.0,0.04,2.0017565590987307,0.258819045102521,-0.9659258262890682
window-agent3,2024-12-15 11:25:00+00:00,25,5,1,1,1,14-17-December.csv,0,0,0,0,9,0,0,0,0,0,0,0,0,0,0,0,0,0,25,5,0,15.44804,35.47050022375401,0.0,0.0,0.0,0.0,0.03,0.0,0.0,0.0,0.0,0.0,0.0,0.0,0.0,0.0,0.0,0.0,0.0,0.0,0.08333333333333333,2.2961165444777465,0.258819045102521,-0.9659258262890682
window-agent3,2024-12-15 11:30:00+00:00,15,7,1,3,1,14-17-December.csv,0,0,0,0,3,0,2,3,1,0,0,0,0,0,0,0,3,1,15,7,0,16.830133333333333,33.24241034080812,0.0,0.0,0.0,0.0,0.01,0.0,0.006666666666666667,0.01,0.0033333333333333335,0.0,0.0,0.0,0.0,0.0,0.0,0.0,0.01,0.0033333333333333335,0.05,1.9751721321761042,0.258819045102521,-0.9659258262890682
window-agent3,2024-12-15 11:40:00+00:00,4,2,1,1,1,14-17-December.csv,0,0,0,0,1,0,1,0,0,0,0,0,0,0,0,0,0,0,4,2,0,72.60925,57.81177067215637,0.0,0.0,0.0,0.0,0.0033333333333333335,0.0,0.0033333333333333335,0.0,0.0,0.0,0.0,0.0,0.0,0.0,0.0,0.0,0.0,0.0,0.013333333333333334,0.7962039364427586,0.258819045102521,-0.9659258262890682
window-agent3,2024-12-15 12:10:00+00:00,6,3,1,1,1,14-17-December.csv,0,0,0,0,2,0,1,0,0,0,0,0,0,0,0,0,0,0,6,3,0,101.16966666666666,148.62780140023153,0.0,0.0,0.0,0.0,0.006666666666666667,0.0,0.0033333333333333335,0.0,0.0,0.0,0.0,0.0,0.0,0.0,0.0,0.0,0.0,0.0,0.02,1.4690945052723137,1.2246467991473532e-16,-1.0
window-agent3,2024-12-15 12:15:00+00:00,6,4,1,1,1,14-17-December.csv,0,0,0,0,3,0,0,0,0,0,0,0,0,0,0,0,0,0,6,4,0,55.64033333333333,96.51452079488696,0.0,0.0,0.0,0.0,0.01,0.0,0.0,0.0,0.0,0.0,0.0,0.0,0.0,0.0,0.0,0.0,0.0,0.0,0.02,1.7346143528055842,1.2246467991473532e-16,-1.0
window-agent3,2024-12-15 12:45:00+00:00,2,2,1,1,1,14-17-December.csv,0,0,0,0,1,0,0,0,0,0,0,0,0,0,0,0,0,0,2,2,0,141.137,61.20433455238281,0.0,0.0,0.0,0.0,0.0033333333333333335,0.0,0.0,0.0,0.0,0.0,0.0,0.0,0.0,0.0,0.0,0.0,0.0,0.0,0.006666666666666667,0.43365194493564985,1.2246467991473532e-16,-1.0
window-agent3,2024-12-15 12:55:00+00:00,2,2,1,1,1,14-17-December.csv,0,0,0,0,1,0,0,0,0,0,0,0,0,0,0,0,0,0,2,2,0,284.19,398.2213259608279,0.0,0.0,0.0,0.0,0.0033333333333333335,0.0,0.0,0.0,0.0,0.0,0.0,0.0,0.0,0.0,0.0,0.0,0.0,0.0,0.006666666666666667,1.4012503112735422,1.2246467991473532e-16,-1.0
window-agent3,2024-12-15 13:10:00+00:00,3,1,1,1,1,14-17-December.csv,0,0,0,0,0,0,1,0,0,0,0,0,0,0,0,0,0,0,3,1,0,202.34833333333333,218.6174474883771,0.0,0.0,0.0,0.0,0.0,0.0,0.0033333333333333335,0.0,0.0,0.0,0.0,0.0,0.0,0.0,0.0,0.0,0.0,0.0,0.01,1.0804015228939063,-0.2588190451025208,-0.9659258262890683
window-agent3,2024-12-15 13:15:00+00:00,6,5,1,1,1,14-17-December.csv,0,0,0,0,4,0,0,0,0,0,0,0,0,0,0,0,0,0,6,5,0,24.218833333333333,44.22250611359183,0.0,0.0,0.0,0.0,0.013333333333333334,0.0,0.0,0.0,0.0,0.0,0.0,0.0,0.0,0.0,0.0,0.0,0.0,0.0,0.02,1.8259552598979512,-0.2588190451025208,-0.9659258262890683
window-agent3,2024-12-15 13:30:00+00:00,20,11,1,3,1,14-17-December.csv,13,0,0,0,2,0,0,2,0,0,0,0,0,0,3,0,2,0,20,12,0,53.448800000000006,195.5189740701183,0.043333333333333335,0.0,0.0,0.0,0.006666666666666667,0.0,0.0,0.006666666666666667,0.0,0.0,0.0,0.0,0.0,0.0,0.01,0.0,0.006666666666666667,0.0,0.06666666666666667,3.6580610616163183,-0.2588190451025208,-0.9659258262890683
window-agent3,2024-12-15 13:35:00+00:00,10,4,1,3,1,14-17-December.csv,0,0,0,0,2,0,0,2,0,0,0,0,0,0,0,0,2,0,10,4,0,27.1612,25.448164255119767,0.0,0.0,0.0,0.0,0.006666666666666667,0.0,0.0,0.006666666666666667,0.0,0.0,0.0,0.0,0.0,0.0,0.0,0.0,0.006666666666666667,0.0,0.03333333333333333,0.9369307782837196,-0.2588190451025208,-0.9659258262890683
window-agent3,2024-12-15 13:40:00+00:00,29,4,1,3,1,14-17-December.csv,2,0,0,0,1,0,1,2,0,0,0,0,0,2,0,0,2,0,29,4,0,11.218689655172414,21.490540071827365,0.006666666666666667,0.0,0.0,0.0,0.0033333333333333335,0.0,0.0033333333333333335,0.006666666666666667,0.0,0.0,0.0,0.0,0.0,0.006666666666666667,0.0,0.0,0.006666666666666667,0.0,0.09666666666666666,1.9156016194742567,-0.2588190451025208,-0.9659258262890683
window-agent3,2024-12-15 13:45:00+00:00,64,2,1,2,1,14-17-December.csv,0,0,0,0,0,0,0,1,0,0,0,0,0,0,0,0,1,0,64,2,0,4.7731875,8.303652940408933,0.0,0.0,0.0,0.0,0.0,0.0,0.0,0.0033333333333333335,0.0,0.0,0.0,0.0,0.0,0.0,0.0,0.0,0.0033333333333333335,0.0,0.21333333333333335,1.739645245532243,-0.2588190451025208,-0.9659258262890683
window-agent3,2024-12-15 14:00:00+00:00,4,1,1,1,1,14-17-December.csv,0,0,0,0,0,0,0,0,0,0,0,0,0,0,0,0,0,0,4,1,0,173.34825,280.34740936604,0.0,0.0,0.0,0.0,0.0,0.0,0.0,0.0,0.0,0.0,0.0,0.0,0.0,0.0,0.0,0.0,0.0,0.0,0.013333333333333334,1.6172497234096102,-0.4999999999999997,-0.8660254037844388
window-agent3,2024-12-15 14:25:00+00:00,1,1,1,1,1,14-17-December.csv,0,0,0,0,0,0,0,0,0,0,0,0,0,0,0,0,0,0,1,1,0,1281.104,,0.0,0.0,0.0,0.0,0.0,0.0,0.0,0.0,0.0,0.0,0.0,0.0,0.0,0.0,0.0,0.0,0.0,0.0,0.0033333333333333335,0.0,-0.4999999999999997,-0.8660254037844388
window-agent3,2024-12-15 14:40:00+00:00,1,1,1,1,1,14-17-December.csv,0,0,0,0,0,0,0,0,0,0,0,0,0,0,0,0,0,0,1,1,0,900.051,,0.0,0.0,0.0,0.0,0.0,0.0,0.0,0.0,0.0,0.0,0.0,0.0,0.0,0.0,0.0,0.0,0.0,0.0,0.0033333333333333335,0.0,-0.4999999999999997,-0.8660254037844388
window-agent3,2024-12-15 14:55:00+00:00,2,1,1,1,1,14-17-December.csv,0,0,0,0,0,0,0,0,0,0,0,0,0,0,0,0,0,0,2,1,0,532.9214999999999,693.8393366511443,0.0,0.0,0.0,0.0,0.0,0.0,0.0,0.0,0.0,0.0,0.0,0.0,0.0,0.0,0.0,0.0,0.0,0.0,0.006666666666666667,1.3019541089093691,-0.4999999999999997,-0.8660254037844388
window-agent3,2024-12-15 15:05:00+00:00,2,1,1,1,1,14-17-December.csv,0,0,0,0,0,0,0,0,0,0,0,0,0,0,0,0,0,0,2,1,0,312.08799999999997,379.36137389302036,0.0,0.0,0.0,0.0,0.0,0.0,0.0,0.0,0.0,0.0,0.0,0.0,0.0,0.0,0.0,0.0,0.0,0.0,0.006666666666666667,1.2155589894293288,-0.7071067811865471,-0.7071067811865479
window-agent3,2024-12-15 15:15:00+00:00,9,1,1,1,1,14-17-December.csv,0,0,0,0,0,0,0,0,0,0,0,0,0,0,0,0,0,0,9,1,0,67.97311111111111,119.30511330559605,0.0,0.0,0.0,0.0,0.0,0.0,0.0,0.0,0.0,0.0,0.0,0.0,0.0,0.0,0.0,0.0,0.0,0.0,0.03,1.7551810025375467,-0.7071067811865471,-0.7071067811865479
window-agent3,2024-12-16 06:15:00+00:00,39,8,1,2,1,14-17-December.csv,28,0,0,0,4,0,0,1,0,0,0,0,0,0,0,0,0,0,39,8,0,1359.7607692307693,8463.091457233026,0.09333333333333334,0.0,0.0,0.0,0.013333333333333334,0.0,0.0,0.0033333333333333335,0.0,0.0,0.0,0.0,0.0,0.0,0.0,0.0,0.0,0.0,0.13,6.223956190485393,1.0,6.123233995736766e-17
window-agent3,2024-12-16 06:20:00+00:00,9,5,1,2,1,14-17-December.csv,0,0,0,0,3,0,0,1,1,0,0,0,0,0,0,0,0,1,9,5,0,32.65011111111111,53.435394951390705,0.0,0.0,0.0,0.0,0.01,0.0,0.0,0.0033333333333333335,0.0033333333333333335,0.0,0.0,0.0,0.0,0.0,0.0,0.0,0.0,0.0033333333333333335,0.03,1.636606833267596,1.0,6.123233995736766e-17
window-agent3,2024-12-16 06:35:00+00:00,35,8,1,2,1,14-17-December.csv,1,0,0,0,4,0,0,1,20,0,0,0,0,0,0,0,1,20,35,8,0,14.737085714285714,57.979588507443175,0.0033333333333333335,0.0,0.0,0.0,0.013333333333333334,0.0,0.0,0.0033333333333333335,0.06666666666666667,0.0,0.0,0.0,0.0,0.0,0.0,0.0,0.0033333333333333335,0.06666666666666667,0.11666666666666667,3.9342641843522292,1.0,6.123233995736766e-17
window-agent3,2024-12-16 06:40:00+00:00,62,9,1,51,1,14-17-December.csv,7,0,0,0,2,0,1,50,0,0,0,0,0,0,0,0,50,0,62,9,0,4.876080645161291,11.210216600908806,0.023333333333333334,0.0,0.0,0.0,0.006666666666666667,0.0,0.0033333333333333335,0.16666666666666666,0.0,0.0,0.0,0.0,0.0,0.0,0.0,0.0,0.16666666666666666,0.0,0.20666666666666667,2.299021984395009,1.0,6.123233995736766e-17
window-agent3,2024-12-16 06:50:00+00:00,126,4,1,2,1,14-17-December.csv,1,0,0,0,1,0,0,1,0,0,0,0,0,0,0,0,1,0,126,4,0,2.5193809523809523,14.148712898554216,0.0033333333333333335,0.0,0.0,0.0,0.0033333333333333335,0.0,0.0,0.0033333333333333335,0.0,0.0,0.0,0.0,0.0,0.0,0.0,0.0,0.0033333333333333335,0.0,0.42,5.615948189646711,1.0,6.123233995736766e-17
window-agent3,2024-12-16 17:50:00+00:00,114,16,1,4,1,14-17-December.csv,29,0,0,0,17,0,2,3,20,0,0,0,0,0,1,0,2,20,114,17,0,335.8232280701755,3566.145876058823,0.09666666666666666,0.0,0.0,0.0,0.056666666666666664,0.0,0.006666666666666667,0.01,0.06666666666666667,0.0,0.0,0.0,0.0,0.0,0.0033333333333333335,0.0,0.006666666666666667,0.06666666666666667,0.38,10.619116183689417,-0.9659258262890683,-0.25881904510252063
window-agent3,2024-12-16 17:55:00+00:00,38,9,1,4,1,14-17-December.csv,19,0,0,0,6,0,0,3,0,0,0,0,0,0,0,0,3,0,38,10,0,7.605026315789473,13.867722043470746,0.06333333333333334,0.0,0.0,0.0,0.02,0.0,0.0,0.01,0.0,0.0,0.0,0.0,0.0,0.0,0.0,0.0,0.01,0.0,0.12666666666666668,1.8234942875449005,-0.9659258262890683,-0.25881904510252063
window-agent3,2024-12-16 18:00:00+00:00,27,10,1,7,1,14-17-December.csv,10,0,0,0,3,0,0,7,0,0,0,0,0,0,6,0,7,0,27,11,0,11.005999999999998,16.233531117365118,0.03333333333333333,0.0,0.0,0.0,0.01,0.0,0.0,0.023333333333333334,0.0,0.0,0.0,0.0,0.0,0.0,0.02,0.0,0.023333333333333334,0.0,0.09,1.4749710264732983,-1.0,-1.8369701987210297e-16
window-agent3,2024-12-22 09:00:00+00:00,126,26,0,14,1,22-December.csv,30,0,0,0,24,0,2,13,23,0,0,0,0,0,1,0,10,23,0,27,0,3851.404761904762,43207.70365507887,0.1,0.0,0.0,0.0,0.08,0.0,0.006666666666666667,0.043333333333333335,0.07666666666666666,0.0,0.0,0.0,0.0,0.0,0.0033333333333333335,0.0,0.03333333333333333,0.07666666666666666,0.0,11.218686771761154,0.7071067811865476,-0.7071067811865475
window-agent3,2024-12-22 09:05:00+00:00,28,11,0,8,1,22-December.csv,11,0,0,0,3,0,0,6,0,0,0,0,0,0,0,0,5,0,0,11,0,10.024178571428573,20.599893933660013,0.03666666666666667,0.0,0.0,0.0,0.01,0.0,0.0,0.02,0.0,0.0,0.0,0.0,0.0,0.0,0.0,0.0,0.016666666666666666,0.0,0.0,2.055020647015895,0.7071067811865476,-0.7071067811865475
window-agent3,2024-12-22 09:10:00+00:00,81,12,0,8,1,22-December.csv,11,0,0,0,4,0,3,7,0,0,0,0,0,3,3,0,7,0,0,14,0,3.9666790123456788,7.059522352516423,0.03666666666666667,0.0,0.0,0.0,0.013333333333333334,0.0,0.01,0.023333333333333334,0.0,0.0,0.0,0.0,0.0,0.01,0.01,0.0,0.023333333333333334,0.0,0.0,1.7797059783624398,0.7071067811865476,-0.7071067811865475
window-agent3,2024-12-22 09:15:00+00:00,23,3,0,3,1,22-December.csv,0,0,0,0,1,0,1,2,0,0,0,0,0,0,0,0,2,0,0,3,0,12.568739130434784,17.3279639920757,0.0,0.0,0.0,0.0,0.0033333333333333335,0.0,0.0033333333333333335,0.006666666666666667,0.0,0.0,0.0,0.0,0.0,0.0,0.0,0.0,0.006666666666666667,0.0,0.0,1.3786557117823068,0.7071067811865476,-0.7071067811865475
window-agent3,2024-12-22 10:25:00+00:00,54,8,0,2,1,22-December.csv,29,0,0,0,7,0,1,1,0,0,0,0,0,0,0,0,0,0,0,8,0,49.26987037037037,355.4168110660234,0.09666666666666666,0.0,0.0,0.0,0.023333333333333334,0.0,0.0033333333333333335,0.0033333333333333335,0.0,0.0,0.0,0.0,0.0,0.0,0.0,0.0,0.0,0.0,0.0,7.213674572193758,0.49999999999999994,-0.8660254037844387
window-agent3,2024-12-22 10:30:00+00:00,56,13,0,5,1,22-December.csv,1,0,0,0,12,0,1,4,20,0,0,0,0,0,0,0,3,20,0,13,0,5.24575,13.069221908048629,0.0033333333333333335,0.0,0.0,0.0,0.04,0.0,0.0033333333333333335,0.013333333333333334,0.06666666666666667,0.0,0.0,0.0,0.0,0.0,0.0,0.0,0.01,0.06666666666666667,0.0,2.4913924430345764,0.49999999999999994,-0.8660254037844387
window-agent3,2024-12-22 10:35:00+00:00,27,7,0,12,1,22-December.csv,0,0,0,0,5,0,0,11,0,0,0,1,0,0,0,0,1,0,0,7,0,11.453185185185184,35.902098235272504,0.0,0.0,0.0,0.0,0.016666666666666666,0.0,0.0,0.03666666666666667,0.0,0.0,0.0,0.0033333333333333335,0.0,0.0,0.0,0.0,0.0033333333333333335,0.0,0.0,3.13468241845179,0.49999999999999994,-0.8660254037844387
window-agent3,2024-12-22 10:40:00+00:00,20,11,0,5,1,22-December.csv,0,0,0,0,9,0,1,4,0,0,0,0,0,0,0,0,3,0,0,11,0,12.456999999999999,19.442684591003967,0.0,0.0,0.0,0.0,0.03,0.0,0.0033333333333333335,0.013333333333333334,0.0,0.0,0.0,0.0,0.0,0.0,0.0,0.0,0.01,0.0,0.0,1.5607838637716922,0.49999999999999994,-0.8660254037844387
window-agent3,2024-12-22 10:45:00+00:00,17,7,0,2,1,22-December.csv,0,0,0,0,5,0,0,1,0,1,0,0,0,0,0,0,1,0,0,7,0,18.097,41.500835726524826,0.0,0.0,0.0,0.0,0.016666666666666666,0.0,0.0,0.0033333333333333335,0.0,0.0033333333333333335,0.0,0.0,0.0,0.0,0.0,0.0,0.0033333333333333335,0.0,0.0,2.293243947976174,0.49999999999999994,-0.8660254037844387
window-agent3,2024-12-22 11:00:00+00:00,12,4,0,7,1,22-December.csv,2,0,0,0,0,0,2,6,0,0,0,0,0,0,0,0,6,0,0,4,0,30.87366666666667,48.021149027056694,0.006666666666666667,0.0,0.0,0.0,0.0,0.0,0.006666666666666667,0.02,0.0,0.0,0.0,0.0,0.0,0.0,0.0,0.0,0.02,0.0,0.0,1.5554080292932497,0.258819045102521,-0.9659258262890682
window-agent3,2024-12-22 11:05:00+00:00,39,6,0,10,1,22-December.csv,3,0,0,0,0,0,0,9,0,0,0,0,0,0,0,0,9,0,0,6,0,8.63374358974359,17.688858854208277,0.01,0.0,0.0,0.0,0.0,0.0,0.0,0.03,0.0,0.0,0.0,0.0,0.0,0.0,0.0,0.0,0.03,0.0,0.0,2.0488052106645447,0.258819045102521,-0.9659258262890682
window-agent3,2024-12-22 12:35:00+00:00,69,11,0,2,1,22-December.csv,29,0,0,0,13,0,1,1,0,0,0,0,0,0,0,0,0,0,0,11,0,55.69752173913044,444.2718674278308,0.09666666666666666,0.0,0.0,0.0,0.043333333333333335,0.0,0.0033333333333333335,0.0033333333333333335,0.0,0.0,0.0,0.0,0.0,0.0,0.0,0.0,0.0,0.0,0.0,7.976510508109492,1.2246467991473532e-16,-1.0
window-agent3,2024-12-22 12:40:00+00:00,8,6,0,1,1,22-December.csv,1,0,0,0,4,0,0,0,0,0,0,0,0,1,1,0,0,0,0,6,0,13.888625,18.584204290875626,0.0033333333333333335,0.0,0.0,0.0,0.013333333333333334,0.0,0.0,0.0,0.0,0.0,0.0,0.0,0.0,0.0033333333333333335,0.0033333333333333335,0.0,0.0,0.0,0.0,1.3380881326175649,1.2246467991473532e-16,-1.0
window-agent3,2024-12-22 12:45:00+00:00,5,4,0,1,1,22-December.csv,0,0,0,0,3,0,0,0,0,0,0,0,0,0,0,0,0,0,0,4,0,80.6466,139.34581247673,0.0,0.0,0.0,0.0,0.01,0.0,0.0,0.0,0.0,0.0,0.0,0.0,0.0,0.0,0.0,0.0,0.0,0.0,0.0,1.7278572497381166,1.2246467991473532e-16,-1.0
window-agent3,2024-12-22 12:50:00+00:00,45,10,0,1,1,22-December.csv,1,0,0,0,10,0,0,0,20,0,0,0,0,0,0,0,0,20,0,10,0,8.905533333333333,25.70034412716191,0.0033333333333333335,0.0,0.0,0.0,0.03333333333333333,0.0,0.0,0.0,0.06666666666666667,0.0,0.0,0.0,0.0,0.0,0.0,0.0,0.0,0.06666666666666667,0.0,2.885884894840127,1.2246467991473532e-16,-1.0
window-agent3,2024-12-22 13:00:00+00:00,7,5,0,1,1,22-December.csv,0,0,0,0,4,0,0,0,0,0,0,0,0,0,0,0,0,0,0,5,0,48.42628571428572,53.19240350436732,0.0,0.0,0.0,0.0,0.013333333333333334,0.0,0.0,0.0,0.0,0.0,0.0,0.0,0.0,0.0,0.0,0.0,0.0,0.0,0.0,1.098420056789026,-0.2588190451025208,-0.9659258262890683
window-agent3,2024-12-22 13:15:00+00:00,4,3,0,1,1,22-December.csv,0,0,0,0,2,0,0,0,0,0,0,0,0,0,0,0,0,0,0,3,0,73.244,118.90706574744273,0.0,0.0,0.0,0.0,0.006666666666666667,0.0,0.0,0.0,0.0,0.0,0.0,0.0,0.0,0.0,0.0,0.0,0.0,0.0,0.0,1.6234376296685424,-0.2588190451025208,-0.9659258262890683
window-agent3,2024-12-22 13:20:00+00:00,2,1,0,1,1,22-December.csv,0,0,0,0,0,0,1,0,0,0,0,0,0,0,0,0,0,0,0,1,0,263.76550000000003,308.4689693316007,0.0,0.0,0.0,0.0,0.0,0.0,0.0033333333333333335,0.0,0.0,0.0,0.0,0.0,0.0,0.0,0.0,0.0,0.0,0.0,0.0,1.169481866777879,-0.2588190451025208,-0.9659258262890683
window-agent3,2024-12-22 13:25:00+00:00,4,3,0,1,1,22-December.csv,0,0,0,0,2,0,0,0,0,0,0,0,0,0,0,0,0,0,0,3,0,68.44825,116.41464182932489,0.0,0.0,0.0,0.0,0.006666666666666667,0.0,0.0,0.0,0.0,0.0,0.0,0.0,0.0,0.0,0.0,0.0,0.0,0.0,0.0,1.7007687096357451,-0.2588190451025208,-0.9659258262890683
window-agent3,2024-12-22 13:50:00+00:00,6,4,0,1,1,22-December.csv,0,0,0,0,3,0,1,0,0,0,0,0,0,0,0,0,0,0,0,4,0,153.20216666666667,258.48190878080163,0.0,0.0,0.0,0.0,0.01,0.0,0.0033333333333333335,0.0,0.0,0.0,0.0,0.0,0.0,0.0,0.0,0.0,0.0,0.0,0.0,1.6871948641770838,-0.2588190451025208,-0.9659258262890683
window-agent3,2024-12-22 14:00:00+00:00,8,4,0,1,1,22-December.csv,0,0,0,0,3,0,0,0,0,0,0,0,0,0,0,0,0,0,0,4,0,17.79625,29.427466852536643,0.0,0.0,0.0,0.0,0.01,0.0,0.0,0.0,0.0,0.0,0.0,0.0,0.0,0.0,0.0,0.0,0.0,0.0,0.0,1.6535768407690745,-0.4999999999999997,-0.8660254037844388
window-agent3,2024-12-22 14:20:00+00:00,2,1,0,1,1,22-December.csv,0,0,0,0,0,0,1,0,0,0,0,0,0,0,0,0,0,0,0,1,0,150.237,14.108194498233994,0.0,0.0,0.0,0.0,0.0,0.0,0.0033333333333333335,0.0,0.0,0.0,0.0,0.0,0.0,0.0,0.0,0.0,0.0,0.0,0.0,0.09390625810042795,-0.4999999999999997,-0.8660254037844388
window-agent3,2024-12-22 14:25:00+00:00,7,3,0,1,1,22-December.csv,0,0,0,0,4,0,0,0,0,0,0,0,0,0,0,0,0,0,0,3,0,45.658,56.1095902468256,0.0,0.0,0.0,0.0,0.013333333333333334,0.0,0.0,0.0,0.0,0.0,0.0,0.0,0.0,0.0,0.0,0.0,0.0,0.0,0.0,1.2289103825578342,-0.4999999999999997,-0.8660254037844388
window-agent3,2024-12-22 14:30:00+00:00,4,2,0,1,1,22-December.csv,0,0,0,0,1,0,0,0,0,0,0,0,0,0,0,0,0,0,0,2,0,74.42725,87.94992846074408,0.0,0.0,0.0,0.0,0.0033333333333333335,0.0,0.0,0.0,0.0,0.0,0.0,0.0,0.0,0.0,0.0,0.0,0.0,0.0,0.0,1.1816898845616903,-0.4999999999999997,-0.8660254037844388
